file_name,url,file_size,file_size_kilobytes,last_modified_date,author,subject,keywords,creation_date,producer,number_of_pages,number_of_tables,number_of_images,version,source,text_around_link,predicted_category,predicted_category_confidence
2025 Capitol Hill Accessibility Guide,https://ada.georgia.gov/document/publication/2025-capitol-hill-accessibility-guide/download,11.3MB,11575.3193359375,2024-12-02 16:05:02,State ADA Coordinator's Office,,,2022-12-20 12:00:01,Adobe PDF Library 16.0.3,12,1,20,PDF 1.6,"['https://ada.georgia.gov', 'https://ada.georgia.gov#main-content', 'https://ada.georgia.gov/helpful-resources/mobility-and-accommodations/accessibility-capitol-hill', 'https://ada.georgia.gov/helpful-resources/mobility-and-accommodations/accessibility-capitol-hill#main-content']","['2025\xa0Capitol Hill Accessibility Guide', 'Download\xa0the Guide']",Brochure,0.6678515076637268
State ADA Coordinator's Office ADA Notice,https://ada.georgia.gov/media/2001/download,115.8KB,115.845703125,2021-07-08 12:00:06,State ADA Coordinator's Office,,,2021-04-06 16:05:01,Adobe PDF Library 21.1.177,1,0,0,PDF 1.6,"['https://ada.georgia.gov/about-us', 'https://ada.georgia.gov/about-us/mission-purpose-and-website-accessibility', 'https://ada.georgia.gov/about-us#main-content', 'https://ada.georgia.gov/about-us/mission-purpose-and-website-accessibility#main-content']","['State\n \nADA Coordinator’s Office’s ADA Public Notice', 'ADA\n \nNotice']",Notice,0.8788905739784241
State ADA Coordinator's Office ADA Grievance Procedure,https://ada.georgia.gov/media/2006/download,298.1KB,298.1494140625,2021-07-08 12:01:08,State ADA Coordinator's Office,,,2021-04-22 16:01:01,Adobe PDF Library 21.1.181,2,0,0,PDF 1.6,"['https://ada.georgia.gov/about-us', 'https://ada.georgia.gov/about-us/mission-purpose-and-website-accessibility', 'https://ada.georgia.gov/about-us#main-content', 'https://ada.georgia.gov/about-us/mission-purpose-and-website-accessibility#main-content']","['State\n \nADA Coordinator’s Office’s ADA Grievance Procedure', 'ADA\n \nGrievance Procedure']",Brochure,0.6912765502929688
Americans with Disabilities Act: Title II Regulations,https://archive.ada.gov/regs2010/titleII_2010/titleII_2010_regulations.pdf,1.1MB,1075.505859375,2017-10-27 11:03:09,U.S. Department of Justice,,,2011-03-28 14:02:00,Adobe PDF Library 9.9,217,3,0,PDF 1.6,"['https://ada.georgia.gov/about-us/law', 'https://ada.georgia.gov/about-us/law#main-content']",['PDF'],Report,0.6340270638465881
State ADA Coordinator's Office ADA Notice,https://ada.georgia.gov/document/document/state-ada-coordinators-office-ada-notice-9820/download,115.8KB,115.845703125,2021-07-08 12:00:06,State ADA Coordinator's Office,,,2021-04-06 16:05:01,Adobe PDF Library 21.1.177,1,0,0,PDF 1.6,"['https://ada.georgia.gov/faq-regarding-our-office', 'https://ada.georgia.gov/ada-and-state-government#main-content', 'https://ada.georgia.gov/ada-and-state-government', 'https://ada.georgia.gov/faq-regarding-our-office#main-content']","['State\xa0ADA Coordinators Office ADA Notice 4-2021', ""State\xa0ADA Coordinator's Office's ADA Notice.pdf""]",Notice,0.9231747388839722
State ADA Coordinator's Office ADA Grievance Procedure,https://ada.georgia.gov/document/publication/gsfic-ada-grievance-policy-procedurepdf/download,298.1KB,298.1494140625,2021-07-08 12:01:08,State ADA Coordinator's Office,,,2021-04-22 16:01:01,Adobe PDF Library 21.1.181,2,0,0,PDF 1.6,"['https://ada.georgia.gov/faq-regarding-our-office', 'https://ada.georgia.gov/ada-and-state-government#main-content', 'https://ada.georgia.gov/ada-and-state-government', 'https://ada.georgia.gov/faq-regarding-our-office#main-content']","[""State\xa0ADA Coordinator's Office's ADA Grievance Procedure"", ""State\xa0ADA Coordinator's Office's ADA Grievance Procedure.pdf""]",Brochure,0.668759286403656
A Meaningful Opportunity to Participate: A Mental Illness and Cognitive Disabilities Companion Guide,https://ada.georgia.gov/document/publication/meaningful-opportunity-participate-mental-health-supplement/download,334.0KB,333.9755859375,2021-06-21 20:00:06,Administrative Office of the Courts,,,2018-06-14 11:05:05,ABBYY FineReader 9.0 Professional Edition; modified using iText® 5.2.1 ©2000-2012 1T3XT BVBA,23,0,3,PDF 1.5,"['https://ada.georgia.gov/publications', 'https://ada.georgia.gov/publications#main-content']",['A\n \nMeaningful Opportunity to Participate - Mental Health Supplement'],Slides,0.28969335556030273
Interacting Guide for State of Georgia Employees,https://ada.georgia.gov/document/publication/best-practices-when-interacting-persons-disabilities-2019-updated/download,5.5MB,5606.6123046875,2020-03-18 14:01:02,State ADA Coordinator's Office,,,2020-03-03 19:05:04,Acrobat Distiller 9.0.0 (Windows),32,0,16,PDF 1.6,"['https://ada.georgia.gov/publications', 'https://ada.georgia.gov/publications#main-content']",['Best\n \nPractices when Interacting with Persons with Disabilities'],Report,0.4883142113685608
2024 Capitol Hill Accessibility Guide,https://ada.georgia.gov/media/2351/download,11.3MB,11595.9306640625,2024-01-25 16:01:05,State ADA Coordinator's Office,,,2022-12-20 12:00:01,Adobe PDF Library 16.0.3,12,1,20,PDF 1.6,"['https://ada.georgia.gov/publications', 'https://ada.georgia.gov/publications#main-content']",['2024\xa0Capitol\n \nHill Accessibility Guide for Visitors with Disabilities'],Brochure,0.7125006914138794
download,https://ada.georgia.gov/document/publication/emergency-preparedness-planning-individuals-access-and-functional-needs/download,4.6MB,4660.0771484375,2013-08-07 10:01:07,,,,2013-06-26 09:00:02,Adobe PDF Library 9.9,2,0,6,PDF 1.5,"['https://ada.georgia.gov/publications', 'https://ada.georgia.gov/publications#main-content']",['Emergency\n \nPreparedness Planning for Individuals with Access and Functional Needs'],Brochure,0.8143811821937561
Judge's Guide to Mental Illness in the Court Room-Bench Card,https://ada.georgia.gov/document/publication/judges-guide-mental-illness-bench-card/download,148.2KB,148.19921875,2021-04-30 17:03:08,AOC,,,2018-02-12 15:02:00,Prinect Printready; modified using iText® 5.2.1 ©2000-2012 1T3XT BVBA,2,2,5,PDF 1.5,"['https://ada.georgia.gov/publications', 'https://ada.georgia.gov/publications#main-content']",['Judge’s\n \nGuide to Mental Illness in the Courtroom - Bench Card'],Brochure,0.6427590847015381
TIPS Guide for First Responders,https://ada.georgia.gov/media/2356/download,2.1MB,2157.66796875,2024-01-29 16:03:09,State ADA Coordinator's Office,,,2023-12-11 10:01:06,Adobe PDF Library 17.0,34,13,10,PDF 1.6,"['https://ada.georgia.gov/publications', 'https://ada.georgia.gov/publications#main-content']",['TIPS\n \nGuide for First Responders'],Slides,0.31690725684165955
download,https://ada.georgia.gov/document/publication/working-deaf-or-hard-hearing-individuals-and-sign-language-interpreters/download,84.6KB,84.5703125,2021-06-21 19:03:00,,,,2016-10-25 09:05:06,Adobe PDF Library 15.0,2,1,0,PDF 1.5,"['https://ada.georgia.gov/publications', 'https://ada.georgia.gov/publications#main-content']",['Working\n \nwith Deaf or Hard of Hearing Persons and Sign Language Interpreters in the Courtroom'],Policy,0.2566949725151062
MV_Disabled_Persons_Parking_Affidavit_Form_MV9D.pdf,https://dor.georgia.gov/sites/dor.georgia.gov/files/related_files/document/MVD/Form/MV_Disabled_Persons_Parking_Affidavit_Form_MV9D.pdf,256.6KB,256.572265625,2019-01-08 10:00:08,Shayla Moultrie,,,2019-01-03 15:00:05,Adobe PDF Library 19.10.96,2,9,4,PDF 1.6,"['https://ada.georgia.gov/faq-regarding-other-disability-related-matters', 'https://ada.georgia.gov/faq-regarding-other-disability-related-matters#main-content']",['Georgia Department of Revenue through either their website'],Form,0.8570933938026428
Sign Language and CART Interpreting Companies,https://ada.georgia.gov/media/1991/download,189.3KB,189.3193359375,2021-06-18 16:00:08,State ADA Coordinator's Office,,,2021-06-18 15:02:04,Adobe PDF Library 21.5.80,1,1,0,PDF 1.6,"['https://ada.georgia.gov/faq-regarding-other-disability-related-matters', 'https://ada.georgia.gov/faq-regarding-other-disability-related-matters#main-content']",['Sign\xa0Language Interpreting Companies Servicing Georgia - Accessible PDF.pdf'],Brochure,0.34608787298202515
WC_COVID-19-Precautions.pdf,https://aahd.us/wp-content/uploads/2020/04/WC_COVID-19-Precautions.pdf,896.6KB,896.6455078125,2020-03-27 07:04:06,,,,2020-03-27 07:04:06,Adobe PDF Library 9.9,3,0,4,PDF 1.7,"['https://ada.georgia.gov/covid-19-resources#main-content', 'https://ada.georgia.gov/covid-19-resources']",['Wheelchair and Assistive Technology Users Precautions for COVID-19'],Brochure,0.8259702920913696
DREDF Know Your Rights COVID-19 03-27-2020 English-Spanish,https://www.aahd.us/wp-content/uploads/2020/04/DREDF-Know-Your-Rights-COVID-19_English-Spanish.pdf,203.9KB,203.875,2020-03-28 17:00:06,DREDF,,,2020-03-28 17:04:01,macOS Version 10.14.6 (Build 18G3020) Quartz PDFContext,1,0,1,PDF 1.4,"['https://ada.georgia.gov/covid-19-resources#main-content', 'https://ada.georgia.gov/covid-19-resources']",['Know Your Rights to Medical Care – COVID-19 (English/Spanish)'],Brochure,0.8211597204208374
DREDF Know Your Rights COVID-19 03-27-2020 English-Chinese,https://www.aahd.us/wp-content/uploads/2020/04/DREDF-Know-Your-Rights-COVID-19_English-Chinese.pdf,266.0KB,266.0361328125,2020-03-28 17:00:06,DREDF,,,2020-03-28 01:03:01,macOS Version 10.14.6 (Build 18G3020) Quartz PDFContext,1,0,1,PDF 1.4,"['https://ada.georgia.gov/covid-19-resources#main-content', 'https://ada.georgia.gov/covid-19-resources']",['Know Your Rights to Medical Care – COVID-19 (English/Chinese)'],Brochure,0.6177935600280762
Plain-Language-Information-on-Coronavirus.pdf,https://www.aahd.us/wp-content/uploads/2020/04/Plain-Language-Information-on-Coronavirus.pdf,658.9KB,658.88671875,2020-03-14 00:03:02,Karen,,,2020-03-14 00:03:02,Microsoft® Word for Office 365,8,0,34,PDF 1.7,"['https://ada.georgia.gov/covid-19-resources#main-content', 'https://ada.georgia.gov/covid-19-resources']",['Plain Language Fact Sheet on COVID-19'],Policy,0.2504505515098572
ocr-bulletin-3-28-20.pdf,https://www.aahd.us/wp-content/uploads/2020/04/ocr-bulletin-3-28-20.pdf,922.0KB,922.0458984375,2020-03-27 21:04:00,,,,2020-03-27 21:04:00,,6,1,1,PDF 1.5,"['https://ada.georgia.gov/covid-19-resources#main-content', 'https://ada.georgia.gov/covid-19-resources']","['Civil Rights, HIPAA, and the Coronavirus Disease 2019']",Policy,0.2973978519439697
Protect Yourself AVOID COVID-19 Vaccine Scams,https://oig.hhs.gov/coronavirus/vaccine-scams2020.pdf,412.9KB,412.912109375,2020-12-18 10:04:07,HHS-OIG,,,2020-12-17 12:05:07,Adobe Acrobat Pro 2017 17 Paper Capture Plug-in,1,0,4,PDF 1.6,"['https://ada.georgia.gov/covid-19-resources#main-content', 'https://ada.georgia.gov/covid-19-resources']",['Protect Yourself: Avoid COVID-19 Vaccine Scams'],Diagram,0.739960789680481
IDA_recommendations-covid19-response.pdf,https://www.aahd.us/wp-content/uploads/2020/04/IDA_recommendations-covid19-response.pdf,153.7KB,153.712890625,2020-03-18 19:04:00,Elham Youssefian,,,2020-03-18 19:04:00,,5,2,0,PDF 1.7,"['https://ada.georgia.gov/covid-19-resources#main-content', 'https://ada.georgia.gov/covid-19-resources']",['10 Recommendations toward a Disability-Inclusive COVID19 Response'],Policy,0.44223999977111816
nami-covid-guide,https://www.aahd.us/wp-content/uploads/2020/04/NAMI_COVID-19-Updated-Guide.pdf,894.4KB,894.41796875,2020-04-05 16:00:09,,,,2020-04-05 16:00:09,Adobe Acrobat Pro DC 20.6.20042,22,7,25,PDF 1.6,"['https://ada.georgia.gov/covid-19-resources#main-content', 'https://ada.georgia.gov/covid-19-resources']",['COVID-19 Resource and Information Guide'],Brochure,0.4407752454280853
COVID-19-Vaccine-Information-in-Plain-Language.pdf,https://selfadvocacyinfo.org/wp-content/uploads/2020/12/COVID-19-Vaccine-Information-in-Plain-Language.pdf,618.6KB,618.5634765625,2020-12-16 13:05:08,Karen,,,2020-12-16 13:05:08,Microsoft® Word for Microsoft 365,4,5,13,PDF 1.7,"['https://ada.georgia.gov/covid-19-resources#main-content', 'https://ada.georgia.gov/covid-19-resources']",['COVID-19 Vaccine Information in Plain Language'],Brochure,0.6608560085296631
COVID-19_Form.pdf,https://www.aahd.us/wp-content/uploads/2020/04/COVID-19_Form.pdf,38.0KB,37.9599609375,2020-04-01 14:02:02,,,,2020-04-01 11:02:06,Adobe PDF Library 15.0,2,2,0,PDF 1.6,"['https://ada.georgia.gov/covid-19-resources#main-content', 'https://ada.georgia.gov/covid-19-resources']",['COVID-19 Disability Form'],Form,0.9937180280685425
Supporting-Individuals-with-Autism.pdf,https://www.aahd.us/wp-content/uploads/2020/04/Supporting-Individuals-with-Autism.pdf,3.7MB,3762.3232421875,2020-03-20 10:02:04,UNC FPG Child Development Institute Autism Team,,,2020-03-19 14:05:03,Adobe PDF Library 20.6.74,60,87,148,PDF 1.6,"['https://ada.georgia.gov/covid-19-resources#main-content', 'https://ada.georgia.gov/covid-19-resources']",['Supporting Individuals with Autism through Uncertain Times'],Report,0.7131274342536926
download,https://ada.georgia.gov/document/document/sign-language-interpreting-companies-servicing-georgia/download,183.0KB,183.021484375,2024-03-19 12:04:07,"Tucker, Barbara",,,2024-02-29 14:04:05,Adobe PDF Library 23.8.75,1,1,0,PDF 1.6,"['https://ada.georgia.gov/helpful-resources/health-and-wellness/deaf-hard-hearing-or-hearing-disabilities', 'https://ada.georgia.gov/helpful-resources/health-and-wellness/deaf-hard-hearing-or-hearing-disabilities#main-content']",['Sign\xa0Language Interpreting Companies Servicing Georgia'],Brochure,0.3393791615962982
F:\drawings\capitol hill maps\HILL-MAP XREF BASE Model (1),https://ada.georgia.gov/document/form/capitol-hill-map/download,19.3MB,19766.4228515625,2020-01-21 09:03:07,cmccracken,,,2018-11-26 13:01:08,Adobe Photoshop for Macintosh -- Image Conversion Plug-in,1,0,1,PDF 1.4,"['https://ada.georgia.gov/about-us/directions-transportation/directions#main-content', 'https://ada.georgia.gov/about-us/directions-transportation/directions']",['Capitol\xa0Hill Map'],Diagram,0.9873222708702087
F:\drawings\capitol hill maps\HILL-MAP XREF BASE Model (1),https://ada.georgia.gov/document/publication/84003895publicparkingmappdf/download,15.1MB,15467.6884765625,2020-02-20 21:04:04,cmccracken,,,2018-11-26 13:01:08,Adobe Photoshop for Windows -- Image Conversion Plug-in,1,0,25,PDF 1.4,"['https://ada.georgia.gov/about-us/directions-transportation/public-parking', 'https://ada.georgia.gov/about-us/directions-transportation/public-parking#main-content']",['Public\xa0Parking Map (GBA)'],Diagram,0.9846637845039368
PowerPoint Presentation,https://ada.georgia.gov/document/document/ada-legal-updates-2023-review/download,279.9KB,279.861328125,2024-06-03 07:03:07,Rae Schindler,,,2024-06-03 07:03:07,Adobe PDF Library 24.2.23,44,7,0,PDF 1.6,"['https://ada.georgia.gov/programs-services-initiatives/training/2024-virtual-conference-presentations', 'https://ada.georgia.gov/programs-services-initiatives/training/2024-virtual-conference-presentations#main-content']",['ADA\xa0Legal Updates: 2023 in Review'],Slides,0.9919993281364441
Building an ADA Team; Developing an ADA Action Plan - ADA Conference for State and Local Governments 2024 - Cheryl Ann Frazier - Building your ADA Team and Creating Your ADA Action Plan - 2024,https://ada.georgia.gov/document/document/building-ada-team-developing-ada-action-plan/download,4.1MB,4164.462890625,2024-05-31 12:02:03,Cheryl Ann Frazier,,,2024-05-31 12:02:03,Microsoft® PowerPoint® for Microsoft 365,67,0,105,PDF 1.7,"['https://ada.georgia.gov/programs-services-initiatives/training/2024-virtual-conference-presentations', 'https://ada.georgia.gov/programs-services-initiatives/training/2024-virtual-conference-presentations#main-content']",['Building\xa0an ADA Team: Developing an ADA Action Plan'],Report,0.9731947779655457
PowerPoint Presentation,https://ada.georgia.gov/document/document/understanding-pedestrian-right-way-accessibility-guidelines/download,7.9MB,8065.7685546875,2024-06-03 07:03:08,"Hall-McDowell, Donna",,,2024-06-03 07:03:08,Adobe PDF Library 24.2.23,52,0,139,PDF 1.6,"['https://ada.georgia.gov/programs-services-initiatives/training/2024-virtual-conference-presentations', 'https://ada.georgia.gov/programs-services-initiatives/training/2024-virtual-conference-presentations#main-content']",['Understanding\xa0the Pedestrian Right-of-Way Accessibility Guidelines'],Slides,0.993873119354248
"ADA & Beyond Compliance Considerations: Medical Documentation January 11, 2024",https://ada.georgia.gov/document/document/ada-title-i-reasonable-accommodations-and-interactive-process/download,3.1MB,3199.5615234375,2024-06-03 07:03:09,Tracie DeFreitas,,,2024-06-03 07:03:09,Adobe PDF Library 24.2.23,48,7,261,PDF 1.6,"['https://ada.georgia.gov/programs-services-initiatives/training/2024-virtual-conference-presentations', 'https://ada.georgia.gov/programs-services-initiatives/training/2024-virtual-conference-presentations#main-content']",['ADA\xa0Title I: Reasonable Accommodations and The Interactive Process'],Report,0.624428391456604
Maintaining Equal Access During a Pandemic:,https://ada.georgia.gov/document/document/importance-hiring-and-valuing-individuals-lived-disability-experience/download,5.2MB,5304.7236328125,2024-06-03 07:03:09,Cheryl Ann Frazier,,,2024-06-03 07:03:09,Adobe PDF Library 24.2.23,29,19,60,PDF 1.6,"['https://ada.georgia.gov/programs-services-initiatives/training/2024-virtual-conference-presentations', 'https://ada.georgia.gov/programs-services-initiatives/training/2024-virtual-conference-presentations#main-content']",['The\xa0Importance of Hiring and Valuing Individuals with Lived Disability Experience'],Slides,0.5490226149559021
"Disability Rights are Civil Rights: Tips for Navigating the Intersections Between ADA/Section 504, Title IX, and Title VI Obligations",https://ada.georgia.gov/document/document/disability-rights-are-civil-rights/download,896.4KB,896.3896484375,2024-06-03 07:04:00,,,,2024-06-03 07:04:00,Adobe PDF Library 24.2.23,41,0,7,PDF 1.6,"['https://ada.georgia.gov/programs-services-initiatives/training/2024-virtual-conference-presentations', 'https://ada.georgia.gov/programs-services-initiatives/training/2024-virtual-conference-presentations#main-content']",['Disability\xa0Rights are Civil Rights'],Report,0.6461983919143677
Presentation Title,https://ada.georgia.gov/document/document/artificial-intelligence-hype-and-help-people/download,2.0MB,2039.08984375,2024-06-06 16:00:08,"Toles, John",,,2024-06-06 16:00:08,Adobe PDF Library 24.2.23,53,0,81,PDF 1.6,"['https://ada.georgia.gov/programs-services-initiatives/training/2024-virtual-conference-presentations', 'https://ada.georgia.gov/programs-services-initiatives/training/2024-virtual-conference-presentations#main-content']",['Artificial\xa0Intelligence: The Hype and Help for People'],Slides,0.9685332775115967
Slide 1,https://ada.georgia.gov/document/document/ensuring-effective-communications/download,350.9KB,350.8525390625,2024-06-03 07:04:01,"Tucker, Barbara",,,2024-06-03 07:04:01,Adobe PDF Library 24.2.23,60,0,2,PDF 1.6,"['https://ada.georgia.gov/programs-services-initiatives/training/2024-virtual-conference-presentations', 'https://ada.georgia.gov/programs-services-initiatives/training/2024-virtual-conference-presentations#main-content']",['Ensuring\xa0Effective Communications'],Report,0.5293000936508179
FEMA PowerPoint Template,https://ada.georgia.gov/document/document/inclusive-emergency-management/download,10.7MB,10977.5615234375,2023-04-07 16:00:02,FEMA External Affairs,,,2023-04-07 16:00:02,Adobe PDF Library 22.3.86,37,2,68,PDF 1.6,"['https://ada.georgia.gov/programs-services-initiatives/training/2023-virtual-conference-presentations', 'https://ada.georgia.gov/programs-services-initiatives/training/2023-virtual-conference-presentations#main-content']",['Inclusive\xa0Emergency Management'],Slides,0.5614256858825684
The ADA Title I Interactive Process and Reasonable Accommodations,https://ada.georgia.gov/document/document/ada-title-i-interactive-process/download,395.6KB,395.6181640625,2023-04-12 13:01:05,"Goldberg, DeFreitas",,,2023-03-23 14:02:09,Microsoft® PowerPoint® for Microsoft 365,49,2,5,PDF 1.7,"['https://ada.georgia.gov/programs-services-initiatives/training/2023-virtual-conference-presentations', 'https://ada.georgia.gov/programs-services-initiatives/training/2023-virtual-conference-presentations#main-content']",['The\xa0ADA Title I Interactive Process'],Report,0.5822029113769531
Zoom Accessibility Features,https://ada.georgia.gov/document/document/digital-accessibility-initiatives-and-legal-landscape/download,2.7MB,2788.6181640625,2023-03-21 14:02:07,Liz Persaud,,,2023-03-21 14:02:07,Adobe PDF Library 21.1.177,53,0,90,PDF 1.6,"['https://ada.georgia.gov/programs-services-initiatives/training/2023-virtual-conference-presentations', 'https://ada.georgia.gov/programs-services-initiatives/training/2023-virtual-conference-presentations#main-content']",['Digital\xa0Accessibility Initiatives and the Legal Landscape'],Report,0.5332455635070801
ADA Congressional Findings and Purpose in 42 U.S.C. § 12101: Accommodating People with Mental Health Conditions and Developmental Disabilities,https://ada.georgia.gov/document/document/ada-congressional-findings/download,5.1MB,5207.9833984375,2023-04-12 12:02:09,Wells,,,2023-03-23 14:05:09,Microsoft® PowerPoint® for Microsoft 365,29,2,32,PDF 1.7,"['https://ada.georgia.gov/programs-services-initiatives/training/2023-virtual-conference-presentations', 'https://ada.georgia.gov/programs-services-initiatives/training/2023-virtual-conference-presentations#main-content']",['ADA\xa0Congressional Findings'],Slides,0.5115706920623779
ADA Legal Updates: 2022: Year in Review,https://ada.georgia.gov/document/document/ada-legal-updates-2022-year-review/download,450.7KB,450.6591796875,2023-04-11 14:02:05,"Taylor, Weisberg",,,2023-03-23 17:03:08,Microsoft® PowerPoint® for Microsoft 365,44,4,45,PDF 1.7,"['https://ada.georgia.gov/programs-services-initiatives/training/2023-virtual-conference-presentations', 'https://ada.georgia.gov/programs-services-initiatives/training/2023-virtual-conference-presentations#main-content']",['ADA\xa0Legal Updates 2022 Year in Review'],Report,0.6453320384025574
ADA Accessibility Rules for  Alterations and  Program Access in  Existing Facilities,https://ada.georgia.gov/document/document/ada-accessibility-rule-alterations-and-program-access/download,4.0MB,4078.82421875,2023-04-14 11:00:08,Terry,,,2023-04-13 08:00:06,Microsoft® PowerPoint® for Office 365,53,1,46,PDF 1.7,"['https://ada.georgia.gov/programs-services-initiatives/training/2023-virtual-conference-presentations', 'https://ada.georgia.gov/programs-services-initiatives/training/2023-virtual-conference-presentations#main-content']",['ADA\xa0Accessibility Rule for Alterations and Program Access'],Report,0.6432916522026062
Role and Responsibilities of an ADA Coordinator,https://ada.georgia.gov/document/document/role-and-responsibilities-ada-coordinator/download,397.9KB,397.8896484375,2023-04-12 13:01:00,"Ducatt, Nelson",,,2023-03-24 12:05:03,Microsoft® PowerPoint® for Microsoft 365,16,0,36,PDF 1.7,"['https://ada.georgia.gov/programs-services-initiatives/training/2023-virtual-conference-presentations', 'https://ada.georgia.gov/programs-services-initiatives/training/2023-virtual-conference-presentations#main-content']",['Role\xa0and Responsibilities of an ADA Coordinator'],Report,0.24146844446659088
"ADA Title II and Title III: Modification of Policies, Procedures, and Practices",https://ada.georgia.gov/document/document/ada-title-ii-and-title-iii-modification-policies/download,459.3KB,459.3017578125,2023-04-12 12:04:06,Wodatch,,,2023-03-24 13:00:01,Microsoft® PowerPoint® for Microsoft 365,66,0,13,PDF 1.7,"['https://ada.georgia.gov/programs-services-initiatives/training/2023-virtual-conference-presentations', 'https://ada.georgia.gov/programs-services-initiatives/training/2023-virtual-conference-presentations#main-content']",['ADA\xa0Title II and Title III Modification of Policies'],Report,0.42135536670684814
Role Play Video Series: Confidentiality and Medical Information,https://ada.georgia.gov/document/document/reasonable-accommodation-pitfalls-and-best-practices/download,1.6MB,1594.83984375,2022-05-02 17:00:03,Tracie DeFreitas,,,2022-05-02 17:00:03,Adobe PDF Library 22.1.149,48,0,12,PDF 1.6,"['https://ada.georgia.gov/programs-services-initiatives/training/2022-conference-presentations#main-content', 'https://ada.georgia.gov/programs-services-initiatives/training/2022-conference-presentations']",['Reasonable\xa0Accommodation: Pitfalls and Best Practices'],Report,0.609277069568634
ADA Legal Updates: 2020 and 2021 in Review,https://ada.georgia.gov/document/document/ada-legal-updates-2020-and-2021-review/download,572.8KB,572.8203125,2022-04-06 18:01:03,"Taylor, Weisberg",,,2022-03-29 14:02:02,Adobe PDF Library 22.1.117,44,44,45,PDF 1.6,"['https://ada.georgia.gov/programs-services-initiatives/training/2022-conference-presentations#main-content', 'https://ada.georgia.gov/programs-services-initiatives/training/2022-conference-presentations']",['ADA\xa0Legal Updates 2020 and 2021 in Review'],Report,0.5761950612068176
Handling ADA Complaints and Grievances,https://ada.georgia.gov/document/document/handling-ada-complaints-and-grievances/download,2.4MB,2461.8505859375,2022-04-07 15:01:00,"Doucette, Gaston, Moody",,,2022-04-06 18:02:09,Adobe PDF Library 22.1.117,29,9,28,PDF 1.6,"['https://ada.georgia.gov/programs-services-initiatives/training/2022-conference-presentations#main-content', 'https://ada.georgia.gov/programs-services-initiatives/training/2022-conference-presentations']",['Handling\xa0ADA Complaints and Grievances'],Slides,0.49048471450805664
"Effective Communication Accommodations: Developmental, Mental Health, Cognitive, Hearing, Vision, and Speech Disabilities",https://ada.georgia.gov/document/document/effective-communication-accommodations/download,8.8MB,9037.7685546875,2022-04-06 16:04:08,Frazier,,,2022-03-29 14:01:02,Adobe PDF Library 22.1.117,26,3,40,PDF 1.6,"['https://ada.georgia.gov/programs-services-initiatives/training/2022-conference-presentations#main-content', 'https://ada.georgia.gov/programs-services-initiatives/training/2022-conference-presentations']",['Effective\xa0Communication Accommodations'],Slides,0.6241503953933716
Customized Employment as an Accommodation: The Economics of Citizens with Disabilities,https://ada.georgia.gov/document/document/customized-employment-accommodation/download,1.3MB,1312.859375,2022-04-22 15:05:04,Doug Crandell,,,2022-04-19 15:02:02,Adobe PDF Library 22.1.149,12,2,10,PDF 1.6,"['https://ada.georgia.gov/programs-services-initiatives/training/2022-conference-presentations#main-content', 'https://ada.georgia.gov/programs-services-initiatives/training/2022-conference-presentations']",['Customized\xa0Employment as an Accommodation: Employers’ Point of View'],Policy,0.5903869271278381
Self-Care for Service Providers,https://ada.georgia.gov/document/document/selfcare-service-providers/download,2.1MB,2181.392578125,2022-04-14 11:02:08,Spencer,,,2022-04-14 09:02:03,Adobe PDF Library 22.1.149,29,5,33,PDF 1.6,"['https://ada.georgia.gov/programs-services-initiatives/training/2022-conference-presentations#main-content', 'https://ada.georgia.gov/programs-services-initiatives/training/2022-conference-presentations']",['Self-Care\xa0for Service Providers'],Slides,0.5091447234153748
Presentation Title,https://ada.georgia.gov/document/document/digital-accessibility-beyond-compliance-toward-best-practice/download,4.7MB,4796.3994140625,2022-04-01 15:02:03,"Toles, John",,,2022-04-01 15:02:02,Adobe PDF Library 21.1.177,38,0,69,PDF 1.6,"['https://ada.georgia.gov/programs-services-initiatives/training/2022-conference-presentations#main-content', 'https://ada.georgia.gov/programs-services-initiatives/training/2022-conference-presentations']",['Digital\xa0Accessibility Beyond Compliance Toward Best Practice'],Slides,0.9875281453132629
The Essentials of Self-Evaluations and ADA Transition Plans,https://ada.georgia.gov/document/document/essentials-self-evaluations-and-ada/download,2.6MB,2655.46484375,2022-06-21 13:04:02,Terry,,,2022-06-01 15:00:02,Adobe PDF Library 22.1.149,92,0,64,PDF 1.7,"['https://ada.georgia.gov/programs-services-initiatives/training/2022-conference-presentations#main-content', 'https://ada.georgia.gov/programs-services-initiatives/training/2022-conference-presentations']",['The\xa0Essentials of Self Evaluations and ADA'],Report,0.43358662724494934
2021 Virtual ADA Conference: Title II Session,https://ada.georgia.gov/document/document/maintaining-equal-access-during-pandemic-mental-health-developmental-disabilities/download,10.1MB,10302.7578125,2021-07-20 16:04:01,"Frazier, Wells",,,2021-06-15 10:02:01,Adobe PDF Library 21.5.80,44,3,54,PDF 1.6,"['https://ada.georgia.gov/programs-services-initiatives/training/2021-conference-presentations', 'https://ada.georgia.gov/programs-services-initiatives/training/2021-conference-presentations#main-content']",['Maintaining\xa0Equal Access During a Pandemic'],Report,0.7832404375076294
2021 Virtual ADA Conference for State and Local Governments: Facilities Session,https://ada.georgia.gov/document/document/2010-ada-standards-accessible-design-and-georgias-legal-enforcement-built/download,4.5MB,4625.4140625,2021-07-20 15:04:09,"Jones, Botten",,,2021-06-15 10:03:08,Adobe PDF Library 21.5.80,85,1,91,PDF 1.6,"['https://ada.georgia.gov/programs-services-initiatives/training/2021-conference-presentations', 'https://ada.georgia.gov/programs-services-initiatives/training/2021-conference-presentations#main-content']",['2010\xa0ADA Standards for Accessible Design'],Report,0.7158254981040955
2021 Virtual ADA Conference: Title I Session,https://ada.georgia.gov/document/document/ada-title-i-intersection-covid-19-and-ada/download,3.8MB,3851.2373046875,2021-07-20 14:03:02,"Moody, Goldberg",,,2021-06-15 10:02:09,Adobe PDF Library 21.5.80,52,3,18,PDF 1.6,"['https://ada.georgia.gov/programs-services-initiatives/training/2021-conference-presentations', 'https://ada.georgia.gov/programs-services-initiatives/training/2021-conference-presentations#main-content']",['ADA\xa0Title I: The Intersection of COVID-19 and the ADA'],Report,0.6903177499771118
"ADA Standards, Part 1",https://ada.georgia.gov/document/document/ga-2010-standards-parts-1-2-2019/download,3.2MB,3294.33203125,2020-09-15 13:03:08,Beatty,,,2020-07-06 11:05:05,Adobe PDF Library 20.9.95,66,0,68,PDF 1.6,"['https://ada.georgia.gov/programs-services-initiatives/training/2019-conference-presentations', 'https://ada.georgia.gov/programs-services-initiatives/training/2019-conference-presentations#main-content']",['GA-2010\xa0Standards Part 1'],Report,0.6214283108711243
"ADA Standards, Part 2",https://ada.georgia.gov/document/document/ga-2010-standards-part-2/download,4.2MB,4258.3466796875,2020-09-15 13:04:01,Beatty,,,2020-05-26 17:01:07,Acrobat Distiller 20.0 (Windows),66,0,54,PDF 1.6,"['https://ada.georgia.gov/programs-services-initiatives/training/2019-conference-presentations', 'https://ada.georgia.gov/programs-services-initiatives/training/2019-conference-presentations#main-content']",['GA-2010\xa0Standards Part 2'],Report,0.7568932771682739
Applying the ADA Standards: Common Sources of Confusion and Errors,https://ada.georgia.gov/document/document/applying-ada-standards-common-sources-confusion-and-errors-03/download,4.9MB,4999.3564453125,2020-09-15 13:03:01,Jones,,,2020-07-06 11:03:02,Adobe PDF Library 20.9.95,78,1,92,PDF 1.6,"['https://ada.georgia.gov/programs-services-initiatives/training/2019-conference-presentations', 'https://ada.georgia.gov/programs-services-initiatives/training/2019-conference-presentations#main-content']",['Applying\xa0the ADA Standards &amp; Common Sources of Confusion and Errors 03'],Report,0.6590184569358826
ADA Conference Slides: Creating Accessible Content,https://ada.georgia.gov/document/document/creating-accessible-content/download,1.7MB,1754.28125,2020-05-12 11:02:09,valerie.morrison@design.gatech.edu,,,2020-05-12 11:02:09,Adobe PDF Library 15.0,30,0,54,PDF 1.5,"['https://ada.georgia.gov/programs-services-initiatives/training/2019-conference-presentations', 'https://ada.georgia.gov/programs-services-initiatives/training/2019-conference-presentations#main-content']",['Creating\xa0Accessible Content'],Report,0.4066114127635956
PowerPoint Presentation,https://ada.georgia.gov/document/document/ict-accessibility-and-accessga-overview/download,2.1MB,2120.3505859375,2020-05-12 11:03:01,"Zebrauskas, Raminta",,,2020-05-12 11:03:01,Adobe PDF Library 15.0,50,0,86,PDF 1.5,"['https://ada.georgia.gov/programs-services-initiatives/training/2019-conference-presentations', 'https://ada.georgia.gov/programs-services-initiatives/training/2019-conference-presentations#main-content']",['ICT Accessibility and AccessGA Overview'],Slides,0.9937385320663452
State ADA Presentation Oct 2019,https://ada.georgia.gov/document/document/options-and-best-practices-accessible-multimedia/download,3.3MB,3345.2373046875,2020-05-12 12:05:05,,,,2019-09-20 18:04:06,Mac OS X 10.13.6 Quartz PDFContext,29,0,22,PDF 1.4,"['https://ada.georgia.gov/programs-services-initiatives/training/2019-conference-presentations', 'https://ada.georgia.gov/programs-services-initiatives/training/2019-conference-presentations#main-content']",['Options and Best Practices for Accessible Multimedia'],Slides,0.991570234298706
Americans with Disabilities Act Update,https://ada.georgia.gov/document/document/american-disabilities-act-update-sessions-1-and-2/download,812.1KB,812.083984375,2020-05-12 11:02:07,JOYCE WALKER-JONES,,,2020-05-12 11:02:06,Adobe PDF Library 15.0,99,0,573,PDF 1.5,"['https://ada.georgia.gov/programs-services-initiatives/training/2019-conference-presentations', 'https://ada.georgia.gov/programs-services-initiatives/training/2019-conference-presentations#main-content']",['American\xa0with Disabilities Act Update - Sessions 1 and 2'],Report,0.5890178680419922
Slide 1,https://ada.georgia.gov/document/document/effective-communication/download,5.4MB,5501.94921875,2020-05-12 11:01:00,ckempton,,,2020-05-12 11:00:09,Adobe PDF Library 15.0,30,0,447,PDF 1.5,"['https://ada.georgia.gov/programs-services-initiatives/training/2019-conference-presentations', 'https://ada.georgia.gov/programs-services-initiatives/training/2019-conference-presentations#main-content']",['Effective\xa0Communication'],Slides,0.4944363534450531
"ADA Standards, Part 1 and Part 2",https://ada.georgia.gov/document/publication/ga-2010-standards-parts-1-2/download,5.3MB,5477.216796875,2021-02-02 09:01:07,State ADA Coordinator's Office,,,2020-05-12 13:01:00,Adobe PDF Library 15.0,132,0,123,PDF 1.6,"['https://ada.georgia.gov/training-presentations', 'https://ada.georgia.gov/training-presentations#main-content']",['GA-2010\xa0Standards Parts 1 and 2'],Report,0.6674557328224182
Practical Accessibility,https://ada.georgia.gov/document/publication/practical-accessibility-ga-government-facilities/download,3.8MB,3853.015625,2021-01-22 13:02:03,State ADA Coordinator's Office,,,2020-07-08 15:02:06,Adobe PDF Library 15.0,51,4,314,PDF 1.6,"['https://ada.georgia.gov/training-presentations', 'https://ada.georgia.gov/training-presentations#main-content']",['Practical\xa0Accessibility in GA Government Facilities'],Report,0.7701025605201721
AMAC PowerPoint  Template,https://ada.georgia.gov/document/document/what-does-accessibility-look-sound-and-feel/download,2.7MB,2770.982421875,2020-05-12 14:03:01,"Breaud, Michelle M",,,2020-05-12 14:03:00,Adobe PDF Library 15.0,48,0,110,PDF 1.5,"['https://ada.georgia.gov/training-presentations', 'https://ada.georgia.gov/training-presentations#main-content']","['What\xa0Does Accessibility Look, Sound and Feel Like']",Slides,0.34595122933387756
AMAC PowerPoint  Template,https://ada.georgia.gov/document/document/automated-and-manual-testing/download,1.2MB,1187.2431640625,2020-05-12 14:03:00,"Breaud, Michelle M",,,2020-05-12 14:02:09,Adobe PDF Library 15.0,49,0,82,PDF 1.5,"['https://ada.georgia.gov/training-presentations', 'https://ada.georgia.gov/training-presentations#main-content']",['Automated and Manual Testing'],Slides,0.3412093222141266
AMAC ADA Presentation 2018,https://ada.georgia.gov/document/document/creating-accessible-electronic-documents/download,1.9MB,1971.5185546875,2020-05-12 14:02:09,Tim Georges,,,2020-05-12 14:02:08,Adobe PDF Library 15.0,74,2,128,PDF 1.5,"['https://ada.georgia.gov/training-presentations', 'https://ada.georgia.gov/training-presentations#main-content']",['Creating Accessible Electronic Documents'],Slides,0.9638007879257202
The ADA and the Interactive Process,https://ada.georgia.gov/document/document/ada-and-interactive-process-2018/download,1.3MB,1368.0234375,2021-02-02 09:01:05,Simpson,,,2020-05-12 14:02:06,Adobe PDF Library 15.0,49,47,27,PDF 1.6,"['https://ada.georgia.gov/training-presentations', 'https://ada.georgia.gov/training-presentations#main-content']",['The ADA and the Interactive Process (2018)'],Report,0.4999100863933563
Americans with Disabilities Act Update,https://ada.georgia.gov/document/document/american-disabilities-act-update/download,688.2KB,688.17578125,2021-01-22 15:03:05,Kuczynski,,,2017-11-08 14:05:06,Microsoft® PowerPoint® 2010,96,0,0,PDF 1.6,"['https://ada.georgia.gov/training-presentations', 'https://ada.georgia.gov/training-presentations#main-content']",['American\xa0with Disabilities Act Update'],Report,0.5574910044670105
Coordination of an Americans with Disabilities Act Initiative,https://ada.georgia.gov/document/document/coordination-americans-disabilities-act/download,1.2MB,1245.279296875,2021-02-02 09:02:02,Frazier,,,2020-05-12 13:05:07,Adobe PDF Library 15.0,16,0,58,PDF 1.6,"['https://ada.georgia.gov/training-presentations', 'https://ada.georgia.gov/training-presentations#main-content']",['Coordination\xa0of an Americans with Disabilities Act'],Report,0.3509502708911896
ADA Coordination: The Statute and Regulations,https://ada.georgia.gov/document/document/introduction-ada-laws-and-regulations/download,249.6KB,249.5966796875,2021-01-22 14:01:08,State ADA Coordinator's Office,,,2020-05-12 14:00:02,Adobe PDF Library 15.0,19,0,7,PDF 1.6,"['https://ada.georgia.gov/training-presentations', 'https://ada.georgia.gov/training-presentations#main-content']",['Introduction\xa0to ADA Laws and Regulations'],Policy,0.3456777334213257
download,https://ada.georgia.gov/document/document/sample-ada-project-list/download,41.0KB,40.9970703125,2020-05-12 14:00:01,Cheryl Ann Frazier,,,2020-05-12 14:00:01,Adobe PDF Library 15.0,2,1,0,PDF 1.5,"['https://ada.georgia.gov/training-presentations', 'https://ada.georgia.gov/training-presentations#main-content']",['Sample\xa0ADA Project List'],Letter,0.18976928293704987
download,https://ada.georgia.gov/document/document/sample-ada-self-evaluation/download,24.7KB,24.6982421875,2020-05-12 14:00:00,Cheryl Ann Frazier,,,2020-05-12 14:00:00,Adobe PDF Library 15.0,2,2,0,PDF 1.5,"['https://ada.georgia.gov/training-presentations', 'https://ada.georgia.gov/training-presentations#main-content']",['Sample\xa0ADA Self-Evaluation'],Spreadsheet,0.3136153817176819
ADA Coordinators Roles and Responsibilities,https://ada.georgia.gov/document/document/2018-ada-coordinator-roles/download,223.5KB,223.4931640625,2021-02-02 09:01:08,Georgia Department of Natural Resources,,,2020-05-12 13:02:00,Adobe PDF Library 15.0,6,0,11,PDF 1.6,"['https://ada.georgia.gov/training-presentations', 'https://ada.georgia.gov/training-presentations#main-content']",['2018 ADA Coordinator Roles'],Policy,0.5986128449440002
All People Can: Ensuring Self-Sufficiency for Persons with Disabilities,https://ada.georgia.gov/document/document/ada-boc-presentation/download,476.9KB,476.8740234375,2021-02-02 11:04:08,State ADA Coordinator's Office,,,2020-05-12 14:00:05,Adobe PDF Library 15.0,8,2,24,PDF 1.6,"['https://ada.georgia.gov/training-presentations', 'https://ada.georgia.gov/training-presentations#main-content']",['ADA\xa0BOC Presentation'],Slides,0.7075506448745728
"ADA Standards, Part 1 and Part 2",https://ada.georgia.gov/document/document/2010-ada-standards-part-1-and-2/download,5.5MB,5662.267578125,2021-01-22 16:05:04,State ADA Coordinator's Office,,,2020-05-12 13:01:00,Adobe PDF Library 15.0,130,0,123,PDF 1.6,"['https://ada.georgia.gov/programs-services-initiatives/training/2017-conference-presentations', 'https://ada.georgia.gov/programs-services-initiatives/training/2017-conference-presentations#main-content']",['2010\xa0ADA Standards Part 1 and 2'],Report,0.7588565349578857
PowerPoint Presentation,https://ada.georgia.gov/document/document/creating-accessible-documents-2017/download,2.0MB,2015.7041015625,2017-11-08 14:05:08,Lucy Bennett,,,2017-11-08 14:05:08,Microsoft® PowerPoint® 2010,76,2,134,PDF 1.5,"['https://ada.georgia.gov/programs-services-initiatives/training/2017-conference-presentations', 'https://ada.georgia.gov/programs-services-initiatives/training/2017-conference-presentations#main-content']",['Creating\xa0Accessible Documents (2017)'],Slides,0.9934624433517456
"Laws, Guidelines and Standards of Digital Accessibility",https://ada.georgia.gov/document/document/laws-guidelines-and-standards-digital-accessibility/download,1.1MB,1129.228515625,2017-11-08 14:05:08,Valorie,,,2017-11-08 14:05:08,Microsoft® PowerPoint® 2010,40,0,54,PDF 1.5,"['https://ada.georgia.gov/programs-services-initiatives/training/2017-conference-presentations', 'https://ada.georgia.gov/programs-services-initiatives/training/2017-conference-presentations#main-content']","['Laws,\xa0Guidelines, and Standards of Digital Accessibility']",Policy,0.5114180445671082
PowerPoint Presentation,https://ada.georgia.gov/document/document/accessibility-what-it-looks-feels-and-sounds/download,1.6MB,1670.6787109375,2017-11-08 14:05:07,Lucy Bennett,,,2017-11-08 14:05:07,Microsoft® PowerPoint® 2010,51,0,89,PDF 1.5,"['https://ada.georgia.gov/programs-services-initiatives/training/2017-conference-presentations', 'https://ada.georgia.gov/programs-services-initiatives/training/2017-conference-presentations#main-content']","['Accessibility\xa0- What it Looks, Feels, and Sounds Like']",Slides,0.9935027956962585
ADA and GINA Update (April 2016),https://ada.georgia.gov/document/document/critical-ada-issues-employment-parts-1-2/download,561.3KB,561.2919921875,2017-11-08 14:05:06,CHRISTOPHER KUCZYNSKI,,,2017-11-08 14:05:06,Microsoft® PowerPoint® 2010,96,0,0,PDF 1.5,"['https://ada.georgia.gov/programs-services-initiatives/training/2017-conference-presentations', 'https://ada.georgia.gov/programs-services-initiatives/training/2017-conference-presentations#main-content']",['Critical\xa0ADA Issues in Employment Parts 1 &amp; 2'],Report,0.6409552097320557
The ADA and the Interactive Process,https://ada.georgia.gov/document/document/ada-and-interactive-process-parts-1-2/download,1.6MB,1656.35546875,2020-05-12 17:01:00,"Simpson, Elisabeth",,,2017-11-08 14:05:06,Microsoft® PowerPoint® 2010,51,48,31,PDF 1.6,"['https://ada.georgia.gov/programs-services-initiatives/training/2017-conference-presentations', 'https://ada.georgia.gov/programs-services-initiatives/training/2017-conference-presentations#main-content']",['The\xa0ADA and the Interactive Process Parts 1 and 2'],Report,0.4885987341403961
Effective Communication,https://ada.georgia.gov/document/document/ensuring-effective-communication-2017-0/download,347.9KB,347.92578125,2021-01-28 17:03:04,"Galifianakis, Phillips",,,2017-11-08 14:05:03,Microsoft® PowerPoint® 2010,25,0,0,PDF 1.6,"['https://ada.georgia.gov/programs-services-initiatives/training/2017-conference-presentations', 'https://ada.georgia.gov/programs-services-initiatives/training/2017-conference-presentations#main-content']",['Ensuring\xa0Effective Communication (2017)'],Report,0.39228400588035583
Reasonable Modifications to Policies,https://ada.georgia.gov/document/document/reasonable-modifications-policies/download,918.7KB,918.7421875,2021-01-28 18:03:09,Bowen,,,2017-11-08 14:05:04,Microsoft® PowerPoint® 2010,52,0,10,PDF 1.6,"['https://ada.georgia.gov/programs-services-initiatives/training/2017-conference-presentations', 'https://ada.georgia.gov/programs-services-initiatives/training/2017-conference-presentations#main-content']",['Reasonable\xa0Modifications to Policies'],Report,0.4913548231124878
ADA Coordinators: Roles and Responsibilities,https://ada.georgia.gov/document/document/ada-coordinator-roles/download,5.6MB,5722.5810546875,2021-01-28 18:00:09,"Frazier, Galifianakis, Gaston, Oka",,,2017-11-08 14:05:03,Microsoft® PowerPoint® 2010,46,1,60,PDF 1.6,"['https://ada.georgia.gov/programs-services-initiatives/training/2017-conference-presentations', 'https://ada.georgia.gov/programs-services-initiatives/training/2017-conference-presentations#main-content']",['ADA\xa0Coordinator Roles (2017)'],Report,0.7593996524810791
GA ADA Coordinator 2016 case studies 2.key,https://ada.georgia.gov/document/document/ga-ada-coordinator-2016-case-studies-2-key/download,244.2KB,244.18359375,2016-10-07 13:02:06,Jim Bostrom,,,2016-10-07 17:02:03,Mac OS X 10.8.5 Quartz PDFContext,4,0,37,PDF 1.7,"['https://ada.georgia.gov/programs-services-initiatives/training/2016-conference-presentations#main-content', 'https://ada.georgia.gov/programs-services-initiatives/training/2016-conference-presentations']",['GA\xa0ADA Coordinator 2016 Case Studies 2 Key'],Brochure,0.35451558232307434
scenarios 2016 final,https://ada.georgia.gov/document/document/session-2-scenarious-2016/download,413.8KB,413.8046875,2016-10-11 11:05:08,Jim Bostrom,,,2016-10-07 17:01:09,Mac OS X 10.8.5 Quartz PDFContext,7,0,9,PDF 1.7,"['https://ada.georgia.gov/programs-services-initiatives/training/2016-conference-presentations#main-content', 'https://ada.georgia.gov/programs-services-initiatives/training/2016-conference-presentations']","['Session\xa02, Scenarios 2016']",Form,0.3056524991989136
GA ADA Coordinator 2016 Design 3.key,https://ada.georgia.gov/document/document/ga-ada-coordinator-2016-design-3-key/download,773.4KB,773.3916015625,2016-10-07 13:02:07,Jim Bostrom,,,2016-10-07 17:02:04,Mac OS X 10.8.5 Quartz PDFContext,8,0,87,PDF 1.7,"['https://ada.georgia.gov/programs-services-initiatives/training/2016-conference-presentations#main-content', 'https://ada.georgia.gov/programs-services-initiatives/training/2016-conference-presentations']",['GA\xa0ADA Coordinator 2016 Design 3 Key'],Form,0.4140051007270813
GA ADA Coordinator 2016 Design 1.key,https://ada.georgia.gov/document/document/ga-ada-coordinator-2016-design-1-key/download,1.3MB,1289.5751953125,2016-10-07 13:02:06,Jim Bostrom,,,2016-10-07 17:02:04,Mac OS X 10.8.5 Quartz PDFContext,14,1,174,PDF 1.7,"['https://ada.georgia.gov/programs-services-initiatives/training/2016-conference-presentations#main-content', 'https://ada.georgia.gov/programs-services-initiatives/training/2016-conference-presentations']",['GA\xa0ADA Coordinator 2016 Design 1 Key'],Report,0.3693169057369232
ADA and GINA Update (April 2016),https://ada.georgia.gov/document/document/ada-and-gina-update/download,240.2KB,240.15234375,2020-05-13 13:05:08,CHRISTOPHER KUCZYNSKI,,,2020-05-13 13:05:08,Adobe PDF Library 15.0,77,0,0,PDF 1.5,"['https://ada.georgia.gov/programs-services-initiatives/training/2016-conference-presentations#main-content', 'https://ada.georgia.gov/programs-services-initiatives/training/2016-conference-presentations']",['ADA\xa0and GINA Update'],Policy,0.5026846528053284
download,https://ada.georgia.gov/document/document/using-jan-interactive-process/download,1.8MB,1832.357421875,2020-05-13 13:05:06,,,,2020-05-13 13:05:06,Adobe PDF Library 15.0,48,95,139,PDF 1.5,"['https://ada.georgia.gov/programs-services-initiatives/training/2016-conference-presentations#main-content', 'https://ada.georgia.gov/programs-services-initiatives/training/2016-conference-presentations']",['Using\xa0JAN in the Interactive Process'],Report,0.5815713405609131
Reasonable Modifications  § 35.130(b)(7),https://ada.georgia.gov/document/document/reasonable-modifications-2016/download,5.1MB,5183.64453125,2020-05-13 09:00:06,sconway,,,2020-05-13 09:00:05,Adobe PDF Library 15.0,37,0,464,PDF 1.5,"['https://ada.georgia.gov/programs-services-initiatives/training/2016-conference-presentations#main-content', 'https://ada.georgia.gov/programs-services-initiatives/training/2016-conference-presentations']",['Reasonable\xa0Modifications (2016)'],Report,0.66966313123703
ADA COORDINATORS: Roles & Responsibilities,https://ada.georgia.gov/document/document/atlanta-2016-ada-coordinator-roles/download,2.5MB,2574.62109375,2020-05-13 09:00:02,sconway,,,2020-05-13 09:00:01,Adobe PDF Library 15.0,23,0,242,PDF 1.5,"['https://ada.georgia.gov/programs-services-initiatives/training/2016-conference-presentations#main-content', 'https://ada.georgia.gov/programs-services-initiatives/training/2016-conference-presentations']",['Atlanta\xa02016 ADA Coordinator Roles'],Slides,0.6450968384742737
Auxiliary Aids  and Services,https://ada.georgia.gov/document/document/effective-communication-2016/download,3.7MB,3821.849609375,2020-05-13 09:00:03,Josh Mendelsohn,,,2020-05-13 09:00:02,Adobe PDF Library 15.0,26,0,361,PDF 1.5,"['https://ada.georgia.gov/programs-services-initiatives/training/2016-conference-presentations#main-content', 'https://ada.georgia.gov/programs-services-initiatives/training/2016-conference-presentations']",['Effective\xa0Communication (2016)'],Slides,0.6783685684204102
session 1 draft.key,https://ada.georgia.gov/document/document/new-construction-alterations-and-existing-facilities-session-1/download,1.5MB,1552.4052734375,2020-05-13 14:03:03,Jim Bostrom,,,2014-05-12 17:02:00,Mac OS X 10.6.8 Quartz PDFContext,25,0,232,PDF 1.7,"['https://ada.georgia.gov/programs-services-initiatives/training/2014-conference-presentations', 'https://ada.georgia.gov/programs-services-initiatives/training/2014-conference-presentations#main-content']","['New\xa0Construction, Alterations and Existing Facilities – Session 1']",Slides,0.5593046545982361
session 2.key,https://ada.georgia.gov/document/document/existing-facilities-and-program-accessibility-session-2/download,887.7KB,887.6689453125,2020-05-13 14:03:05,Jim Bostrom,,,2014-05-12 21:04:03,Mac OS X 10.6.8 Quartz PDFContext,14,0,95,PDF 1.7,"['https://ada.georgia.gov/programs-services-initiatives/training/2014-conference-presentations', 'https://ada.georgia.gov/programs-services-initiatives/training/2014-conference-presentations#main-content']",['Existing\xa0Facilities and Program Accessibility – Session 2'],Report,0.23258350789546967
session 3 draft.key,https://ada.georgia.gov/document/document/applying-title-ii-session-3/download,461.1KB,461.068359375,2020-05-13 14:03:07,Jim Bostrom,,,2014-05-13 18:04:06,Mac OS X 10.6.8 Quartz PDFContext,6,1,55,PDF 1.7,"['https://ada.georgia.gov/programs-services-initiatives/training/2014-conference-presentations', 'https://ada.georgia.gov/programs-services-initiatives/training/2014-conference-presentations#main-content']",['Applying Title II – Session 3'],Form,0.4302670955657959
Accommodating Employees with Mental Disabilities,https://ada.georgia.gov/document/document/reasonable-accomodation-2014/download,198.7KB,198.7314453125,2020-05-13 15:01:02,CKUCZYN,,,2020-05-13 15:01:02,Adobe PDF Library 15.0,48,0,5,PDF 1.5,"['https://ada.georgia.gov/programs-services-initiatives/training/2014-conference-presentations', 'https://ada.georgia.gov/programs-services-initiatives/training/2014-conference-presentations#main-content']",['Reasonable\xa0Accomodation (2014)'],Report,0.43765756487846375
Key Disability-Related Documents Available from the,https://ada.georgia.gov/document/document/eeoc-disability-documents/download,41.0KB,41.025390625,2020-05-13 15:01:04,Jeanne Goldberg,,,2020-05-13 15:01:04,Adobe PDF Library 15.0,4,0,1,PDF 1.5,"['https://ada.georgia.gov/programs-services-initiatives/training/2014-conference-presentations', 'https://ada.georgia.gov/programs-services-initiatives/training/2014-conference-presentations#main-content']",['EEOC\xa0Disability Documents'],Form,0.2418229728937149
PowerPoint Presentation,https://ada.georgia.gov/document/document/ga-higher-education-track/download,388.8KB,388.8076171875,2015-03-16 09:00:08,Salome Heyward,,,2015-03-16 09:00:08,Microsoft® PowerPoint® 2010,44,0,0,PDF 1.5,"['https://ada.georgia.gov/programs-services-initiatives/training/2014-conference-presentations', 'https://ada.georgia.gov/programs-services-initiatives/training/2014-conference-presentations#main-content']",['GA\xa0Higher Education Track'],Slides,0.9934378266334534
Auxiliary Aids  and Services,https://ada.georgia.gov/document/document/2010-ada-regulations-effective-communication/download,3.7MB,3821.13671875,2020-05-13 15:00:07,Josh Mendelsohn,,,2020-05-13 15:00:06,Adobe PDF Library 15.0,26,0,360,PDF 1.5,"['https://ada.georgia.gov/programs-services-initiatives/training/2014-conference-presentations', 'https://ada.georgia.gov/programs-services-initiatives/training/2014-conference-presentations#main-content']",['2010\xa0ADA Regulations: Effective Communication'],Slides,0.6783685684204102
Reasonable Modifications  § 35.130(b)(7),https://ada.georgia.gov/document/document/2010-ada-regulations-reasonable-modification-and-service-animals/download,3.0MB,3059.5244140625,2020-05-13 15:00:05,sconway,,,2020-05-13 15:00:04,Adobe PDF Library 15.0,21,0,300,PDF 1.5,"['https://ada.georgia.gov/programs-services-initiatives/training/2014-conference-presentations', 'https://ada.georgia.gov/programs-services-initiatives/training/2014-conference-presentations#main-content']",['2010\xa0ADA Regulations: Reasonable Modification and Service Animals'],Slides,0.7393660545349121
WHAT DOES THE LAW SAY I HAVE TO DO? General Rules,https://ada.georgia.gov/document/document/ada-coordinators-roles-and-responsibilities/download,5.5MB,5663.0888671875,2020-05-13 15:00:00,Sally Conway,,,2020-05-13 14:05:09,Adobe PDF Library 15.0,37,0,499,PDF 1.5,"['https://ada.georgia.gov/programs-services-initiatives/training/2014-conference-presentations', 'https://ada.georgia.gov/programs-services-initiatives/training/2014-conference-presentations#main-content']",['ADA Coordinators Roles and Responsibilities'],Report,0.7618898749351501
Accommodating Employees with Mental Disabilities,https://ada.georgia.gov/document/document/reasonable-accomodation-2013/download,420.9KB,420.9296875,2020-05-18 10:05:02,CKUCZYN,,,2020-05-18 10:05:02,Microsoft® PowerPoint® 2010,44,0,3,PDF 1.5,"['https://ada.georgia.gov/programs-services-initiatives/training/2013-conference-presentations', 'https://ada.georgia.gov/programs-services-initiatives/training/2013-conference-presentations#main-content']",['Reasonable\xa0Accomodation (2013)'],Report,0.5745031833648682
Reasonable Modifications  § 35.130(b)(7),https://ada.georgia.gov/document/document/reasonable-modification-and-service-animals/download,10.9MB,11160.6015625,2020-05-18 11:00:05,sconway,,,2020-05-18 11:00:05,Microsoft® PowerPoint® 2010,21,0,396,PDF 1.5,"['https://ada.georgia.gov/programs-services-initiatives/training/2013-conference-presentations', 'https://ada.georgia.gov/programs-services-initiatives/training/2013-conference-presentations#main-content']",['Reasonable\xa0Modification and Service Animals'],Slides,0.7424652576446533
Microsoft PowerPoint - Commun.ReasMods.final,https://ada.georgia.gov/document/document/effective-communication-and-reasonable-modifications/download,2.2MB,2208.0361328125,2020-05-18 12:01:02,Irene,,,2013-05-28 09:04:01,Nitro PDF PrimoPDF,10,1,25,PDF 1.5,"['https://ada.georgia.gov/programs-services-initiatives/training/2013-conference-presentations', 'https://ada.georgia.gov/programs-services-initiatives/training/2013-conference-presentations#main-content']",['Effective\xa0Communication and Reasonable Modifications'],Slides,0.6677546501159668
Microsoft PowerPoint - TransPlan.Pt2,https://ada.georgia.gov/document/document/transition-planning-session-3-part-2/download,5.2MB,5372.92578125,2020-05-18 12:01:07,Irene,,,2013-05-23 20:01:08,Nitro PDF PrimoPDF,11,0,33,PDF 1.5,"['https://ada.georgia.gov/programs-services-initiatives/training/2013-conference-presentations', 'https://ada.georgia.gov/programs-services-initiatives/training/2013-conference-presentations#main-content']",['Transition\xa0Planning Session 3 Part 2'],Slides,0.7091633677482605
Microsoft PowerPoint - Higher Ed 12 steps,https://ada.georgia.gov/document/document/12-steps-ada-compliance/download,8.1MB,8306.14453125,2020-05-18 12:01:05,Irene,,,2013-05-25 09:03:05,Nitro PDF PrimoPDF,15,0,58,PDF 1.5,"['https://ada.georgia.gov/programs-services-initiatives/training/2013-conference-presentations', 'https://ada.georgia.gov/programs-services-initiatives/training/2013-conference-presentations#main-content']",['12\xa0Steps to ADA Compliance'],Slides,0.8082547783851624
download,https://ada.georgia.gov/document/document/120-3-20-accessibility/download,5.1MB,5238.98828125,2020-09-30 15:04:08,,,,2003-05-27 12:02:09,Acrobat 5.0 Scan Plug-in for Windows,132,0,132,PDF 1.4,"['https://ada.georgia.gov/georgia-accessibility-code', 'https://ada.georgia.gov/helpful-resources/advocacy-and-regulations/georgia-accessibility-code', 'https://ada.georgia.gov/helpful-resources/advocacy-and-regulations/georgia-accessibility-code#main-content', 'https://ada.georgia.gov/georgia-accessibility-code#main-content']",['PDF'],Report,0.8037822842597961
Communication Access Options for the Deaf Guide DRAFT 09 13 2012,https://ada.georgia.gov/document/form/communication-access-options-individuals-who-are-deaf-hard-hearing-or-who-have-speech/download,329.0KB,328.97265625,2012-09-14 11:05:00,abarton,,,2012-09-14 10:04:02,Acrobat Distiller 9.5.1 (Windows),1,1,13,PDF 1.5,"['https://ada.georgia.gov/helpful-resources/emergency-preparedness/publications-videos-webinars-photos', 'https://ada.georgia.gov/helpful-resources/emergency-preparedness/publications-videos-webinars-photos#main-content']","['Communication\n \nAccess Options for Individuals who are Deaf, Hard of Hearing or who have Speech Difficulties']",Diagram,0.2961238920688629
Microsoft PowerPoint - AT Brochure  September 10  2012,https://ada.georgia.gov/document/form/assistive-technology-brochure/download,442.9KB,442.8935546875,2012-09-17 12:02:06,abarton,,,2012-09-17 12:02:06,Acrobat Distiller 9.5.1 (Windows),2,1,21,PDF 1.5,"['https://ada.georgia.gov/helpful-resources/emergency-preparedness/publications-videos-webinars-photos', 'https://ada.georgia.gov/helpful-resources/emergency-preparedness/publications-videos-webinars-photos#main-content']",['Emergency\n \nPreparedness Planning for Individuals who use Assistive Technology'],Brochure,0.9467360973358154
Microsoft Word - SEASONAL FLU AND H1N1 RESOURCE KIT 2009 12 01.doc,https://ada.georgia.gov/document/publication/seasonal-flu-and-h1n1-resource-kit/download,130.1KB,130.0625,2009-12-21 07:02:07,sbritt,,,2009-12-21 07:02:07,Acrobat Distiller 8.1.0 (Windows),21,3,6,PDF 1.4,"['https://ada.georgia.gov/helpful-resources/emergency-preparedness/publications-videos-webinars-photos', 'https://ada.georgia.gov/helpful-resources/emergency-preparedness/publications-videos-webinars-photos#main-content']",['Seasonal\n \nFlu and H1N1 Resource Kit'],Policy,0.6568834185600281
TIPS Guide for First Responders,https://ada.georgia.gov/document/document/tips-first-responderspdf/download,2.1MB,2157.66796875,2024-01-29 16:03:09,State ADA Coordinator's Office,,,2023-12-11 10:01:06,Adobe PDF Library 17.0,34,13,10,PDF 1.6,"['https://ada.georgia.gov/helpful-resources/emergency-preparedness/publications-videos-webinars-photos', 'https://ada.georgia.gov/helpful-resources/emergency-preparedness/publications-videos-webinars-photos#main-content']",['TIPS\n \nGuide for First Responders'],Brochure,0.36848005652427673
download,https://ada.georgia.gov/document/publication/state-georgia-functional-and-access-needs-support-services-toolkit/download,4.9MB,5042.7373046875,2014-07-10 13:01:05,shelchan,,,2014-07-10 13:01:03,Adobe PDF Library 10.0,104,11,42,PDF 1.5,"['https://ada.georgia.gov/helpful-resources/emergency-preparedness/publications-videos-webinars-photos', 'https://ada.georgia.gov/helpful-resources/emergency-preparedness/publications-videos-webinars-photos#main-content']",['State\n \nof Georgia Functional and Access Needs Support Services Toolkit'],Report,0.7093390822410583
Orientation Manual for First Responders on the Evacuation of People with Disabilities,https://www.eadassociates.com/fa-235-508.pdf,910.5KB,910.482421875,2005-05-02 13:05:08,U.S. Fire Administration,,,2004-04-08 07:04:01,Adobe PDF Library 6.0,42,9,39,PDF 1.4,"['https://ada.georgia.gov/helpful-resources/emergency-preparedness/publications-videos-webinars-photos', 'https://ada.georgia.gov/helpful-resources/emergency-preparedness/publications-videos-webinars-photos#main-content']",['FEMA - Orientation Manual for First Responders on Evacuation of People with Disabilities'],Report,0.7538312673568726
Nondiscrimination on the Basis of Disability; Accessibility of Medical Diagnostic Equipment of State and Local Government Entities,https://www.ada.gov/assets/pdfs/mde-rule.pdf,625.6KB,625.6083984375,2024-08-09 08:02:00,Department of Justice,,,2024-08-07 08:00:07,ABBYY FineReader 14,76,3,0,PDF 1.6,"['https://ada.georgia.gov/helpful-resources/technology-and-education/assistive-equipment-technology#main-content', 'https://ada.georgia.gov/helpful-resources/health-and-wellness/health-care#main-content', 'https://ada.georgia.gov/helpful-resources/technology-and-education/assistive-equipment-technology', 'https://ada.georgia.gov/helpful-resources/health-and-wellness/health-care']","['final rule', 'the rule']",Report,0.47344133257865906
ADA Handbook,https://jcaoc.georgiacourts.gov/wp-content/uploads/2024/05/ADA-Judicial-Handbook-2017_Oct-Update.pdf,4.4MB,4544.5927734375,2017-10-27 10:03:07,"Peace, Stacey",,,2017-10-27 10:03:01,Adobe Acrobat Pro DC 17.12.20098,217,1,114,PDF 1.6,"['https://ada.georgia.gov/meaningful-opportunity-participate', 'https://ada.georgia.gov/meaningful-opportunity-participate#main-content']",['A Meaningful Opportunity to Participate (PDF)'],Report,0.8700152635574341
download,https://ada.georgia.gov/document/publication/effective-january-1st-2015-access-and-use-public-facilities-handicapped/download,62.4KB,62.359375,2015-04-23 12:05:05,Ben Crawford,,,2014-12-12 15:04:02,Adobe PDF Library 10.0,8,0,0,PDF 1.6,"['https://ada.georgia.gov/documents/access-and-use-public-facilities-handicapped-persons#main-content', 'https://ada.georgia.gov/documents/access-and-use-public-facilities-handicapped-persons']","['Effective\xa0January 1st, 2015 - Access to and Use of Public Facilities by Handicapped Persons']",Spreadsheet,0.5719408988952637
download,https://ada.georgia.gov/document/publication/effective-march-15th-2012-access-and-use-public-facilities-handicapped-persons/download,217.4KB,217.4453125,2013-05-06 15:03:06,"Bromley, Tim",,,2013-05-06 15:03:06,Microsoft® Word 2010,5,0,0,PDF 1.5,"['https://ada.georgia.gov/documents/access-and-use-public-facilities-handicapped-persons#main-content', 'https://ada.georgia.gov/documents/access-and-use-public-facilities-handicapped-persons']","['Effective\xa0March 15th, 2012 - Access to and Use of Public Facilities by Handicapped Persons']",Policy,0.22503823041915894
Places of Worship,https://ada.georgia.gov/document/publication/places-worship-technical-bulletinpdf/download,24.8KB,24.8271484375,2018-03-21 16:01:09,Troy A. Richards,,,2018-03-21 12:01:00,Adobe PDF Library 15.0,1,0,1,PDF 1.6,"['https://ada.georgia.gov/documents/places-worship-120-3-20-03-32010-ada-standards-accessible-design#main-content', 'https://ada.georgia.gov/documents/places-worship-120-3-20-03-32010-ada-standards-accessible-design']",['Places\xa0of Worship Technical Bulletin.pdf'],Spreadsheet,0.6174907088279724
