file_name,url,file_size,file_size_kilobytes,last_modified_date,author,subject,keywords,creation_date,producer,number_of_pages,number_of_tables,number_of_images,version,source,text_around_link,predicted_category,predicted_category_confidence
download,https://aging.georgia.gov/document/document/georgias-2024-report-dementia/download,2.1MB,2105.1484375,2024-12-31 17:04:08,Madelyn Lisette Cantu,,,2024-12-31 17:04:07,Adobe PDF Library 22.3.86,35,8,48,PDF 1.6,"['https://aging.georgia.gov/georgia-alzheimers-disease-related-dementias-state-plan#main-content', 'https://aging.georgia.gov/georgia-alzheimers-disease-related-dementias-state-plan', 'https://aging.georgia.gov', 'https://aging.georgia.gov/get-involved/georgia-alzheimers-related-dementias-state-plan', 'https://aging.georgia.gov/get-involved/georgia-alzheimers-related-dementias-state-plan#main-content', 'https://aging.georgia.gov#main-content']","['See the report', 'Read here']",Report,0.9114514589309692
'GEORGIA ADVANCE DIRECTIVE FOR HEALTH CARE,https://aging.georgia.gov/document/document/georgia-advance-director-health-care/download,207.0KB,206.9853515625,2019-12-05 15:03:07,nkthomas,,,2016-03-23 14:01:02,Microsoft® Word 2013,29,32,1,PDF 1.5,"['https://aging.georgia.gov', 'https://aging.georgia.gov#main-content']",['Advance\xa0Directives'],Report,0.42765501141548157
download,https://aging.georgia.gov/document/document/2024-benefits-guide-older-georgianspdf/download,2.0MB,2089.36328125,2024-05-21 15:03:00,,,,2024-05-21 15:02:07,Adobe PDF Library 17.0,20,7,4,PDF 1.6,"['https://aging.georgia.gov/about-us/publications#main-content', 'https://aging.georgia.gov/about-us/publications', 'https://aging.georgia.gov', 'https://aging.georgia.gov#main-content']","['Benefits Guide for Older Georgians 2024', 'Benefits\n \nGuide for Older Georgians']",Slides,0.4570951759815216
5080 – Credit Card Purchases,https://aging.georgia.gov/document/document/das-state-plan-2024-2027/download,14.5MB,14830.3388671875,2023-10-20 10:03:04,jdocallaghan,,,2023-09-20 21:04:09,Acrobat Pro 23.3.20244,286,219,95,PDF 1.7,"['https://aging.georgia.gov/about-us/publications#main-content', 'https://aging.georgia.gov/about-us/publications', 'https://aging.georgia.gov', 'https://aging.georgia.gov#main-content']","['', 'Download here', '2024-2027\n \nState Plan']",Report,0.9682503342628479
download,https://aging.georgia.gov/document/document/2020-2023-state-plan/download,23.1MB,23605.728515625,2019-10-11 12:04:00,,,,2019-06-13 11:02:06,Adobe PDF Library 15.0,161,12,144,PDF 1.7,"['https://aging.georgia.gov/about-us/publications#main-content', 'https://aging.georgia.gov/about-us/publications']",['2020-2023\n \nState Plan'],Report,0.9810024499893188
download,https://aging.georgia.gov/document/document/2016-2019-state-plan/download,21.0MB,21462.0263671875,2015-08-12 16:00:06,,,,2015-08-12 15:05:03,RICOH MP C4503,70,0,70,PDF 1.4,"['https://aging.georgia.gov/about-us/publications#main-content', 'https://aging.georgia.gov/about-us/publications']",['2016-2019\n \nState Plan'],Report,0.9273657202720642
Microsoft Word - State Plan Final Report 8-29-11.doc,https://aging.georgia.gov/document/document/2012-2015-state-plan/download,1.4MB,1455.5,2011-09-12 08:03:08,slhudson,,,2011-09-12 08:03:08,Acrobat Distiller 5.0.5 (Windows),142,121,18,PDF 1.3,"['https://aging.georgia.gov/about-us/publications#main-content', 'https://aging.georgia.gov/about-us/publications']",['2012-2015\n \nState Plan'],Report,0.9791684746742249
download,https://aging.georgia.gov/document/document/das-just-facts-2019/download,589.3KB,589.3017578125,2019-11-25 12:01:03,,,,2019-11-25 12:01:03,Adobe PDF Library 15.0,8,6,0,PDF 1.4,"['https://aging.georgia.gov/about-us/publications#main-content', 'https://aging.georgia.gov/about-us/publications']",['Just\n \nthe Facts 2019'],Policy,0.27895450592041016
download,https://aging.georgia.gov/document/document/just-facts-2018/download,222.6KB,222.6328125,2018-11-28 10:01:06,,,,2018-11-28 10:01:06,Adobe PDF Library 15.0,8,5,0,PDF 1.4,"['https://aging.georgia.gov/about-us/publications#main-content', 'https://aging.georgia.gov/about-us/publications']",['Just\n \nthe Facts 2018'],Policy,0.3071022927761078
download,https://aging.georgia.gov/document/document/just-facts-2017/download,7.0MB,7211.3740234375,2018-01-04 18:03:07,,,,2018-01-04 18:03:07,RICOH MP C4503,35,0,35,PDF 1.4,"['https://aging.georgia.gov/about-us/publications#main-content', 'https://aging.georgia.gov/about-us/publications']",['Just\n \nthe Facts 2017'],Report,0.5881466269493103
download,https://aging.georgia.gov/document/document/just-facts-2016/download,1.7MB,1758.8740234375,2017-01-04 17:03:08,"Hudson, Sharon L",,,2017-01-04 17:03:08,Microsoft® Word 2016,43,3,26,PDF 1.5,"['https://aging.georgia.gov/about-us/publications#main-content', 'https://aging.georgia.gov/about-us/publications']",['Just\n \nthe Facts 2016'],Report,0.5754055380821228
download,https://aging.georgia.gov/document/document/just-facts-2015/download,1.8MB,1850.7587890625,2016-09-14 19:04:00,"Hudson, Sharon L",,,2016-09-14 19:03:09,Adobe PDF Library 11.0,49,6,56,PDF 1.5,"['https://aging.georgia.gov/about-us/publications#main-content', 'https://aging.georgia.gov/about-us/publications']",['Just\n \nthe Facts 2015'],Report,0.5846860408782959
Microsoft Word - JtF2014.docx,http://dhs.georgia.gov/sites/dhs.georgia.gov/files/Just the Facts 2014.pdf,1.7MB,1776.755859375,2015-03-10 16:01:02,slhudson,,,2015-03-10 16:01:02,Acrobat Distiller 9.5.5 (Windows),46,10,32,PDF 1.5,"['https://aging.georgia.gov/about-us/publications#main-content', 'https://aging.georgia.gov/about-us/publications']",['Just the Facts 2014'],Report,0.6779693961143494
Microsoft Word - JtF2013-1.docx,https://aging.georgia.gov/document/document/just-facts-fy-2013-revpdf/download,1.7MB,1714.3876953125,2014-06-19 08:03:03,slhudson,,,2014-06-19 08:03:03,Acrobat Distiller 9.5.5 (Windows),46,4,28,PDF 1.5,"['https://aging.georgia.gov/about-us/publications#main-content', 'https://aging.georgia.gov/about-us/publications']",['Just\n \nthe Facts 2013'],Report,0.67922443151474
JtF2012,http://dhs.georgia.gov/sites/dhs.georgia.gov/files/Just the Facts 2012.pdf,1.6MB,1605.8447265625,2013-04-18 15:03:00,slhudson,,,2013-04-17 10:04:04,GPL Ghostscript 8.70,47,7,130,PDF 1.5,"['https://aging.georgia.gov/about-us/publications#main-content', 'https://aging.georgia.gov/about-us/publications']",['Just the Facts 2012'],Report,0.6968855261802673
Georgia Department of Human Resources,https://aging.georgia.gov/document/document/alzheimersdisclosureform-revpdf/download,82.1KB,82.0888671875,2016-01-14 14:04:09,SLHUDSON,,,2016-01-14 19:04:08,Adobe PDF Library 15.0,5,0,1,PDF 1.5,"['https://aging.georgia.gov/about-us/publications#main-content', 'https://aging.georgia.gov/about-us/publications']",['Alzheimer’s\n \nDisclosure Form'],Form,0.5170990824699402
download,https://aging.georgia.gov/document/document/georgias-law-cardiopulmonary-resuscitation/download,290.4KB,290.423828125,2017-08-31 08:03:05,nkthomas,,,2017-08-31 08:03:05,Microsoft® Word 2013,8,9,1,PDF 1.5,"['https://aging.georgia.gov/about-us/publications#main-content', 'https://aging.georgia.gov/about-us/publications']","[""Georgia's\n \nLaw on Cardiopulmonary Resuscitation""]",Brochure,0.3300115168094635
'GEORGIA ADVANCE DIRECTIVE FOR HEALTH CARE,https://aging.georgia.gov/document/document/georgia-advance-directive-health-care/download,207.2KB,207.1669921875,2016-03-23 14:01:03,nkthomas,,,2016-03-23 14:01:02,Microsoft® Word 2013,29,32,1,PDF 1.5,"['https://aging.georgia.gov/about-us/publications#main-content', 'https://aging.georgia.gov/about-us/publications']",['Georgia\n \nAdvance Directive For Health Care'],Report,0.38862377405166626
download,https://aging.georgia.gov/document/document/guardianship-law-georgia/download,927.9KB,927.86328125,2017-08-27 14:03:03,,,,2017-08-27 14:03:03,Adobe PDF Library 15.0,16,0,1,PDF 1.4,"['https://aging.georgia.gov/about-us/publications#main-content', 'https://aging.georgia.gov/about-us/publications', 'https://aging.georgia.gov/tools-resources/dementia-resources#main-content', 'https://aging.georgia.gov/tools-resources/dementia-resources']",['Guardianship\n \nLaw in Georgia'],Brochure,0.33273014426231384
download,https://aging.georgia.gov/document/document/das-2021-medicaid/download,4.9MB,5046.7138671875,2022-04-13 10:05:04,,,,2021-02-11 11:04:08,Adobe PDF Library 15.0,28,9,3,PDF 1.6,"['https://aging.georgia.gov/about-us/publications#main-content', 'https://aging.georgia.gov/about-us/publications']",['Medicaid\n \nInformation for Long-Term Care'],Slides,0.5405570268630981
download,https://aging.georgia.gov/document/document/temporary-health-care-placement-decision-maker-booklet-v04/download,3.5MB,3630.51953125,2017-08-17 09:02:04,,,,2017-08-17 09:02:04,Adobe PDF Library 15.0,8,0,1,PDF 1.4,"['https://aging.georgia.gov/about-us/publications#main-content', 'https://aging.georgia.gov/about-us/publications']",['Temporary\n \nHealth Care Placement Decision Maker Booklet v04'],Slides,0.2773069143295288
download,https://aging.georgia.gov/document/document/caring-distance/download,3.5MB,3616.4140625,2019-10-17 15:02:00,,,,2019-10-17 15:02:00,Adobe PDF Library 15.0,28,1,1,PDF 1.4,"['https://aging.georgia.gov/about-us/publications#main-content', 'https://aging.georgia.gov/about-us/publications']",['Caring\n \nfrom a Distance'],Slides,0.5414447784423828
download,https://aging.georgia.gov/document/document/alternatives-guardianship-advance-directives/download,3.4MB,3446.1904296875,2019-10-17 15:02:00,,,,2019-10-17 15:02:00,Adobe PDF Library 15.0,16,0,1,PDF 1.4,"['https://aging.georgia.gov/about-us/publications#main-content', 'https://aging.georgia.gov/about-us/publications', 'https://aging.georgia.gov/tools-resources/dementia-resources#main-content', 'https://aging.georgia.gov/tools-resources/dementia-resources']",['Alternatives\n \nto Guardianship with Advance Directives'],Slides,0.4019700586795807
download,https://aging.georgia.gov/document/document/details-my-final-arrangements/download,4.7MB,4846.701171875,2017-08-31 08:03:04,,,,2017-07-24 14:02:05,Adobe PDF Library 15.0,24,0,1,PDF 1.4,"['https://aging.georgia.gov/about-us/publications#main-content', 'https://aging.georgia.gov/about-us/publications']",['Details\n \nof My Final Arrangements'],Slides,0.6887397766113281
download,https://aging.georgia.gov/document/document/do-i-need-will/download,944.5KB,944.4814453125,2016-08-18 10:03:08,,,,2016-08-18 10:03:08,Adobe PDF Library 15.0,12,0,1,PDF 1.4,"['https://aging.georgia.gov/about-us/publications#main-content', 'https://aging.georgia.gov/about-us/publications']",['Do\n \nI Need a Will?'],Report,0.35181260108947754
download,https://aging.georgia.gov/document/document/guide-funeral-homes-crematories-and-cemeteries/download,1.2MB,1272.6337890625,2019-04-09 09:04:09,,,,2019-02-08 11:02:05,Adobe PDF Library 15.0,36,0,1,PDF 1.4,"['https://aging.georgia.gov/about-us/publications#main-content', 'https://aging.georgia.gov/about-us/publications']","['A\n \nGuide to Funeral Homes, Crematories, and Cemeteries']",Brochure,0.6601740121841431
download,https://aging.georgia.gov/document/document/deceased-depositor-claim-form-and-affidavit/download,54.5KB,54.5224609375,2019-07-02 12:01:03,"Thomas, Natalie",,,2019-07-01 15:05:02,Adobe PDF Library 19.12.66,4,0,1,PDF 1.6,"['https://aging.georgia.gov/about-us/publications#main-content', 'https://aging.georgia.gov/about-us/publications']",['Deceased\n \nDepositor Claim Form and Affidavit'],Form,0.8524525761604309
download,https://aging.georgia.gov/document/document/risk-adult-abuse-card/download,112.4KB,112.4150390625,2018-05-01 11:01:04,,,,2018-05-01 11:01:04,Adobe PDF Library 15.0,2,0,0,PDF 1.4,"['https://aging.georgia.gov/about-us/publications#main-content', 'https://aging.georgia.gov/about-us/publications']",['At-Risk\n \nAdult Abuse Card'],Letter,0.2325126677751541
download,https://aging.georgia.gov/document/document/mandated-reporter-brochure/download,1.6MB,1596.5400390625,2017-05-18 12:02:04,,,,2017-05-18 12:02:04,Adobe PDF Library 15.0,2,1,12,PDF 1.4,"['https://aging.georgia.gov/about-us/publications#main-content', 'https://aging.georgia.gov/about-us/publications']",['Mandated\n \nReporter Brochure'],Brochure,0.6813151240348816
download,https://aging.georgia.gov/document/document/sexual-assault-older-adults-brochure/download,1019.1KB,1019.1142578125,2016-12-20 13:05:01,,,,2016-12-20 13:05:01,Adobe PDF Library 15.0,2,2,6,PDF 1.4,"['https://aging.georgia.gov/about-us/publications#main-content', 'https://aging.georgia.gov/about-us/publications']",['Sexual\n \nAssault of Older Adults Brochure'],Brochure,0.5175262689590454
download,https://aging.georgia.gov/media/6801/download,1.3MB,1316.16015625,2025-02-24 10:02:04,,,,2025-02-24 10:02:04,Adobe PDF Library 10.0.1,2,0,7,PDF 1.4,"['https://aging.georgia.gov/about-us/publications#main-content', 'https://aging.georgia.gov/about-us/publications']",['GANE\n \nApp Brochure'],Brochure,0.7484584450721741
download,https://aging.georgia.gov/media/6771/download,3.3MB,3417.7626953125,2025-01-24 15:02:02,Anna Thomas,,,2024-11-05 16:00:02,Adobe PDF Library 24.4.252,81,14,95,PDF 1.7,"['https://aging.georgia.gov/about-us/publications#main-content', 'https://aging.georgia.gov/about-us/publications']","['The\n \nGeorgia At-Risk Adult Abuse, Neglect, & Exploitation Model Protocol Response Guide (GA ANE MP)']",Brochure,0.4826783537864685
download,https://aging.georgia.gov/document/document/report-unmet-needs-non-emergency-senior-transportation/download,14.7MB,15100.615234375,2018-11-15 15:05:05,Kristi Walton Fuller,,,2018-11-15 20:05:03,,75,9,6,PDF 1.7,"['https://aging.georgia.gov/about-us/publications#main-content', 'https://aging.georgia.gov/about-us/publications']",['A\n \nreport on the unmet needs for non-emergency senior transportation'],Report,0.9445713758468628
download,https://aging.georgia.gov/document/document/report-unmet-needs-non-emergency-senior-transportation-appendix/download,3.6MB,3674.4599609375,2018-11-16 07:00:08,Kristi Walton Fuller,,,2018-11-16 07:00:08,Microsoft® Word for Office 365,164,141,18,PDF 1.7,"['https://aging.georgia.gov/about-us/publications#main-content', 'https://aging.georgia.gov/about-us/publications']",['A\n \nreport on the unmet needs for non-emergency senior transportation - Appendix'],Report,0.9493094682693481
download,https://aging.georgia.gov/document/document/das-digest-summer-2022/download,3.6MB,3734.5634765625,2022-11-16 13:00:07,,,,2022-11-10 15:03:07,Adobe Acrobat 22.3 Image Conversion Plug-in,7,0,13,PDF 1.6,"['https://aging.georgia.gov/about-us/publications#main-content', 'https://aging.georgia.gov/about-us/publications']",['DAS\n \nDigest Newsletter - Summer 2022'],Slides,0.3399709463119507
download,https://aging.georgia.gov/document/document/das-digest-spring-2022/download,4.2MB,4275.16796875,2022-06-30 09:04:00,,,,2022-06-29 16:04:02,Adobe Acrobat 22.1 Image Conversion Plug-in,6,0,6,PDF 1.6,"['https://aging.georgia.gov/about-us/publications#main-content', 'https://aging.georgia.gov/about-us/publications']",['DAS\n \nDigest Newsletter - Spring 2022'],Brochure,0.19824586808681488
download,https://aging.georgia.gov/document/document/das-digest-newsletter-february-2022/download,4.0MB,4102.6484375,2022-03-09 13:04:05,,,,2022-03-09 13:04:05,Adobe PDF Library 16.0.5,5,1,9,PDF 1.7,"['https://aging.georgia.gov/about-us/publications#main-content', 'https://aging.georgia.gov/about-us/publications', 'https://aging.georgia.gov/tools-resources/aging-network-training#main-content', 'https://aging.georgia.gov/tools-resources/aging-network-training']","['DAS Digest Newsletter - February 2022', 'DAS\n \nDigest Newsletter - February 2022']",Brochure,0.24808834493160248
download,https://aging.georgia.gov/document/document/das-digest-newsletter-january-2022/download,4.0MB,4126.4072265625,2022-02-16 14:05:02,,,,2022-02-16 13:01:03,Adobe PDF Library 16.0.3,6,0,18,PDF 1.4,"['https://aging.georgia.gov/about-us/publications#main-content', 'https://aging.georgia.gov/about-us/publications', 'https://aging.georgia.gov/tools-resources/aging-network-training#main-content', 'https://aging.georgia.gov/tools-resources/aging-network-training']","['DAS Digest Newsletter - January 2022', 'DAS\n \nDigest Newsletter - January 2022']",Brochure,0.23842228949069977
download,https://aging.georgia.gov/document/document/das-digest-newsletter-december-2021/download,1.9MB,1962.234375,2022-01-07 11:04:06,,,,2022-01-07 11:00:02,Adobe PDF Library 16.0.3,8,0,8,PDF 1.4,"['https://aging.georgia.gov/about-us/publications#main-content', 'https://aging.georgia.gov/about-us/publications', 'https://aging.georgia.gov/tools-resources/aging-network-training#main-content', 'https://aging.georgia.gov/tools-resources/aging-network-training']","['DAS\n \nDigest Newsletter - December 2021', 'DAS Digest Newsletter - December 2021']",Slides,0.2720967233181
download,https://aging.georgia.gov/document/document/das-digest-newsletter-november-2021/download,1.9MB,1993.279296875,2021-11-22 15:01:03,,,,2021-11-22 15:01:03,Adobe PDF Library 16.0,7,1,9,PDF 1.4,"['https://aging.georgia.gov/about-us/publications#main-content', 'https://aging.georgia.gov/about-us/publications', 'https://aging.georgia.gov/tools-resources/aging-network-training#main-content', 'https://aging.georgia.gov/tools-resources/aging-network-training']","['DAS Digest Newsletter - November 2021', 'DAS\n \nDigest Newsletter - November 2021']",Slides,0.27040255069732666
download,https://aging.georgia.gov/document/document/dasdigestnewsletteroctober-2021/download,1.9MB,1895.25390625,2021-10-28 15:01:07,,,,2021-10-28 15:01:07,Adobe PDF Library 15.0,5,1,7,PDF 1.4,"['https://aging.georgia.gov/about-us/publications#main-content', 'https://aging.georgia.gov/about-us/publications', 'https://aging.georgia.gov/tools-resources/aging-network-training#main-content', 'https://aging.georgia.gov/tools-resources/aging-network-training']","['DAS Digest Newsletter - October 2021', 'DAS\n \nDigest Newsletter - October 2021']",Brochure,0.24174536764621735
download,https://aging.georgia.gov/document/document/das-digest-newsletter-september-2021/download,3.9MB,3966.15625,2021-09-20 11:04:00,,,,2021-09-20 11:04:00,Adobe PDF Library 15.0,7,1,10,PDF 1.4,"['https://aging.georgia.gov/about-us/publications#main-content', 'https://aging.georgia.gov/about-us/publications', 'https://aging.georgia.gov/tools-resources/aging-network-training#main-content', 'https://aging.georgia.gov/tools-resources/aging-network-training']","['DAS Digest Newsletter - September 2021', 'DAS\n \nDigest Newsletter - September 2021']",Slides,0.37577351927757263
download,https://aging.georgia.gov/document/document/guardianship-faq/download,160.3KB,160.255859375,2017-08-10 14:03:00,aimee e.,,,2017-08-10 14:03:00,Microsoft® Word 2010,6,0,0,PDF 1.5,"['https://aging.georgia.gov/programs-and-services/public-guardianship-office-pgo', 'https://aging.georgia.gov/programs-and-services/public-guardianship-office-pgo#main-content']",['Guardianship\n \nFAQ'],Policy,0.3517356812953949
Microsoft Word - SCSEP GA Directory - REV March 2021.docx,https://aging.georgia.gov/document/document/2021-scsep-directory/download,775.3KB,775.33203125,2021-03-05 18:05:02,,,,2021-03-05 18:05:02,macOS Version 10.15.7 (Build 19H2) Quartz PDFContext,7,0,9,PDF 1.4,"['https://aging.georgia.gov/programs-and-services/senior-community-service-employment-program-scsep', 'https://aging.georgia.gov/programs-and-services/senior-community-service-employment-program-scsep#main-content']",['Directory\n \nof Senior Community Service Employment Program (SCSEP) Projects.'],Form,0.8363519906997681
download,https://aging.georgia.gov/document/document/scsep-2016-state-plan/download,515.7KB,515.6533203125,2019-04-11 11:00:08,"Akalewold, Almaz",,,2019-04-11 11:00:08,Microsoft® Word for Office 365,26,12,0,PDF 1.7,"['https://aging.georgia.gov/programs-and-services/senior-community-service-employment-program-scsep', 'https://aging.georgia.gov/programs-and-services/senior-community-service-employment-program-scsep#main-content']",['SCSEP\n \n2016 State Plan'],Report,0.6294203996658325
download,https://aging.georgia.gov/document/document/scsep-state-plan-2020-2023/download,431.0KB,430.9501953125,2022-11-10 12:01:07,"Akalewold, Almaz",,,2020-04-07 12:00:02,Microsoft® Word for Office 365,22,9,1,PDF 1.7,"['https://aging.georgia.gov/programs-and-services/senior-community-service-employment-program-scsep', 'https://aging.georgia.gov/programs-and-services/senior-community-service-employment-program-scsep#main-content']",['SCSEP\n \n2020 State Plan'],Report,0.4045824408531189
download,https://aging.georgia.gov/document/document/georgia-scsep-state-plan-2024-2027-finalpdf/download,7.2MB,7372.3505859375,2024-05-23 12:05:02,"Akalewold, Almaz",,,2024-05-23 12:05:02,Adobe PDF Library 24.2.23,51,5,29,PDF 1.6,"['https://aging.georgia.gov/programs-and-services/senior-community-service-employment-program-scsep', 'https://aging.georgia.gov/programs-and-services/senior-community-service-employment-program-scsep#main-content']",['SCSEP\n \n2024 State Plan'],Report,0.9629325270652771
download,https://aging.georgia.gov/document/document/scsep-ga-directory-revised-november-2024pdf/download,301.3KB,301.2841796875,2024-11-15 14:04:08,Peter Paye,,,2024-11-15 14:04:08,Adobe PDF Library 24.4.19,6,3,17,PDF 1.6,"['https://aging.georgia.gov/programs-and-services/senior-community-service-employment-program-scsep', 'https://aging.georgia.gov/programs-and-services/senior-community-service-employment-program-scsep#main-content']",['Senior\n \nCommunity Service Employment Program State Directory (Revised November 2024)'],Brochure,0.33595705032348633
download,https://aging.georgia.gov/document/document/2016-adrc-agendapdf/download,400.0KB,399.9892578125,,,,,2021-02-16 12:02:09,PDFium,13,11,3,PDF 1.7,"['https://aging.georgia.gov/programs-and-services/healthy-aging-conference', 'https://aging.georgia.gov/programs-and-services/healthy-aging-conference#main-content', 'https://aging.georgia.gov/programs-and-services/adrc-healthy-communities-summit', 'https://aging.georgia.gov/programs-and-services/adrc-healthy-communities-summit#main-content']",['2016'],Report,0.2453036606311798
download,https://aging.georgia.gov/document/document/2017-adrc-agendapdf/download,11.2MB,11481.947265625,,,,,2021-02-16 12:02:08,PDFium,11,8,122,PDF 1.7,"['https://aging.georgia.gov/programs-and-services/healthy-aging-conference', 'https://aging.georgia.gov/programs-and-services/healthy-aging-conference#main-content', 'https://aging.georgia.gov/programs-and-services/adrc-healthy-communities-summit', 'https://aging.georgia.gov/programs-and-services/adrc-healthy-communities-summit#main-content']",['2017'],Report,0.37716302275657654
download,https://aging.georgia.gov/document/document/2018-adrc-agendapdf/download,8.1MB,8286.888671875,,,,,2021-02-16 12:02:07,PDFium,13,6,12,PDF 1.7,"['https://aging.georgia.gov/programs-and-services/healthy-aging-conference', 'https://aging.georgia.gov/programs-and-services/healthy-aging-conference#main-content', 'https://aging.georgia.gov/programs-and-services/adrc-healthy-communities-summit', 'https://aging.georgia.gov/programs-and-services/adrc-healthy-communities-summit#main-content']",['2018'],Report,0.34306150674819946
download,https://aging.georgia.gov/document/document/2019-adrc-agendapdf/download,7.1MB,7239.1044921875,,,,,2021-02-16 12:02:07,PDFium,24,6,9,PDF 1.7,"['https://aging.georgia.gov/programs-and-services/healthy-aging-conference', 'https://aging.georgia.gov/programs-and-services/healthy-aging-conference#main-content', 'https://aging.georgia.gov/programs-and-services/adrc-healthy-communities-summit', 'https://aging.georgia.gov/programs-and-services/adrc-healthy-communities-summit#main-content']",['2019'],Slides,0.6412112712860107
download,https://aging.georgia.gov/document/document/2021-adrc-conference/download,5.5MB,5611.232421875,2021-06-08 14:05:06,,,,2021-06-08 14:05:06,Adobe PDF Library 15.0,5,6,4,PDF 1.4,"['https://aging.georgia.gov/programs-and-services/healthy-aging-conference', 'https://aging.georgia.gov/programs-and-services/healthy-aging-conference#main-content', 'https://aging.georgia.gov/programs-and-services/adrc-healthy-communities-summit', 'https://aging.georgia.gov/programs-and-services/adrc-healthy-communities-summit#main-content']",['2021'],Form,0.22531059384346008
download,https://aging.georgia.gov/document/document/2022-adrc-conference-glance-general-session-topics-0/download,905.3KB,905.3310546875,2023-05-19 15:02:09,,,,2022-03-16 09:04:08,Adobe PDF Library 16.0.5,3,2,1,PDF 1.4,"['https://aging.georgia.gov/programs-and-services/healthy-aging-conference', 'https://aging.georgia.gov/programs-and-services/healthy-aging-conference#main-content', 'https://aging.georgia.gov/programs-and-services/adrc-healthy-communities-summit', 'https://aging.georgia.gov/programs-and-services/adrc-healthy-communities-summit#main-content']","['2022,']",Brochure,0.5753273367881775
download,https://aging.georgia.gov/document/document/adrc-summit-booklet-2023/download,3.7MB,3831.6162109375,2023-06-01 17:00:03,,,,2023-06-01 17:00:03,Adobe PDF Library 17.0,4,4,6,PDF 1.7,"['https://aging.georgia.gov/programs-and-services/healthy-aging-conference', 'https://aging.georgia.gov/programs-and-services/healthy-aging-conference#main-content', 'https://aging.georgia.gov/programs-and-services/adrc-healthy-communities-summit', 'https://aging.georgia.gov/programs-and-services/adrc-healthy-communities-summit#main-content']",['2023'],Brochure,0.5545902848243713
download,https://aging.georgia.gov/document/document/2024-healthy-aging-conference-glance/download,204.3KB,204.28125,2024-05-30 08:03:00,,,,2024-05-30 08:03:00,Adobe PDF Library 17.0,4,6,8,PDF 1.4,"['https://aging.georgia.gov/programs-and-services/healthy-aging-conference', 'https://aging.georgia.gov/programs-and-services/healthy-aging-conference#main-content', 'https://aging.georgia.gov/programs-and-services/adrc-healthy-communities-summit', 'https://aging.georgia.gov/programs-and-services/adrc-healthy-communities-summit#main-content']",['2024'],Brochure,0.4565685987472534
download,https://aging.georgia.gov/document/document/wallet-card-elder-abuse-reporting-information/download,2.8MB,2855.169921875,2017-01-04 10:01:06,,,,2017-01-04 10:01:06,Adobe PDF Library 15.0,2,3,3,PDF 1.6,"['https://aging.georgia.gov/report-elder-abuse-neglect-or-exploitation#main-content', 'https://aging.georgia.gov/report-elder-abuse', 'https://aging.georgia.gov/report-elder-abuse#main-content', 'https://aging.georgia.gov/report-elder-abuse-neglect-or-exploitation']",['Wallet\n \nCard: Elder Abuse Reporting Information'],Brochure,0.5735674500465393
download,https://aging.georgia.gov/document/document/tri-fold-aps-brochure-2023pdf/download,2.7MB,2776.8642578125,2023-02-01 11:04:00,,,,2023-02-01 11:04:00,Adobe PDF Library 17.0,2,1,6,PDF 1.4,"['https://aging.georgia.gov/report-elder-abuse-neglect-or-exploitation#main-content', 'https://aging.georgia.gov/report-elder-abuse', 'https://aging.georgia.gov/report-elder-abuse#main-content', 'https://aging.georgia.gov/report-elder-abuse-neglect-or-exploitation']",['Tri-fold\n \nAPS Brochure'],Brochure,0.5444781184196472
download,https://aging.georgia.gov/document/document/tri-fold-aps-brochure-spanishpdf/download,1.4MB,1478.2744140625,2023-06-05 14:01:02,,,,2023-06-05 14:01:02,Adobe PDF Library 17.0,2,2,6,PDF 1.4,"['https://aging.georgia.gov/report-elder-abuse-neglect-or-exploitation#main-content', 'https://aging.georgia.gov/report-elder-abuse', 'https://aging.georgia.gov/report-elder-abuse#main-content', 'https://aging.georgia.gov/report-elder-abuse-neglect-or-exploitation']",['Tri-fold\n \nAPS Brochure - Spanish'],Brochure,0.6508468389511108
download,https://aging.georgia.gov/document/document/aps-brochure-2-2023pdf/download,2.3MB,2316.2333984375,2023-02-02 13:02:05,,,,2023-02-02 12:03:05,Adobe PDF Library 17.0,2,2,12,PDF 1.4,"['https://aging.georgia.gov/report-elder-abuse-neglect-or-exploitation#main-content', 'https://aging.georgia.gov/report-elder-abuse', 'https://aging.georgia.gov/report-elder-abuse#main-content', 'https://aging.georgia.gov/report-elder-abuse-neglect-or-exploitation']",['APS\n \nBrochure #2'],Brochure,0.5160959362983704
download,https://aging.georgia.gov/document/document/brain-strong-flyer-2021/download,101.6KB,101.6494140625,2021-06-08 17:00:09,,,,2021-06-08 17:00:01,Adobe PDF Library 15.0,2,0,1,PDF 1.6,"['https://aging.georgia.gov/tools-resources/dementia-resources#main-content', 'https://aging.georgia.gov/tools-resources/dementia-resources']",['click\n \nhere'],Policy,0.240997776389122
download,https://aging.georgia.gov/document/document/clicking-here/download,257.2KB,257.1650390625,2017-09-01 12:01:08,,,,2017-08-23 16:05:06,Adobe PDF Library 15.0,2,0,0,PDF 1.4,"['https://aging.georgia.gov/tools-resources/dementia-resources#main-content', 'https://aging.georgia.gov/tools-resources/dementia-resources']",['clicking\n \nhere'],Brochure,0.7714937329292297
download,https://aging.georgia.gov/document/document/competency-guide-dementia-care-direct-careworker-workforce-development/download,17.2MB,17641.9814453125,2018-08-07 17:00:07,,,,2018-08-07 16:05:07,Adobe PDF Library 15.0,28,0,26,PDF 1.6,"['https://aging.georgia.gov/tools-resources/dementia-resources#main-content', 'https://aging.georgia.gov/tools-resources/dementia-resources']",['Competency\n \nGuide for Dementia Care: Direct Careworker Workforce Development'],Brochure,0.4587790071964264
download,https://aging.georgia.gov/document/document/2020-gard-state-plan/download,1.9MB,1939.41796875,2021-02-23 11:01:05,Kristi Walton Fuller,,,2020-12-16 18:04:04,macOS Version 10.15.7 (Build 19H114) Quartz PDFContext,53,65,66,PDF 1.6,"['https://aging.georgia.gov/georgia-alzheimers-disease-related-dementias-state-plan#main-content', 'https://aging.georgia.gov/georgia-alzheimers-disease-related-dementias-state-plan', 'https://aging.georgia.gov/tools-resources/dementia-resources', 'https://aging.georgia.gov/get-involved/georgia-alzheimers-related-dementias-state-plan', 'https://aging.georgia.gov/get-involved/georgia-alzheimers-related-dementias-state-plan#main-content', 'https://aging.georgia.gov/tools-resources/dementia-resources#main-content']","[""The\n \nGeorgia Alzheimer's and Related Dementias State Plan"", 'here']",Report,0.6931574940681458
download,https://aging.georgia.gov/document/document/2016-progress-report-georgia-dementia-plan/download,3.4MB,3503.8486328125,2017-05-23 09:01:03,,,,2017-05-02 12:01:07,Adobe PDF Library 15.0,36,11,28,PDF 1.5,"['https://aging.georgia.gov/tools-resources/dementia-resources#main-content', 'https://aging.georgia.gov/tools-resources/dementia-resources']",['2016\n \nProgress Report: Georgia Dementia Plan'],Report,0.9441298842430115
download,https://aging.georgia.gov/document/document/click-here/download,281.8KB,281.7529296875,2018-04-17 11:05:08,,,,2018-04-17 11:05:08,Adobe PDF Library 15.0,2,0,1,PDF 1.4,"['https://aging.georgia.gov/tools-resources/dementia-resources#main-content', 'https://aging.georgia.gov/tools-resources/dementia-resources']",['GARD\n \nBrain Strong Flyer'],Brochure,0.7775565385818481
Dementia Competencies Core Areas of Knowledge/Education,https://www.phinational.org/wp-content/uploads/legacy/clearinghouse/DemCompGuide-EverydayLang.pdf,1.4MB,1383.6845703125,2008-03-19 15:04:05,LCC,,,2008-03-05 16:05:08,Acrobat Distiller 7.0 (Windows),79,0,93,PDF 1.4,"['https://aging.georgia.gov/tools-resources/dementia-resources#main-content', 'https://aging.georgia.gov/tools-resources/dementia-resources']",['Dementia Competencies Workgroup (2008)\xa0Knowledge and Skills Needed for Dementia Care: A Guide for Direct Care Workers in Everyday Language.\xa0Michigan Dementia Coalition'],Brochure,0.5529895424842834
Dementia%20Core%20Skills%20Education%20and%20Training%20Framework.pdf,http://www.skillsforhealth.org.uk/images/projects/dementia/Dementia%20Core%20Skills%20Education%20and%20Training%20Framework.pdf,3.7MB,3751.560546875,2018-06-22 11:03:04,Colin Wright,,,2018-06-22 11:03:04,Microsoft® Word 2016,95,7,27,PDF 1.7,"['https://aging.georgia.gov/tools-resources/dementia-resources#main-content', 'https://aging.georgia.gov/tools-resources/dementia-resources']","['Skills for Health and Health Education England, and Skills for Care. (2015)\xa0Dementia Core Skills Education and Training Framework.\xa0NHS Health Education England']",Report,0.5860857367515564
LIVING FULLY WITH DEMENTIA White Paper FINAL,http://daanow.org/wp-content/uploads/2016/04/Living_Fully_With_Dementia_White-Paper_040316.pdf,1.9MB,1917.1630859375,2016-04-04 13:03:09,DAA,,,2016-04-03 20:00:04,Mac OS X 10.8.5 Quartz PDFContext,40,4,23,PDF 1.4,"['https://aging.georgia.gov/tools-resources/dementia-resources#main-content', 'https://aging.georgia.gov/tools-resources/dementia-resources']",['Dementia Action Alliance Living Fully with Dementia White Paper'],Report,0.7405365705490112
Medicare & Your Mental Health Benefits,https://www.medicare.gov/Pubs/pdf/10184-Medicare-and-Your-Mental-Health-Benefits.pdf,768.2KB,768.2490234375,2025-02-14 10:03:07,Centers for Medicare and Medicaid Services,,,2024-08-07 13:02:05,Adobe PDF Library 17.0,24,0,7,PDF 1.6,"['https://aging.georgia.gov/tools-resources/mental-health-resources', 'https://aging.georgia.gov/tools-resources/mental-health-resources#main-content']",['Medicare and Your Mental Health Benefits'],Slides,0.47010430693626404
download,https://aging.georgia.gov/document/document/dbhdd-fy-21-online-directory-points-contact-csb-assist-aaa-providers-when-they/download,96.5KB,96.50390625,2021-03-23 18:00:05,"Snyder, Thom",,,2021-03-23 15:05:01,Adobe PDF Library 17.11.238,2,0,0,PDF 1.6,"['https://aging.georgia.gov/tools-resources/mental-health-resources', 'https://aging.georgia.gov/tools-resources/mental-health-resources#main-content']",['Click\n \nhere'],Policy,0.2500244081020355
download,https://aging.georgia.gov/document/document/gcoabh-weblinkolder-adults-mental-health-resource-rev-3-24-21pdf/download,121.4KB,121.42578125,2021-03-24 14:02:03,chdunn,,,2021-03-24 14:02:03,Adobe PDF Library 17.11.238,2,0,0,PDF 1.6,"['https://aging.georgia.gov/tools-resources/mental-health-resources', 'https://aging.georgia.gov/tools-resources/mental-health-resources#main-content']",['Click\n \nhere'],Brochure,0.32137468457221985
Legal Services Resources List for website,https://aging.georgia.gov/document/document/legal-resources-georgia-2025pdf/download,94.5KB,94.529296875,2025-02-25 16:00:08,,,,2025-02-25 16:00:02,Adobe PDF Library 24.5.175,6,0,0,PDF 1.6,"['https://aging.georgia.gov/tools-resources/elderly-legal-assistance-program', 'https://aging.georgia.gov/tools-resources/elderly-legal-assistance-program#main-content']",['here'],Policy,0.3777443468570709
download,https://aging.georgia.gov/document/document/das-course-catalog-july-december-2023/download,497.3KB,497.2744140625,2023-06-29 14:00:05,,,,2023-06-29 14:00:04,Adobe PDF Library 23.3.247,24,20,8,PDF 1.6,"['https://aging.georgia.gov/tools-resources/aging-network-training#main-content', 'https://aging.georgia.gov/tools-resources/aging-network-training']",['DAS\n \nCourse Catalog July - December 2023'],Report,0.41823190450668335
download,https://aging.georgia.gov/document/document/das-aaa-resource-guide-2022-0/download,280.5KB,280.5322265625,2022-06-29 15:02:09,"Taylor, Love",,,2022-06-29 15:02:08,Adobe PDF Library 11.0,20,6,1,PDF 1.5,"['https://aging.georgia.gov/tools-resources/aging-network-training#main-content', 'https://aging.georgia.gov/tools-resources/aging-network-training']",['AAA\n \nResource Guide'],Brochure,0.6081889271736145
Response,https://aging.georgia.gov/document/document/georgia-abuse-neglect-exploitation-app/download,3.4MB,3468.017578125,2022-02-24 14:04:07,Anna Thomas,,,2022-02-24 14:04:07,Microsoft® PowerPoint® for Microsoft 365,34,1,117,PDF 1.7,"['https://aging.georgia.gov/tools-resources/aging-network-training#main-content', 'https://aging.georgia.gov/tools-resources/aging-network-training']",['Georgia\n \nAbuse Neglect Exploitation App'],Report,0.39059415459632874
Top-30-fastest.pdf,http://www.bumc.bu.edu/gms/files/2012/02/Top-30-fastest.pdf,354.2KB,354.2177734375,2012-02-22 13:05:07,"Kovalko, Yolanta M",,,2012-02-22 13:05:07,Microsoft® Word 2010,7,0,1,PDF 1.5,"['https://aging.georgia.gov/aging-careers-georgia', 'https://aging.georgia.gov/get-involved/aging-careers-georgia#main-content', 'https://aging.georgia.gov/aging-careers-georgia#main-content', 'https://aging.georgia.gov/get-involved/aging-careers-georgia']",['30 fastest-growing job paths'],Policy,0.25917890667915344
download,https://aging.georgia.gov/document/document/2024-gard-progress-report/download,1.4MB,1407.5673828125,2024-12-06 10:02:03,,,,2024-12-03 13:04:08,Adobe PDF Library 17.0,10,0,9,PDF 1.6,"['https://aging.georgia.gov/get-involved/georgia-alzheimers-related-dementias-state-plan', 'https://aging.georgia.gov/georgia-alzheimers-disease-related-dementias-state-plan', 'https://aging.georgia.gov/get-involved/georgia-alzheimers-related-dementias-state-plan#main-content', 'https://aging.georgia.gov/georgia-alzheimers-disease-related-dementias-state-plan#main-content']",['See the report'],Report,0.9625152349472046
download,https://aging.georgia.gov/document/document/georgias-state-plan-address-senior-hunger/download,1.2MB,1197.74609375,2018-02-07 14:01:07,"Johnson, Gwenyth L",,,2017-12-21 08:03:07,Adobe PDF Library 11.0,32,5,3,PDF 1.6,"['https://aging.georgia.gov/get-involved/senior-hunger-initiative/georgia-senior-hunger-toolkit#main-content', 'https://aging.georgia.gov/get-involved/senior-hunger/senior-hunger-summit#main-content', 'https://aging.georgia.gov/addressing-senior-hunger-georgia#main-content', 'https://aging.georgia.gov/get-involved/senior-hunger-initiative', 'https://aging.georgia.gov/get-involved/senior-hunger/senior-hunger-summit', 'https://aging.georgia.gov/get-involved/senior-hunger-initiative/georgia-senior-hunger-toolkit', 'https://aging.georgia.gov/get-involved/senior-hunger-initiative#main-content', 'https://aging.georgia.gov/senior-hunger#main-content', 'https://aging.georgia.gov/book/export/html/12746', 'https://aging.georgia.gov/senior-hunger', 'https://aging.georgia.gov/addressing-senior-hunger-georgia', 'https://aging.georgia.gov/get-involved/senior-hunger#main-content', 'https://aging.georgia.gov/get-involved/senior-hunger']","['State\n \nPlan on Senior Hunger', 'Read the plan', 'Georgia’s\n \nState Plan to Address Senior Hunger']",Report,0.5634527802467346
download,https://aging.georgia.gov/document/document/senior-hunger-brochure-march-2022/download,969.1KB,969.0791015625,2022-03-16 11:03:06,,,,2022-03-16 11:03:06,Adobe PDF Library 16.0.5,2,1,7,PDF 1.4,"['https://aging.georgia.gov/get-involved/senior-hunger-initiative', 'https://aging.georgia.gov/senior-hunger#main-content', 'https://aging.georgia.gov/get-involved/senior-hunger-initiative#main-content', 'https://aging.georgia.gov/senior-hunger', 'https://aging.georgia.gov/get-involved/senior-hunger#main-content', 'https://aging.georgia.gov/get-involved/senior-hunger']",['Senior\n \nHunger Brochure'],Brochure,0.7074203491210938
download,https://dfcs.georgia.gov/document/document/seniorhungernewsletterjanuary-2021/download,3.6MB,3717.046875,2021-01-15 10:05:00,,,,2020-12-22 07:01:00,Adobe PDF Library 15.0,2,0,7,PDF 1.4,"['https://aging.georgia.gov/get-involved/senior-hunger-initiative', 'https://aging.georgia.gov/senior-hunger#main-content', 'https://aging.georgia.gov/get-involved/senior-hunger-initiative#main-content', 'https://aging.georgia.gov/senior-hunger', 'https://aging.georgia.gov/get-involved/senior-hunger#main-content', 'https://aging.georgia.gov/get-involved/senior-hunger']",['January 2021'],Brochure,0.755264163017273
download,https://dfcs.georgia.gov/document/document/seniorhungernewsletterfebruary-2021/download,3.6MB,3678.24609375,2021-03-25 10:04:09,,,,2021-03-25 10:04:09,Adobe PDF Library 15.0,2,0,7,PDF 1.4,"['https://aging.georgia.gov/get-involved/senior-hunger-initiative', 'https://aging.georgia.gov/senior-hunger#main-content', 'https://aging.georgia.gov/get-involved/senior-hunger-initiative#main-content', 'https://aging.georgia.gov/senior-hunger', 'https://aging.georgia.gov/get-involved/senior-hunger#main-content', 'https://aging.georgia.gov/get-involved/senior-hunger']",['February 2021'],Brochure,0.7200677990913391
download,https://aging.georgia.gov/document/document/seniorhungersept-newsletterseptember-2021/download,3.4MB,3434.52734375,2021-10-22 09:04:01,,,,2021-10-22 09:04:01,Adobe PDF Library 15.0,2,0,7,PDF 1.4,"['https://aging.georgia.gov/get-involved/senior-hunger-initiative', 'https://aging.georgia.gov/senior-hunger#main-content', 'https://aging.georgia.gov/get-involved/senior-hunger-initiative#main-content', 'https://aging.georgia.gov/senior-hunger', 'https://aging.georgia.gov/get-involved/senior-hunger#main-content', 'https://aging.georgia.gov/get-involved/senior-hunger']",['September 2021'],Brochure,0.6907161474227905
download,https://aging.georgia.gov/document/document/yellow-dot-flyer/download,274.6KB,274.6298828125,2019-02-06 11:02:02,"James, Amanda",,,2019-02-06 11:02:02,Microsoft® Word for Office 365,1,0,2,PDF 1.7,"['https://aging.georgia.gov/get-involved/yellow-dot-program#main-content', 'https://aging.georgia.gov/get-involved/yellow-dot-program', 'https://aging.georgia.gov/yellow-dot-program#main-content', 'https://aging.georgia.gov/yellow-dot-program']",['Yellow\n \nDot Flyer'],Brochure,0.4721394181251526
download,https://aging.georgia.gov/document/document/gane-app-overview/download,1.6MB,1686.099609375,,,,,2025-03-31 10:03:01,PDFium,12,0,43,PDF 1.7,"['https://aging.georgia.gov/programs-and-services/forensic-special-initiatives-unit-fsiu/georgia-abuse-neglect-exploitation', 'https://aging.georgia.gov/programs-and-services/forensic-special-initiatives-unit/georgia-abuse-neglect-exploitation-gane-app#main-content', 'https://aging.georgia.gov/programs-and-services/forensic-special-initiatives-unit-fsiu/georgia-abuse-neglect-exploitation#main-content', 'https://aging.georgia.gov/programs-and-services/forensic-special-initiatives-unit/georgia-abuse-neglect-exploitation-gane-app']",['click\n \nhere'],Report,0.2998110055923462
download,https://aging.georgia.gov/document/document/gane-brochure/download,1.3MB,1316.16015625,2025-02-24 10:02:04,,,,2025-02-24 10:02:04,Adobe PDF Library 10.0.1,2,0,7,PDF 1.4,"['https://aging.georgia.gov/programs-and-services/forensic-special-initiatives-unit-fsiu/georgia-abuse-neglect-exploitation', 'https://aging.georgia.gov/programs-and-services/forensic-special-initiatives-unit/georgia-abuse-neglect-exploitation-gane-app#main-content', 'https://aging.georgia.gov/programs-and-services/forensic-special-initiatives-unit-fsiu/georgia-abuse-neglect-exploitation#main-content', 'https://aging.georgia.gov/programs-and-services/forensic-special-initiatives-unit/georgia-abuse-neglect-exploitation-gane-app']",['click\n \nhere'],Brochure,0.5874295830726624
VA Form 21-2680,https://www.vba.va.gov/pubs/forms/VBA-21-2680-ARE.pdf,1.5MB,1497.908203125,2024-06-05 09:01:05,N. Kessinger,EXAMINATION FOR HOUSEBOUND STATUS OR PERMANENT  NEED FOR REGULAR AID AND ATTENDANCE,,2024-06-05 09:01:05,Designer 6.5,4,4,1,PDF 1.7,"['https://aging.georgia.gov/programs-and-services/adrc/adrc-faqs', 'https://aging.georgia.gov/programs-and-services/adrc/adrc-faqs#main-content']",['Download VA Form 21-2680 (PDF)'],Form,0.9906434416770935
VA Form 21-0779,https://www.vba.va.gov/pubs/forms/VBA-21-0779-ARE.pdf,1.4MB,1447.771484375,2023-10-26 13:05:07,N. Kessinger,REQUEST FOR NURSING HOME INFORMATION IN CONNECTION WITH CLAIM FOR AID AND ATTENDANCE,,2023-10-26 13:01:01,Designer 6.5,2,1,1,PDF 1.7,"['https://aging.georgia.gov/programs-and-services/adrc/adrc-faqs', 'https://aging.georgia.gov/programs-and-services/adrc/adrc-faqs#main-content']",['Download VA Form 21-0779 (PDF)'],Form,0.9902262687683105
download,https://aging.georgia.gov/document/document/2022-adrc-exhibitor-prospectus/download,1.2MB,1201.5947265625,2022-01-19 13:03:04,,,,2022-01-12 14:05:00,Adobe PDF Library 16.0.3,3,2,1,PDF 1.4,"['https://aging.georgia.gov/get-involved/senior-hunger/senior-hunger-summit', 'https://aging.georgia.gov/get-involved/senior-hunger/senior-hunger-summit#main-content']",['Exhibitor\xa0Prospectus'],Brochure,0.7105175256729126
download,https://aging.georgia.gov/document/document/2022-adrc-conference-glance/download,903.3KB,903.2919921875,2022-01-19 12:05:04,,,,2022-01-14 08:05:05,Adobe PDF Library 16.0.3,3,2,1,PDF 1.4,"['https://aging.georgia.gov/get-involved/senior-hunger/senior-hunger-summit', 'https://aging.georgia.gov/get-involved/senior-hunger/senior-hunger-summit#main-content']",['Conference\xa0at\n \na Glance'],Brochure,0.67740398645401
5080 – Credit Card Purchases,https://dhs.georgia.gov/document/document/das-state-plan-2024-2027annotated-amendmentpdf/download,9.3MB,9515.8740234375,2025-02-28 15:04:06,jdocallaghan,,,2025-02-26 17:02:03,Adobe PDF Library 24.5.190,269,184,73,PDF 1.6,"['https://aging.georgia.gov/events/2025-03-17/state-plan-aging-public-comment#main-content', 'https://aging.georgia.gov/events/2025-03-17/state-plan-aging-public-comment']",['DAS State Plan 2024-2027 Annotated for Amendment'],Report,0.9687444567680359
download,https://dhs.georgia.gov/document/document/attachment-b-responsespdf/download,177.1KB,177.06640625,2025-02-28 14:00:06,Kyla McIntire,,,2025-02-28 14:00:06,Adobe PDF Library 24.5.175,10,9,0,PDF 1.6,"['https://aging.georgia.gov/events/2025-03-17/state-plan-aging-public-comment#main-content', 'https://aging.georgia.gov/events/2025-03-17/state-plan-aging-public-comment']",['Attachment B Responses'],Report,0.33719801902770996
download,https://aging.georgia.gov/document/document/georgia-state-plan-aging-amendment-public-hearingpdf/download,96.3KB,96.265625,2025-02-28 16:00:06,,,,2025-02-28 16:00:06,Adobe PDF Library 17.0,1,0,1,PDF 1.4,"['https://aging.georgia.gov/events/2025-03-17/state-plan-aging-public-comment#main-content', 'https://aging.georgia.gov/events/2025-03-17/state-plan-aging-public-comment']",['Georgia\xa0State Plan on Aging Amendment Public Hearing.pdf'],Letter,0.20945395529270172
download,https://aging.georgia.gov/document/document/dasseniorhungerbrochurefinal101521/download,969.2KB,969.201171875,2021-10-15 15:05:01,,,,2021-10-15 15:05:01,Adobe PDF Library 16.0,2,1,7,PDF 1.4,"['https://aging.georgia.gov/raise-awarenessseek-solutionsget-involved#main-content', 'https://aging.georgia.gov/book/export/html/12776', 'https://aging.georgia.gov/raise-awarenessseek-solutionsget-involved']",['Review\n \nand share the Brochure on Addressing Senior Hunger in Georgia'],Brochure,0.7865645885467529
Aging-Connected_Exposing-the-Hidden-Connectivity-Crisis-for-Older-Adults.pdf,https://agingconnected.org/wp-content/uploads/2021/05/Aging-Connected_Exposing-the-Hidden-Connectivity-Crisis-for-Older-Adults.pdf,3.2MB,3309.966796875,2021-02-15 13:04:00,,,,2021-02-15 13:03:09,Adobe PDF Library 15.0,23,12,15,PDF 1.4,"['https://aging.georgia.gov/book/export/html/12746', 'https://aging.georgia.gov/todays-seniors#main-content', 'https://aging.georgia.gov/book/export/html/12751', 'https://aging.georgia.gov/todays-seniors']",['Aging-Connected_Exposing-the-Hidden-Connectivity-Crisis-for-Older-Adults.pdf (agingconnected.org)'],Slides,0.5343865156173706
download,https://aging.georgia.gov/document/document/georgia-scsep-state-plan-2024-2027-final-draft-public-comment/download,337.5KB,337.486328125,2024-04-15 18:00:01,"Akalewold, Almaz",,,2024-04-15 18:00:00,Adobe PDF Library 24.1.163,26,7,1,PDF 1.6,"['https://aging.georgia.gov/events/2024-04-24/scsep-state-plan-public-hearing#main-content', 'https://aging.georgia.gov/events/2024-04-24/scsep-state-plan-public-hearing']",['Georgia\xa0SCSEP State plan 2024-2027 Final Draft for Public Comment'],Report,0.3877118229866028
download,https://aging.georgia.gov/document/document/public-comment-form-georgia-scsep-state-plan-2024-2027pdf/download,147.5KB,147.51171875,2024-04-10 15:05:08,"Segars, Tahni",,,2024-04-10 15:05:08,Adobe PDF Library 24.1.163,2,0,1,PDF 1.6,"['https://aging.georgia.gov/events/2024-04-24/scsep-state-plan-public-hearing#main-content', 'https://aging.georgia.gov/events/2024-04-24/scsep-state-plan-public-hearing']",['Public\xa0Comment Form - Georgia SCSEP State Plan 2024-2027.pdf'],Report,0.23109988868236542
download,https://aging.georgia.gov/document/document/cacts-training-schedule-2023pdf/download,465.8KB,465.7548828125,2023-02-08 15:01:00,dfblake,,,2023-02-08 08:02:07,Adobe PDF Library 22.3.90,2,1,8,PDF 1.6,"['https://aging.georgia.gov/events/2023-08-22/cacts-training', 'https://aging.georgia.gov/events/2023-10-24/cacts-training', 'https://aging.georgia.gov/events/2023-09-26/cacts-training', 'https://aging.georgia.gov/events/2023-11-14/cacts-training', 'https://aging.georgia.gov/events/2023-09-26/cacts-training-0']",['CACTS\xa0Training Schedule  2023.pdf'],Brochure,0.6934980154037476
