file_name,url,file_size,file_size_kilobytes,last_modified_date,author,subject,keywords,creation_date,producer,number_of_pages,number_of_tables,number_of_images,version,source,text_around_link,predicted_category,predicted_category_confidence
M-25-21-Accelerating-Federal-Use-of-AI-through-Innovation-Governance-and-Public-Trust.pdf,https://www.whitehouse.gov/wp-content/uploads/2025/02/M-25-21-Accelerating-Federal-Use-of-AI-through-Innovation-Governance-and-Public-Trust.pdf,2.5MB,2568.11328125,2025-04-04 12:05:02,,,,2025-04-03 16:02:02,Adobe Acrobat Pro (64-bit) 25 Paper Capture Plug-in,25,0,25,PDF 1.6,"['https://ai.georgia.gov/blog/2025-04-17/ai-needs-quarterback-case-ai-leadership-just-got-stronger-after-ombs-latest', 'https://ai.georgia.gov/blog/2025-04-17/ai-needs-quarterback-case-ai-leadership-just-got-stronger-after-ombs-latest#main-content']","['newly released memo,']",Slides,0.6039606928825378
AI Advisory Council - April ,https://ai.georgia.gov/document/meeting-deck/ai-advisory-council-april-2024/download,540.8KB,540.8095703125,,,,,,,23,51,43,PDF 1.4,"['https://ai.georgia.gov/events/2024-04-11/georgia-ai-advisory-council-meeting-april-2024', 'https://ai.georgia.gov/events/2024-04-11/georgia-ai-advisory-council-meeting-april-2024#main-content']",['AI\xa0Advisory Council - April 2024'],Slides,0.4849332571029663
Copy of AI Advisory Council - October,https://ai.georgia.gov/document/meeting-deck/ai-advisory-council-october-2024/download,241.9KB,241.939453125,,,,,,,12,9,14,PDF 1.4,"['https://ai.georgia.gov/events/2024-10-23/georgia-ai-advisory-council-meeting-october-2024#main-content', 'https://ai.georgia.gov/events/2024-10-23/georgia-ai-advisory-council-meeting-october-2024']",['AI\xa0Advisory Council - October 2024'],Policy,0.49892762303352356
AI Advisory Council - Feb 25,https://ai.georgia.gov/document/meeting-deck/ai-advisory-council-feb-2025pdf/download,341.7KB,341.720703125,,,,,,,9,12,12,PDF 1.4,"['https://ai.georgia.gov/events/2025-02-06/georgia-ai-advisory-council-meeting-february-2025#main-content', 'https://ai.georgia.gov/events/2025-02-06/georgia-ai-advisory-council-meeting-february-2025']",['AI\xa0Advisory Council - Feb 2025.pdf'],Policy,0.37356093525886536
AI Advisory Council - March 25,https://ai.georgia.gov/document/meeting-deck/ai-advisory-council-march-25pdf/download,255.9KB,255.8818359375,,,,,,,10,11,13,PDF 1.4,"['https://ai.georgia.gov/events/2025-03-20/georgia-ai-advisory-council-meeting-march-2025', 'https://ai.georgia.gov/events/2025-03-20/georgia-ai-advisory-council-meeting-march-2025#main-content']",['AI\xa0Advisory Council - March 25.pdf'],Policy,0.3961626887321472
AI Advisory Council - April 25,https://ai.georgia.gov/document/document/ai-advisory-council-april-25/download,394.8KB,394.7939453125,,,,,,,11,17,23,PDF 1.4,"['https://ai.georgia.gov/events/2025-04-17/georgia-ai-advisory-council-meeting-april-2025', 'https://ai.georgia.gov/events/2025-04-17/georgia-ai-advisory-council-meeting-april-2025#main-content']",['AI\xa0Advisory Council - April 25'],Policy,0.44158825278282166
AI Advisory Council - May 25,https://ai.georgia.gov/document/meeting-deck/ai-advisory-council-may-2025/download,907.9KB,907.921875,,,,,,,17,21,47,PDF 1.4,"['https://ai.georgia.gov/events/2025-05-15/georgia-ai-advisory-council-meeting-may-2025', 'https://ai.georgia.gov/events/2025-05-15/georgia-ai-advisory-council-meeting-may-2025#main-content']",['AI\xa0Advisory Council - May 2025'],Slides,0.40047773718833923
