file_name,url,file_size,file_size_kilobytes,last_modified_date,author,subject,keywords,creation_date,producer,number_of_pages,number_of_tables,number_of_images,version,source,text_around_link,predicted_category,predicted_category_confidence
Microsoft Word - Consumer Complaint Form - 2024-09-30,https://consumer.georgia.gov/document/document/consumer-complaint-form-english/download,179.6KB,179.6328125,2024-09-30 12:04:02,cathym1,,,2024-09-30 12:04:02,Acrobat Distiller 24.0 (Windows),3,0,1,PDF 1.6,"['https://consumer.georgia.gov/resolve-your-dispute/how-do-i-file-complaint#hdi-2496-step-2', 'https://consumer.georgia.gov/resolve-your-dispute/how-do-i-file-complaint#hdi-2496-step-1', 'https://consumer.georgia.gov/resolve-your-dispute/how-do-i-file-complaint#hdi-2496-step-3', 'https://consumer.georgia.gov/resolve-your-dispute/how-do-i-file-complaint#main-content', 'https://consumer.georgia.gov/resolve-your-dispute/how-do-i-file-complaint', 'https://consumer.georgia.gov/resolve-your-dispute/how-do-i-file-complaint#hdi-2496-step-4']",['ENGLISH'],Form,0.9463011026382446
Microsoft Word - Consumer Complaint Form- Spanish - 2024-09-30,https://consumer.georgia.gov/document/document/consumer-complaint-form-spanish/download,172.0KB,171.978515625,2024-09-30 12:04:05,cathym1,,,2024-09-30 12:04:05,Acrobat Distiller 24.0 (Windows),3,0,1,PDF 1.6,"['https://consumer.georgia.gov/resolve-your-dispute/how-do-i-file-complaint#hdi-2496-step-2', 'https://consumer.georgia.gov/resolve-your-dispute/how-do-i-file-complaint#hdi-2496-step-1', 'https://consumer.georgia.gov/resolve-your-dispute/how-do-i-file-complaint#hdi-2496-step-3', 'https://consumer.georgia.gov/resolve-your-dispute/how-do-i-file-complaint#main-content', 'https://consumer.georgia.gov/resolve-your-dispute/how-do-i-file-complaint', 'https://consumer.georgia.gov/resolve-your-dispute/how-do-i-file-complaint#hdi-2496-step-4']",['SPANISH'],Form,0.9420655965805054
download,https://consumer.georgia.gov/document/document/georgia-consumer-guide-medical-bills-and-debt/download,4.5MB,4620.1748046875,2023-11-17 16:04:09,,,,2023-09-21 00:01:06,Adobe Acrobat Pro (32-bit) 23.6.20320,31,1,203,PDF 1.7,"['https://consumer.georgia.gov/consumer-topics/medical-bills-and-debt', 'https://consumer.georgia.gov/consumer-education', 'https://consumer.georgia.gov/consumer-education#main-content', 'https://consumer.georgia.gov/consumer-topics/medical-bills-and-debt#main-content']","['Georgia\xa0Consumer Guide for Medical Bills and Debt', 'Georgia\xa0Consumer Guide for Medical Bills and Debt (Georgia Watch)']",Brochure,0.6327115893363953
download,https://consumer.georgia.gov/document/document/galandlordtenanthandbookpdf/download,525.2KB,525.2265625,,,,,2017-12-18 15:00:00,PDFium,29,0,26,PDF 1.7,"['https://consumer.georgia.gov/consumer-education', 'https://consumer.georgia.gov/consumer-education#main-content']",['Landlord-Tenant\xa0Handbook (Department of Community Affairs)'],Report,0.4682621359825134
Microsoft Word - AAEP - 2024-09-30,https://consumer.georgia.gov/media/1446/download,302.8KB,302.796875,2024-09-30 12:02:05,cathym1,,,2024-09-30 12:02:05,Acrobat Distiller 24.0 (Windows),28,0,0,PDF 1.6,"['https://consumer.georgia.gov/business-compliance/responsibilities-under-fair-business-practices-act-and-lemon-law#main-content', 'https://consumer.georgia.gov/business-compliance/responsibilities-under-fair-business-practices-act-and-lemon-law']",['Auto\n \nAdvertising and Sales Practices Enforcement Policies'],Report,0.3069119453430176
Mail,https://consumer.georgia.gov/document/business-form/buying-service-application-0/download,493.3KB,493.3037109375,2024-12-05 16:01:05,dsempse,,,2024-09-30 12:01:03,Acrobat Distiller 24.0 (Windows),1,0,1,PDF 1.6,"['https://consumer.georgia.gov/business-compliance/business-forms#main-content', 'https://consumer.georgia.gov/business-compliance/business-forms', 'https://consumer.georgia.gov/business-services/buying-service-licenses', 'https://consumer.georgia.gov/business-services/buying-service-licenses#main-content']",['Buying\xa0Service Application'],Form,0.7457411289215088
«letterdate»,https://consumer.georgia.gov/document/business-form/buying-service-bond-submission-form-0/download,330.0KB,330.00390625,2024-12-05 16:01:02,Anne Trifiletti,,,2024-09-30 11:05:05,Acrobat Distiller 24.0 (Windows),1,0,1,PDF 1.6,"['https://consumer.georgia.gov/business-compliance/business-forms#main-content', 'https://consumer.georgia.gov/business-compliance/business-forms', 'https://consumer.georgia.gov/business-services/buying-service-licenses', 'https://consumer.georgia.gov/business-services/buying-service-licenses#main-content']",['Buying\xa0Service Bond Submission Form'],Form,0.9167413711547852
CONSENT TO SERVICE,https://consumer.georgia.gov/document/business-form/consent-service/download,11.9KB,11.8974609375,2006-12-11 15:01:00,MYSHAI_P,,,2006-12-11 15:00:06,Acrobat Distiller 7.0.5 (Windows),1,0,0,PDF 1.4,"['https://consumer.georgia.gov/business-compliance/business-forms', 'https://consumer.georgia.gov/business-compliance/business-forms#main-content', 'https://consumer.georgia.gov/business-compliance/responsibilities-under-fbpa-and-lemon-law/required-filings-disclosures-and-0#main-content', 'https://consumer.georgia.gov/business-compliance/responsibilities-under-fbpa-and-lemon-law/required-filings-disclosures-and-0']",['Consent\xa0to Service'],Form,0.2638571262359619
Microsoft Word - Debt_Adjustment_Filing_Exemption_Certification - 2024-11,https://consumer.georgia.gov/document/business-form/debt-adjustment-filings-exemption/download,145.8KB,145.787109375,2024-11-18 17:00:00,cathym1,,,2024-11-18 17:00:00,Acrobat Distiller 24.0 (Windows),1,0,1,PDF 1.6,"['https://consumer.georgia.gov/business-services/debt-adjustment-companies-required-filings', 'https://consumer.georgia.gov/business-compliance/business-forms', 'https://consumer.georgia.gov/business-compliance/business-forms#main-content', 'https://consumer.georgia.gov/business-services/debt-adjustment-companies-required-filings#main-content']",['Debt\xa0Adjustment Filings - Exemption'],Form,0.5630918741226196
Microsoft Word - Debt Adjustment Filing Submission Form 11-2024,https://consumer.georgia.gov/document/business-form/debt-adjustment-filings-submission-form/download,206.9KB,206.8681640625,2024-11-18 17:01:05,cathym1,,,2024-11-18 17:01:05,Acrobat Distiller 24.0 (Windows),1,0,1,PDF 1.6,"['https://consumer.georgia.gov/business-services/debt-adjustment-companies-required-filings', 'https://consumer.georgia.gov/business-compliance/business-forms', 'https://consumer.georgia.gov/business-compliance/business-forms#main-content', 'https://consumer.georgia.gov/business-services/debt-adjustment-companies-required-filings#main-content']",['Debt\xa0Adjustment Filings - Submission Form'],Form,0.9936296343803406
GEORGIA REACQUIRED VEHICLE NONCONFORMITY DISCLOSURE AND WARRANTY NOTICE,https://consumer.georgia.gov/document/business-form/georgia-lemon-law-notice-reacquired-vehicles/download,322.2KB,322.2021484375,2024-12-13 08:03:00,phil_n,,,2024-12-04 13:02:08,Adobe PDF Library 24.4.48,2,1,1,PDF 1.6,"['https://consumer.georgia.gov/business-compliance/business-forms', 'https://consumer.georgia.gov/business-services/manufacturers-lemon-law-required-filings#main-content', 'https://consumer.georgia.gov/business-compliance/business-forms#main-content', 'https://consumer.georgia.gov/business-services/manufacturers-lemon-law-required-filings']",['Georgia\xa0Lemon Law Notice for Reacquired Vehicles'],Form,0.5069689750671387
«letterdate»,https://consumer.georgia.gov/document/business-form/health-spa-change-ownership-form/download,119.8KB,119.845703125,2024-11-05 14:00:01,Anne Trifiletti,,,2019-02-26 13:05:01,Microsoft® Word 2010,2,0,1,PDF 1.6,"['https://consumer.georgia.gov/business-services/health-spas-fitness-centers#main-content', 'https://consumer.georgia.gov/business-compliance/business-forms', 'https://consumer.georgia.gov/change-ownership#main-content', 'https://consumer.georgia.gov/business-compliance/business-forms#main-content', 'https://consumer.georgia.gov/business-services/health-spas-fitness-centers', 'https://consumer.georgia.gov/change-ownership']",['Health\xa0Spa - Change of Ownership Form'],Form,0.9288238883018494
Microsoft Word - Health Spa Form - No Pre-Sales-070115,https://consumer.georgia.gov/document/business-form/health-spa-form-no-pre-sales/download,169.7KB,169.712890625,2024-11-05 14:01:09,Cathy_M,,,2015-09-01 14:00:07,Acrobat Distiller 10.1.15 (Windows),2,0,1,PDF 1.5,"['https://consumer.georgia.gov/business-services/health-spas-fitness-centers#main-content', 'https://consumer.georgia.gov/business-compliance/business-forms', 'https://consumer.georgia.gov/business-compliance/business-forms#main-content', 'https://consumer.georgia.gov/business-services/health-spas-fitness-centers']",['Health\xa0Spa Form - No Pre-Sales'],Form,0.994289755821228
«letterdate»,https://consumer.georgia.gov/document/business-form/health-spa-information-pre-sales/download,229.7KB,229.6806640625,2024-11-05 14:04:01,Anne Trifiletti,,,2019-04-01 13:01:09,Microsoft® Word 2010,6,0,0,PDF 1.5,"['https://consumer.georgia.gov/business-services/health-spas-fitness-centers#main-content', 'https://consumer.georgia.gov/business-compliance/business-forms', 'https://consumer.georgia.gov/business-compliance/business-forms#main-content', 'https://consumer.georgia.gov/business-services/health-spas-fitness-centers']",['Health\xa0Spa Information for Pre-Sales'],Form,0.7487292885780334
Sample Contract,https://consumer.georgia.gov/document/business-form/health-spa-sample-contract/download,158.8KB,158.783203125,2012-12-19 22:04:06,connie_smi,,,2012-12-19 22:04:06,Microsoft® Word 2010,2,0,0,PDF 1.5,"['https://consumer.georgia.gov/business-services/health-spas-fitness-centers#main-content', 'https://consumer.georgia.gov/business-compliance/business-forms', 'https://consumer.georgia.gov/business-compliance/business-forms#main-content', 'https://consumer.georgia.gov/business-services/health-spas-fitness-centers']",['Health\xa0Spa Sample Contract'],Form,0.6574693918228149
KOSHER FOOD DISCLOSURE,https://consumer.georgia.gov/document/business-form/kosher-food-disclosure-statement/download,143.2KB,143.2392578125,2014-04-13 23:05:06,shawn_c,,,2014-04-13 23:05:06,Microsoft® Word 2010,2,0,0,PDF 1.5,"['https://consumer.georgia.gov/business-compliance/business-forms', 'https://consumer.georgia.gov/business-compliance/business-forms#main-content', 'https://consumer.georgia.gov/business-services/kosher-food', 'https://consumer.georgia.gov/business-services/kosher-food#main-content']",['Kosher\xa0Food Disclosure Statement'],Form,0.6863589286804199
Microsoft Word - Lemon Law Fee Submission Form-070115,https://consumer.georgia.gov/document/business-form/lemon-law-dealer-fee-submission-form/download,92.5KB,92.4775390625,2024-12-04 16:05:04,Cathy_M,,,2024-12-03 21:03:04,Adobe PDF Library 24.4.48,1,0,1,PDF 1.6,"['https://consumer.georgia.gov/business-services/dealers-lemon-law-required-filings-and-disclosures#main-content', 'https://consumer.georgia.gov/business-compliance/business-forms', 'https://consumer.georgia.gov/business-compliance/business-forms#main-content', 'https://consumer.georgia.gov/business-services/dealers-lemon-law-required-filings-and-disclosures']",['Lemon\xa0Law Dealer Fee Submission Form'],Form,0.9950173497200012
PART 2 Fair Business Practices Act,https://consumer.georgia.gov/document/document/fbpa-december-2024pdf/download,375.8KB,375.755859375,2024-12-23 14:04:06,,,,2024-12-23 14:04:06,Aspose.PDF for .NET 24.9.0,84,0,0,PDF 1.7,"['https://consumer.georgia.gov/organization/about-us/statutes-we-enforce', 'https://consumer.georgia.gov/organization/about-us/statutes-we-enforce#main-content']",['O.C.G.A.\n \nSections 10-1-390 et seq.'],Report,0.5774884819984436
10-1-780. Short title.,https://consumer.georgia.gov/document/document/lemon-law-jan-2025/download,89.4KB,89.3662109375,2025-01-21 18:03:00,,,,2025-01-21 18:03:00,Aspose.PDF for .NET 24.9.0,27,0,0,PDF 1.7,"['https://consumer.georgia.gov/organization/about-us/statutes-we-enforce', 'https://consumer.georgia.gov/organization/about-us/statutes-we-enforce#main-content']",['O.C.G.A.\n \nSections 10-1-780 et seq.'],Policy,0.41102007031440735
download,https://consumer.georgia.gov/document/document/debt-adjustment-act-2022/download,1.3MB,1341.8857421875,2023-09-18 01:04:07,,,,2023-09-18 01:04:07,Skia/PDF m116,8,0,8,PDF 1.4,"['https://consumer.georgia.gov/organization/about-us/statutes-we-enforce', 'https://consumer.georgia.gov/organization/about-us/statutes-we-enforce#main-content']",['O.C.G.A.\n \nSections 18-5-1 et seq'],Brochure,0.2241828888654709
download,https://consumer.georgia.gov/document/document/do-not-call-2022/download,1.1MB,1144.16015625,2023-09-18 01:05:00,,,,2023-09-18 01:05:00,Skia/PDF m116,4,0,4,PDF 1.4,"['https://consumer.georgia.gov/organization/about-us/statutes-we-enforce', 'https://consumer.georgia.gov/organization/about-us/statutes-we-enforce#main-content']",['O.C.G.A.\n \nSection 46-5-27'],Brochure,0.6881833076477051
download,https://consumer.georgia.gov/document/document/mlm-sbo-act/download,4.5MB,4627.42578125,2023-09-18 01:05:02,,,,2023-09-18 01:05:02,Skia/PDF m116,17,0,17,PDF 1.4,"['https://consumer.georgia.gov/organization/about-us/statutes-we-enforce', 'https://consumer.georgia.gov/organization/about-us/statutes-we-enforce#main-content']",['O.C.G.A.\n \nSections 10-1-410 et seq.'],Slides,0.6176537871360779
download,https://consumer.georgia.gov/document/document/buying-services-act-2022/download,2.9MB,2984.7333984375,2023-09-18 01:05:04,,,,2023-09-18 01:05:04,Skia/PDF m116,18,0,18,PDF 1.4,"['https://consumer.georgia.gov/organization/about-us/statutes-we-enforce', 'https://consumer.georgia.gov/organization/about-us/statutes-we-enforce#main-content']",['O.C.G.A.\n \nSections 10-1-590 et seq.'],Slides,0.5825011134147644
download,https://consumer.georgia.gov/document/document/charitable-solicitations-act-2022/download,13.3MB,13593.7001953125,2023-09-18 01:05:06,,,,2023-09-18 01:05:06,Skia/PDF m116,51,0,51,PDF 1.4,"['https://consumer.georgia.gov/organization/about-us/statutes-we-enforce', 'https://consumer.georgia.gov/organization/about-us/statutes-we-enforce#main-content']",['O.C.G.A.\xa0Sections\xa043-17-1\xa0et\n \nseq.'],Report,0.7829878330230713
download,https://consumer.georgia.gov/media/1321/download,1.9MB,1992.2763671875,2023-07-03 10:03:00,,,,2023-07-03 10:03:00,Adobe PDF Library 17.0,44,2,84,PDF 1.5,"['https://consumer.georgia.gov/consumer-topics/older-adults-guide#main-content', 'https://consumer.georgia.gov/press-releases/2020-06-15/carr-recognizes-world-elder-abuse-awareness-day-encourages-georgians', 'https://consumer.georgia.gov/consumer-topics/older-adults-guide', 'https://consumer.georgia.gov/press-releases/2020-06-15/carr-recognizes-world-elder-abuse-awareness-day-encourages-georgians#main-content']","['Georgia\n \nConsumer Protection Guide for Older Adults - ENGLISH', 'Georgia\n \nConsumer Protection Guide for Older Adults']",Brochure,0.7924349904060364
download,https://consumer.georgia.gov/media/1371/download,3.5MB,3594.1005859375,2023-08-01 16:02:04,,,,2023-08-01 16:02:03,Adobe PDF Library 17.0,44,2,85,PDF 1.4,"['https://consumer.georgia.gov/consumer-topics/older-adults-guide#main-content', 'https://consumer.georgia.gov/consumer-topics/older-adults-guide']",['Georgia\n \nConsumer Protection Guide for Older Adults - SPANISH'],Brochure,0.6867604851722717
download,https://consumer.georgia.gov/media/1366/download,3.1MB,3215.212890625,2023-07-25 09:04:02,,,,2023-07-25 09:04:00,Adobe PDF Library 17.0,44,2,81,PDF 1.4,"['https://consumer.georgia.gov/consumer-topics/older-adults-guide#main-content', 'https://consumer.georgia.gov/consumer-topics/older-adults-guide']",['Georgia\n \nConsumer Protection Guide for Older Adults - KOREAN'],Brochure,0.6355332732200623
Mail,https://consumer.georgia.gov/document/form/final-repair-opportunity-notice/download,89.5KB,89.46875,2024-12-04 13:02:05,dsempse,,,2024-12-04 13:02:05,Adobe PDF Library 24.4.48,1,0,0,PDF 1.6,"['https://consumer.georgia.gov/lemon-law-process#main-content', 'https://consumer.georgia.gov/lemon-law-process', 'https://consumer.georgia.gov/lemon-law-process#hdi-3531-step-3', 'https://consumer.georgia.gov/resolve-your-dispute/georgia-lemon-law/additional-lemon-law-forms#main-content', 'https://consumer.georgia.gov/lemon-law-process#hdi-3531-step-1', 'https://consumer.georgia.gov/lemon-law-process#hdi-3531-step-2', 'https://consumer.georgia.gov/resolve-your-dispute/georgia-lemon-law/additional-lemon-law-forms', 'https://consumer.georgia.gov/lemon-law-process#hdi-3531-step-5', 'https://consumer.georgia.gov/lemon-law-process#hdi-3531-step-4']","['Final\n \nRepair Opportunity Notice', 'Final\xa0Repair Opportunity Notice']",Form,0.34627988934516907
Mail,https://consumer.georgia.gov/media/1591/download,89.5KB,89.46875,2024-12-04 13:02:05,dsempse,,,2024-12-04 13:02:05,Adobe PDF Library 24.4.48,1,0,0,PDF 1.6,"['https://consumer.georgia.gov/lemon-law-process#main-content', 'https://consumer.georgia.gov/lemon-law-process', 'https://consumer.georgia.gov/lemon-law-process#hdi-3531-step-3', 'https://consumer.georgia.gov/lemon-law-process#hdi-3531-step-1', 'https://consumer.georgia.gov/lemon-law-process#hdi-3531-step-2', 'https://consumer.georgia.gov/lemon-law-process#hdi-3531-step-5', 'https://consumer.georgia.gov/lemon-law-process#hdi-3531-step-4']",['Final\n \nRepair Opportunity Notice'],Spreadsheet,0.24505563080310822
Mail,https://consumer.georgia.gov/document/document/georgia-lemon-law-vehicle-repurchase-or-replacement-request-use-step-3/download,92.7KB,92.654296875,2024-12-04 13:02:09,dsempse,,,2024-12-04 13:02:09,Adobe PDF Library 24.4.48,1,0,0,PDF 1.6,"['https://consumer.georgia.gov/lemon-law-process#main-content', 'https://consumer.georgia.gov/lemon-law-process', 'https://consumer.georgia.gov/lemon-law-process#hdi-3531-step-3', 'https://consumer.georgia.gov/resolve-your-dispute/georgia-lemon-law/additional-lemon-law-forms#main-content', 'https://consumer.georgia.gov/lemon-law-process#hdi-3531-step-1', 'https://consumer.georgia.gov/lemon-law-process#hdi-3531-step-2', 'https://consumer.georgia.gov/resolve-your-dispute/georgia-lemon-law/additional-lemon-law-forms', 'https://consumer.georgia.gov/lemon-law-process#hdi-3531-step-5', 'https://consumer.georgia.gov/lemon-law-process#hdi-3531-step-4']","['Georgia\xa0Lemon Law - Vehicle Repurchase or Replacement Request (for use in Step 3)', 'Vehicle\n \nRepurchase or Replacement Request']",Letter,0.2881680727005005
«letterdate»,https://consumer.georgia.gov/document/business-form/lemon-law-statement-rights/download,151.7KB,151.66796875,2024-12-23 11:01:03,Anne Trifiletti,,,2024-12-23 11:01:03,Adobe PDF Library 24.5.96,1,0,0,PDF 1.6,"['https://consumer.georgia.gov/business-services/dealers-lemon-law-required-filings-and-disclosures#main-content', 'https://consumer.georgia.gov/business-services/dealers-lemon-law-required-filings-and-disclosures']",['Lemon\xa0Law Statement of Rights'],Diagram,0.33312374353408813
download,https://law.georgia.gov/document/document/order-granting-summary-judgmentpdf/download,2.1MB,2114.0888671875,2025-01-08 13:05:06,,,,2025-01-08 13:05:06,iText® 7.1.6 ©2000-2019 iText Group NV (Administrative Office of the United States Courts; licensed version); modified using iText® 7.1.6 ©2000-2019 iText Group NV (Administrative Office of the United States Courts; licensed version),82,21,24,PDF 1.7,"['https://consumer.georgia.gov/press-releases/2025-01-08/carr-superior-healthcare-co-founders-banned-marketing-stem-cell#main-content', 'https://consumer.georgia.gov/press-releases/2025-01-08/carr-superior-healthcare-co-founders-banned-marketing-stem-cell']",['opinion and order'],Report,0.5053795576095581
download,https://law.georgia.gov/document/document/order-granting-injunctive-reliefpdf/download,303.5KB,303.453125,2025-01-08 13:05:06,,,,2025-01-08 13:05:06,"iText® Core 7.2.3 (production version) ©2000-2022 iText Group NV, Administrative Office of the United States Courts",17,0,2,PDF 1.7,"['https://consumer.georgia.gov/press-releases/2025-01-08/carr-superior-healthcare-co-founders-banned-marketing-stem-cell#main-content', 'https://consumer.georgia.gov/press-releases/2025-01-08/carr-superior-healthcare-co-founders-banned-marketing-stem-cell']",['injunctive'],Report,0.2928231954574585
download,https://law.georgia.gov/document/document/order-granting-monetary-reliefpdf/download,366.8KB,366.779296875,2025-01-08 13:05:06,,,,2025-01-08 13:05:06,"iText® Core 7.2.3 (production version) ©2000-2022 iText Group NV, Administrative Office of the United States Courts",28,7,2,PDF 1.7,"['https://consumer.georgia.gov/press-releases/2025-01-08/carr-superior-healthcare-co-founders-banned-marketing-stem-cell#main-content', 'https://consumer.georgia.gov/press-releases/2025-01-08/carr-superior-healthcare-co-founders-banned-marketing-stem-cell']",['monetary relief'],Report,0.4739718437194824
download,https://consumer.georgia.gov/media/1281/download,304.8KB,304.8154296875,2022-11-04 16:00:08,Anita Brochstein,,,2022-11-04 16:00:08,Adobe PDF Library 22.3.39,42,0,0,PDF 1.6,"['https://consumer.georgia.gov/resolve-your-dispute/georgia-lemon-law/lemon-law-rules', 'https://consumer.georgia.gov/resolve-your-dispute/georgia-lemon-law/lemon-law-rules#main-content']",['Georgia\n \nLemon Law Rules\xa0-\xa0Chapter 60-2-1'],Report,0.5057809948921204
Mail,https://consumer.georgia.gov/document/business-form/georgia-lemon-law-packet/download,393.0KB,392.9716796875,2024-12-13 08:05:06,dsempse,,,2024-12-04 13:02:05,Adobe PDF Library 24.4.48,19,3,0,PDF 1.6,"['https://consumer.georgia.gov/resolve-your-dispute/georgia-lemon-law/additional-lemon-law-forms#main-content', 'https://consumer.georgia.gov/resolve-your-dispute/georgia-lemon-law/additional-lemon-law-forms']",['Georgia\xa0Lemon Law Packet'],Form,0.35744813084602356
201604_cfpb_list-of-consumer-reporting-companies.pdf,https://files.consumerfinance.gov/f/201604_cfpb_list-of-consumer-reporting-companies.pdf,461.2KB,461.17578125,2020-01-30 13:03:06,Bureau of Consumer Financial Protection,,,2020-01-21 13:01:04,Adobe PDF Library 19.21.90,35,0,1,PDF 1.6,"['https://consumer.georgia.gov/consumer-topics/credit-freeze', 'https://consumer.georgia.gov/consumer-topics/credit-freeze#main-content']",['credit reporting agencies'],Report,0.6686851382255554
download,https://consumer.georgia.gov/media/1001/download,5.7MB,5805.3662109375,2021-01-15 15:01:02,,,,2019-09-17 23:00:00,Adobe PDF Library 15.0,24,1,22,PDF 1.6,"['https://consumer.georgia.gov/consumer-topics/cybersecurity-georgia#main-content', 'https://consumer.georgia.gov/press-releases/2020-10-08/carr-recognizes-cybersecurity-awareness-month-encourages-georgians#main-content', 'https://consumer.georgia.gov/press-releases/2020-10-08/carr-recognizes-cybersecurity-awareness-month-encourages-georgians', 'https://consumer.georgia.gov/consumer-topics/cybersecurity-georgia']","['website', 'View/Print\n \nGuide']",Slides,0.5021950006484985
download,https://consumer.georgia.gov/document/document/military-consumer-protection-guide/download,9.8MB,10060.5205078125,2022-07-05 15:02:03,,,,2016-10-13 04:04:08,Adobe Acrobat Pro 11.0.9,82,12,500,PDF 1.5,"['https://consumer.georgia.gov/consumer-topics/military-consumer-protection-resource-page#main-content', 'https://consumer.georgia.gov/consumer-topics/military-consumer-protection-resource-page', 'https://consumer.georgia.gov/press-releases/2023-07-05/carr-recognizes-military-consumer-protection-month', 'https://consumer.georgia.gov/press-releases/2022-07-05/carr-recognizes-military-consumer-protection-month', 'https://consumer.georgia.gov/press-releases/2022-07-05/carr-recognizes-military-consumer-protection-month#main-content', 'https://consumer.georgia.gov/press-releases/2023-07-05/carr-recognizes-military-consumer-protection-month#main-content']","['Military\n \nConsumer Protection Guide', 'here', 'Georgia\n \nMilitary Consumer Protection Guide']",Brochure,0.4858799874782562
State Benefits for Georgia Veterans,https://veterans.georgia.gov/sites/veterans.georgia.gov/files/related_files/site_page/GDVS-benefits-book.pdf,560.5KB,560.4970703125,2015-06-22 14:04:03,Georgia Department of Veterans Service,A summary for veterans and their families,,2015-06-22 11:03:00,Adobe PDF Library 10.0.1,40,36,2,PDF 1.6,"['https://consumer.georgia.gov/consumer-topics/military-consumer-protection-resource-page', 'https://consumer.georgia.gov/consumer-topics/military-consumer-protection-resource-page#main-content']",['State Benefits for Georgia Veterans'],Report,0.6308556199073792
Microsoft Word - AAEP - 2024-09-30,https://consumer.georgia.gov/document/document/auto-advertising-and-sales-practices-enforcement-policies-0/download,302.8KB,302.796875,2024-09-30 12:02:05,cathym1,,,2024-09-30 12:02:05,Acrobat Distiller 24.0 (Windows),28,0,0,PDF 1.6,"['https://consumer.georgia.gov/business-services/auto-advertising-and-sales-practices-enforcement-policies#main-content', 'https://consumer.georgia.gov/business-services/auto-advertising-and-sales-practices-enforcement-policies']",['Auto\xa0Advertising and Sales Practices Enforcement Policies'],Policy,0.23877060413360596
download,https://consumer.georgia.gov/document/document/autoinformer-issue14-2016-11-07pdf/download,306.7KB,306.6572265625,2016-11-07 11:04:02,lauren_v,,,2016-11-07 11:04:02,Microsoft® Word 2010,3,0,1,PDF 1.5,"['https://consumer.georgia.gov/auto-informer-newsletters', 'https://consumer.georgia.gov/auto-informer-newsletters#main-content']",['Auto\n \nInformer - Issue 14'],Brochure,0.6093569397926331
download,https://consumer.georgia.gov/document/document/autoinformer-issue13-2016-01-22pdf/download,406.1KB,406.1015625,2016-01-25 09:01:08,lauren_v,,,2016-01-22 11:04:09,Microsoft® Word 2010,4,0,1,PDF 1.5,"['https://consumer.georgia.gov/auto-informer-newsletters', 'https://consumer.georgia.gov/auto-informer-newsletters#main-content']",['Auto\n \nInformer - Issue 13'],Brochure,0.5633659362792969
download,https://consumer.georgia.gov/document/document/autoinformer-issue12-2013-11-14pdf/download,538.5KB,538.544921875,2013-11-14 14:04:05,lauren_v,,,2013-11-14 14:04:05,Microsoft® Word 2010,3,0,1,PDF 1.5,"['https://consumer.georgia.gov/auto-informer-newsletters', 'https://consumer.georgia.gov/auto-informer-newsletters#main-content']",['Auto\n \nInformer - Issue 12'],Brochure,0.6418687701225281
download,https://consumer.georgia.gov/document/document/autoinformer-issue11-2012-09-25pdf/download,376.0KB,375.99609375,2012-09-25 15:02:04,lauren_v,,,2012-09-25 14:01:05,Microsoft® Word 2010,3,3,1,PDF 1.5,"['https://consumer.georgia.gov/auto-informer-newsletters', 'https://consumer.georgia.gov/auto-informer-newsletters#main-content']",['Auto\n \nInformer - Issue 11'],Brochure,0.5797244906425476
download,https://consumer.georgia.gov/document/document/autoinformer-issue10-2012-03-07pdf/download,458.4KB,458.4111328125,2012-03-07 15:01:00,lauren_v,,,2012-03-07 15:01:00,Microsoft® Word 2010,5,0,1,PDF 1.5,"['https://consumer.georgia.gov/auto-informer-newsletters', 'https://consumer.georgia.gov/auto-informer-newsletters#main-content']",['Auto\n \nInformer - Issue 10'],Brochure,0.21535325050354004
download,https://consumer.georgia.gov/document/document/autoinformer-issue09-2011-10-25pdf/download,503.0KB,503.0400390625,2011-10-25 16:04:03,lauren_v,,,2011-10-25 16:04:03,Microsoft® Office Word 2007,5,5,2,PDF 1.5,"['https://consumer.georgia.gov/auto-informer-newsletters', 'https://consumer.georgia.gov/auto-informer-newsletters#main-content']",['Auto\n \nInformer - Issue 9'],Form,0.2188737690448761
download,https://consumer.georgia.gov/document/document/autoinformer-issue08-2011-06-15pdf/download,320.1KB,320.0673828125,2011-06-15 17:04:07,lauren_v,,,2011-06-15 17:04:07,Microsoft® Office Word 2007,4,4,1,PDF 1.5,"['https://consumer.georgia.gov/auto-informer-newsletters', 'https://consumer.georgia.gov/auto-informer-newsletters#main-content']",['Auto\n \nInformer - Issue 8'],Brochure,0.5816155076026917
Microsoft Word - Document1,https://consumer.georgia.gov/document/document/autoinformer-issue07-2011-03-18pdf--UNPUBLISHED-document--DO-NOT-SHARE-this-URL--/download,157.2KB,157.2333984375,2011-10-18 11:05:08,Cathy_M,,,2011-10-18 11:05:08,Acrobat Distiller 7.0.5 (Windows),5,5,1,PDF 1.4,"['https://consumer.georgia.gov/auto-informer-newsletters', 'https://consumer.georgia.gov/auto-informer-newsletters#main-content']",['Auto\n \nInformer - Issue 7'],Form,0.2849557101726532
Microsoft Word - Document1,https://consumer.georgia.gov/document/document/autoinformer-issue06-2010-11-08pdf/download,226.3KB,226.2568359375,2011-10-18 12:00:05,Cathy_M,,,2011-10-18 12:00:05,Acrobat Distiller 7.0.5 (Windows),6,6,7,PDF 1.4,"['https://consumer.georgia.gov/auto-informer-newsletters', 'https://consumer.georgia.gov/auto-informer-newsletters#main-content']",['Auto\n \nInformer - Issue 6'],Form,0.40385550260543823
Microsoft Word - Document3,https://consumer.georgia.gov/document/document/autoinformer-issue05-2010-07-30pdf/download,171.8KB,171.771484375,2011-10-19 13:05:06,Cathy_M,,,2011-10-19 13:05:06,Acrobat Distiller 7.0.5 (Windows),5,5,7,PDF 1.4,"['https://consumer.georgia.gov/auto-informer-newsletters', 'https://consumer.georgia.gov/auto-informer-newsletters#main-content']",['Auto\n \nInformer - Issue 5'],Form,0.32988351583480835
download,https://law.georgia.gov/document/document/013024-complaint-injunctive-reliefpdf/download,2.7MB,2805.6220703125,2024-02-01 11:03:08,Jacquelyn Kneidel,,,2024-01-29 15:01:03,Adobe Acrobat Pro (64-bit) 23.8.20470,45,0,18,PDF 1.5,"['https://consumer.georgia.gov/press-releases/2024-01-31/carr-georgia-files-suit-against-mv-realty-over-allegations-unfair-and', 'https://consumer.georgia.gov/press-releases/2024-01-31/carr-georgia-files-suit-against-mv-realty-over-allegations-unfair-and#main-content']",['here'],Report,0.6584162712097168
myFICO_UYFS_Booklet.pdf,http://www.myfico.com/Downloads/Files/myFICO_UYFS_Booklet.pdf,489.1KB,489.1064453125,2017-05-16 15:04:02,,,,2017-05-16 15:04:02,Adobe PDF Library 15.0,16,15,0,PDF 1.4,"['https://consumer.georgia.gov/node/1286#main-content', 'https://consumer.georgia.gov/consumer-topics/credit-reports-and-credit-score', 'https://consumer.georgia.gov/node/1286', 'https://consumer.georgia.gov/consumer-topics/credit-reports-and-credit-score#main-content']",['Understanding Your FICO Score'],Report,0.8095411062240601
Uniform Minor's Status Declaration,https://consumer.georgia.gov/document/document/uniformminorstatuspdf--UNPUBLISHED-document--DO-NOT-SHARE-this-URL--/download,199.1KB,199.140625,2012-08-10 11:05:00,Federal Trade Commission,,"identity, theft, personal, information, minor",2012-06-07 14:03:04,Acrobat Distiller 9.5.1 (Windows),2,0,0,PDF 1.5,"['https://consumer.georgia.gov/node/1286#main-content', 'https://consumer.georgia.gov/consumer-topics/credit-reports-and-credit-score', 'https://consumer.georgia.gov/node/1286', 'https://consumer.georgia.gov/consumer-topics/credit-reports-and-credit-score#main-content']",['Uniform\n \nMinor’s Status Declaration'],Brochure,0.5344080924987793
Microsoft Word - Odometer Disclosure Statement.doc,https://consumer.georgia.gov/document/document/odometer-disclosure-statementpdf/download,47.4KB,47.3740234375,2005-11-03 13:02:08,CONNIE_SMI,,,2005-11-02 10:02:01,AFPL Ghostscript 8.13,1,1,0,PDF 1.3,"['https://consumer.georgia.gov/consumer-topics/odometer-fraud#main-content', 'https://consumer.georgia.gov/consumer-topics/odometer-fraud']",['Odometer\xa0Disclosure Statement.pdf'],Form,0.2225525826215744
Microsoft Word - TR0016.docx,http://www.gamccd.net/Documents/TR0016.pdf,68.3KB,68.296875,2017-11-02 15:01:09,pdawadi,,,2017-11-02 15:01:09,Acrobat Distiller 10.0.0 (Windows),7,4,2,PDF 1.5,"['https://consumer.georgia.gov/consumer-topics/towing', 'https://consumer.georgia.gov/consumer-topics/towing#main-content']",['application form'],Form,0.9506109356880188
Uniform Minor's Status Declaration,https://consumer.georgia.gov/document/document/uniformminorstatuspdf/download,199.1KB,199.140625,2012-08-10 11:05:00,Federal Trade Commission,,"identity, theft, personal, information, minor",2012-06-07 14:03:04,Acrobat Distiller 9.5.1 (Windows),2,0,0,PDF 1.5,"['https://consumer.georgia.gov/consumer-topics/identity-theft-child-identity-theft#main-content', 'https://consumer.georgia.gov/consumer-topics/identity-theft-child-identity-theft']",['Uniform\n \nMinor’s Status Declaration'],Brochure,0.8550636768341064
Form 14039 (Rev. 5-2024),http://www.irs.gov/pub/irs-pdf/f14039.pdf,98.6KB,98.6337890625,2024-11-04 09:00:05,SE:W:CAS:AM:IPSO:IP,Identity Theft Affidavit,,2024-11-04 09:00:05,Designer 6.5,2,7,0,PDF 1.7,"['https://consumer.georgia.gov/consumer-topics/identity-theft-income-tax-identity-theft', 'https://consumer.georgia.gov/consumer-topics/identity-theft-income-tax-identity-theft#main-content']",['Form 14039'],Form,0.9933843016624451
Form 14039 (Rev. 5-2024),http://www.irs.gov/file_source/pub/irs-pdf/f14039.pdf,98.6KB,98.6337890625,2024-11-04 09:00:05,SE:W:CAS:AM:IPSO:IP,Identity Theft Affidavit,,2024-11-04 09:00:05,Designer 6.5,2,7,0,PDF 1.7,"['https://consumer.georgia.gov/consumer-topics/identity-theft-income-tax-identity-theft', 'https://consumer.georgia.gov/consumer-topics/identity-theft-income-tax-identity-theft#main-content']",['Form 14039'],Form,0.9933843016624451
Microsoft Word - FINAL_ID Theft Victimized Provider CMS website post_11.16.18(2).docx,https://www.cms.gov/Medicare/Provider-Enrollment-and-Certification/MedicareProviderSupEnroll/Downloads/ProviderVictimPOCs.pdf,772.3KB,772.30859375,2022-11-03 14:04:08,P487,,,2018-11-16 12:03:02,Acrobat Distiller 15.0 (Windows),5,4,1,PDF 1.5,"['https://consumer.georgia.gov/consumer-topics/identity-theft-medical-identity-theft', 'https://consumer.georgia.gov/consumer-topics/identity-theft-medical-identity-theft#main-content']",['point of contact'],Form,0.7469370365142822
download,https://consumer.georgia.gov/document/document/georgia-consumer-protection-guide-older-adults-english/download,1.9MB,1992.2763671875,2023-07-03 10:03:00,,,,2023-07-03 10:03:00,Adobe PDF Library 17.0,44,2,84,PDF 1.5,"['https://consumer.georgia.gov/consumer-topics/seniors-guide', 'https://consumer.georgia.gov/consumer-topics/seniors-guide#main-content']",['Georgia\xa0Consumer\n \nProtection Guide for Older Adults - ENGLISH'],Brochure,0.7925722599029541
download,https://consumer.georgia.gov/document/document/georgia-consumer-protection-guide-older-adults-spanish/download,3.5MB,3594.1005859375,2023-08-01 16:02:04,,,,2023-08-01 16:02:03,Adobe PDF Library 17.0,44,2,85,PDF 1.4,"['https://consumer.georgia.gov/consumer-topics/seniors-guide', 'https://consumer.georgia.gov/consumer-topics/seniors-guide#main-content']",['Georgia\xa0Consumer\n \nProtection Guide for Older Adults - SPANISH'],Brochure,0.6867604851722717
download,https://consumer.georgia.gov/document/document/korean-older-adults-guide-compressedpdf/download,3.1MB,3215.212890625,2023-07-25 09:04:02,,,,2023-07-25 09:04:00,Adobe PDF Library 17.0,44,2,81,PDF 1.4,"['https://consumer.georgia.gov/consumer-topics/seniors-guide', 'https://consumer.georgia.gov/consumer-topics/seniors-guide#main-content']",['Georgia\xa0Consumer\n \nProtection Guide for Older Adults - KOREAN'],Brochure,0.6355332732200623
FCRA 605B,https://consumer.georgia.gov/document/document/pdf-0089-fcra-605bpdf--UNPUBLISHED-document--DO-NOT-SHARE-this-URL--/download,65.5KB,65.4873046875,2012-08-13 11:05:05,Fed,,,2012-08-13 11:05:05,Adobe PDF Library 9.9,2,0,0,PDF 1.4,"['https://consumer.georgia.gov/identity-theft-letter-credit-bureau', 'https://consumer.georgia.gov/identity-theft-letter-credit-bureau#main-content']",['Fair\n \nCredit Reporting Act Section 605B [PDF]'],Letter,0.2628485858440399
GEORGIA REACQUIRED VEHICLE NONCONFORMITY DISCLOSURE AND WARRANTY NOTICE,https://consumer.georgia.gov/document/business-form/georgia-reacquired-vehicle-warranty-activation-notice/download,294.9KB,294.8857421875,2024-12-13 08:03:02,phil_n,,,2024-12-04 13:02:09,Adobe PDF Library 24.4.48,2,1,1,PDF 1.6,"['https://consumer.georgia.gov/business-services/manufacturers-lemon-law-required-filings', 'https://consumer.georgia.gov/business-services/manufacturers-lemon-law-required-filings#main-content']",['Georgia\xa0Reacquired Vehicle Warranty Activation Notice'],Notice,0.6903257369995117
download,https://law.georgia.gov/document/document/assurance-voluntary-compliance-tempoe-llcpdf/download,765.7KB,765.728515625,2023-09-12 16:01:06,,,,2023-09-11 10:01:04,Adobe PSL 1.3e for Canon,20,0,40,PDF 1.4,"['https://consumer.georgia.gov/press-releases/2023-09-20/carr-announces-35-million-multistate-settlement-leasing-company-tempoe', 'https://consumer.georgia.gov/press-releases/2023-09-20/carr-announces-35-million-multistate-settlement-leasing-company-tempoe#main-content']",['here'],Slides,0.5847142934799194
download,https://consumer.georgia.gov/document/document/cybersecurity-georgia-0/download,5.7MB,5805.3662109375,2021-01-15 15:01:02,,,,2019-09-17 23:00:00,Adobe PDF Library 15.0,24,1,22,PDF 1.6,"['https://consumer.georgia.gov/press-releases/2023-01-25/carr-recognizes-data-privacy-week-offers-online-security-tips#main-content', 'https://consumer.georgia.gov/press-releases/2023-01-25/carr-recognizes-data-privacy-week-offers-online-security-tips', 'https://consumer.georgia.gov/press-releases/2019-10-02/carr-releases-cybersecurity-guide-georgia-small-businesses-non-profits']","['website', 'Cybersecurity\n \nin Georgia', 'CLICK\n \nHERE']",Slides,0.46829506754875183
download,https://consumer.georgia.gov/document/document/elite-consent-orderpdf/download,4.4MB,4549.1123046875,2022-12-07 16:05:06,,,,2022-12-07 19:01:03,UniDoc v3.12.3 (Commercial License - Business) - http://unidoc.io,20,0,20,PDF 1.3,"['https://consumer.georgia.gov/press-releases/2023-01-11/carr-elite-integrated-medical-ordered-pay-over-287000-restitution', 'https://consumer.georgia.gov/press-releases/2023-01-11/carr-elite-integrated-medical-ordered-pay-over-287000-restitution#main-content']",['consent\n \njudgment'],Slides,0.7486286759376526
Microsoft Word - Elite Consumer Claim Form FINAL,https://law.georgia.gov/document/document/elite-consumer-claim-formpdf/download,484.5KB,484.5439453125,2023-01-06 15:05:03,cathym1,,,2023-01-06 15:05:03,Microsoft: Print To PDF,2,1,1,PDF 1.7,"['https://consumer.georgia.gov/press-releases/2023-01-11/carr-elite-integrated-medical-ordered-pay-over-287000-restitution', 'https://consumer.georgia.gov/press-releases/2023-01-11/carr-elite-integrated-medical-ordered-pay-over-287000-restitution#main-content']",['here'],Form,0.9302637577056885
Microsoft Word - Mavis Tire - Claim Form,https://consumer.georgia.gov/document/document/mavis-tire-claim-formpdf/download,482.9KB,482.88671875,2022-03-23 09:04:02,cathym1,,,2022-03-23 09:04:02,Microsoft: Print To PDF,2,1,1,PDF 1.7,"['https://consumer.georgia.gov/press-releases/2022-03-23/mavis-tire-supply-enters-settlement#main-content', 'https://consumer.georgia.gov/press-releases/2022-03-23/mavis-tire-supply-enters-settlement']",['here'],Form,0.9327943325042725
Microsoft Word - Evergreen Publishing Group Claim Form,https://consumer.georgia.gov/media/1176/download,661.3KB,661.267578125,2022-03-08 15:01:08,cathym1,,,2022-03-08 15:01:08,Microsoft: Print To PDF,2,2,1,PDF 1.7,"['https://consumer.georgia.gov/press-releases/2022-03-08/carr-announces-settlement-former-telemarketing-companies-and-owner', 'https://consumer.georgia.gov/press-releases/2022-03-08/carr-announces-settlement-former-telemarketing-companies-and-owner#main-content']",['here'],Form,0.9369154572486877
download,https://consumer.georgia.gov/document/document/naag-letter-22222pdf/download,5.3MB,5377.8642578125,2022-02-22 17:02:02,Lisa Jeter,,,2022-02-22 13:05:06,Microsoft® Word for Microsoft 365,20,0,58,PDF 1.7,"['https://consumer.georgia.gov/press-releases/2022-02-24/carr-urges-ftc-adopt-national-rule-outlawing-impersonation-scams', 'https://consumer.georgia.gov/press-releases/2022-02-24/carr-urges-ftc-adopt-national-rule-outlawing-impersonation-scams#main-content']",['here'],Slides,0.7350642085075378
download,https://law.georgia.gov/document/document/05102102pdf/download,641.7KB,641.720703125,2021-05-11 09:03:03,,,,2021-05-11 09:03:02,SAVIN IM C3000,8,0,8,PDF 1.4,"['https://consumer.georgia.gov/press-releases/2021-05-11/carr-kemp-declares-state-emergency-due-colonial-pipeline-cyber-incident#main-content', 'https://consumer.georgia.gov/press-releases/2021-05-11/carr-kemp-declares-state-emergency-due-colonial-pipeline-cyber-incident']",['State\xa0of Emergency'],Form,0.3606766164302826
ASSURANCE OF VOLUNTARY COMPLIANCE - PEAKS TRUST 2009-1 (GEORGIA).pdf,https://law.georgia.gov/document/document/peakstrustavcpdf/download,20.3MB,20736.955078125,2020-09-16 14:00:06,cathym1,,,2020-09-16 14:00:00,Microsoft: Print To PDF,36,0,104,PDF 1.7,"['https://consumer.georgia.gov/press-releases/2020-09-16/carr-and-ag-colleagues-secure-agreement-over-peaks-loans-defunct-profit#main-content', 'https://consumer.georgia.gov/press-releases/2020-09-16/carr-and-ag-colleagues-secure-agreement-over-peaks-loans-defunct-profit']",['Assurance of Voluntary Compliance'],Report,0.7403354048728943
download,https://consumer.georgia.gov/media/1191/download,9.8MB,10060.5205078125,2022-07-05 15:02:03,,,,2016-10-13 04:04:08,Adobe Acrobat Pro 11.0.9,82,12,500,PDF 1.5,['https://consumer.georgia.gov/press-releases/2019-08-05/carr-consumer-protection-division-yields-more-109m-georgia-consumers-and'],['Georgia\n \nMilitary Consumer Protection Guide'],Brochure,0.5113449096679688
Complaint%20for%20Injunctive%20Relief%2017A-08025-5.pdf,https://law.georgia.gov/sites/law.georgia.gov/files/related_files/press_release/Complaint%20for%20Injunctive%20Relief%2017A-08025-5.pdf,1.0MB,1024.6162109375,2017-08-18 11:05:04,,,,2017-08-17 09:00:09,Adobe PSL 1.2e for Canon,22,0,45,PDF 1.4,['https://consumer.georgia.gov/press-releases/2017-08-18/attorney-general-chris-carr-files-suit-against-companies-stop-unfair-and'],['Complaint'],Slides,0.6068621277809143
%28CAFN%2017-1-5434-58%29%20Complaint%20for%20Injunctive%20Relief.pdf,https://law.georgia.gov/sites/law.georgia.gov/files/related_files/press_release/%28CAFN%2017-1-5434-58%29%20Complaint%20for%20Injunctive%20Relief.pdf,4.0MB,4136.833984375,2017-07-19 10:00:03,,,,2017-07-18 15:02:07,PFU PDF Library 1.3.1,34,0,34,PDF 1.3,['https://consumer.georgia.gov/press-releases/2017-07-19/attorney-general-chris-carr-files-lawsuit-against-company-misleading'],['here'],Report,0.4373725652694702
Consent%20Judgement_Alder_Alarm%20Protection%20Georgia.pdf,https://law.georgia.gov/sites/law.georgia.gov/files/related_files/press_release/Consent%20Judgement_Alder_Alarm%20Protection%20Georgia.pdf,3.9MB,3978.3671875,2017-10-26 15:02:07,,,,2017-10-24 18:00:07,,30,0,30,PDF 1.6,['https://consumer.georgia.gov/press-releases/2017-10-26/carr-investigation-stops-deceptive-practices-targeting-elderly'],['Link to Consent Judgment'],Slides,0.7157769799232483
Complaint%20for%20Injunctive%20Relief_Alder_Alarm%20Protection%20Georgia.pdf,https://law.georgia.gov/sites/law.georgia.gov/files/related_files/press_release/Complaint%20for%20Injunctive%20Relief_Alder_Alarm%20Protection%20Georgia.pdf,1.1MB,1085.2041015625,2017-10-26 15:02:08,,,,2017-10-16 15:00:09,PFU PDF Library 1.4.1,23,0,23,PDF 1.6,['https://consumer.georgia.gov/press-releases/2017-10-26/carr-investigation-stops-deceptive-practices-targeting-elderly'],['Link to Complaint for Injunctive Relief'],Slides,0.6782206892967224
letters%20to%20CVS%20and%20PMBs.pdf,https://law.georgia.gov/sites/law.georgia.gov/files/related_files/press_release/letters%20to%20CVS%20and%20PMBs.pdf,480.6KB,480.626953125,2017-10-20 10:00:09,Jeremy Pearlman,,,2017-10-20 10:00:03,Adobe PDF Library 11.0,62,0,63,PDF 1.6,['https://consumer.georgia.gov/press-releases/2017-10-20/carr-joins-bipartisan-letter-urging-pbms-implement-opioid-mitigation'],['letters to CVS and PMBs.pdf'],Report,0.46771475672721863
download,http://gov.georgia.gov/document/proclamation/cybersecurity-awareness-month-october-2019/download,431.4KB,431.38671875,2019-08-15 14:00:02,,,,2019-08-15 14:00:02,SAVIN MP C3003,1,0,1,PDF 1.4,['https://consumer.georgia.gov/press-releases/2017-10-03/attorney-general-carr-recognizes-national-cyber-security-awareness-month'],['here'],Diagram,0.7110188007354736
Equifax.Letter%20to%20Counsel.9-15-17.pdf,https://law.georgia.gov/sites/law.georgia.gov/files/related_files/press_release/Equifax.Letter%20to%20Counsel.9-15-17.pdf,489.6KB,489.6279296875,2017-09-15 15:00:02,,,,2017-09-15 15:00:02,,6,0,24,PDF 1.6,['https://consumer.georgia.gov/press-releases/2017-09-18/attorney-general-chris-carr-provides-information-equifax-investigation'],['letter to Equifax'],Letter,0.9111375212669373
