file_name,url,file_size,file_size_kilobytes,last_modified_date,author,subject,keywords,creation_date,producer,number_of_pages,number_of_tables,number_of_images,version,source,text_around_link,predicted_category,predicted_category_confidence
201604_cfpb_list-of-consumer-reporting-companies.pdf,https://files.consumerfinance.gov/f/201604_cfpb_list-of-consumer-reporting-companies.pdf,461.2KB,461.17578125,2020-01-30 13:03:06,Bureau of Consumer Financial Protection,,,2020-01-21 13:01:04,Adobe PDF Library 19.21.90,35,0,1,PDF 1.6,"['https://consumered.georgia.gov/your-security/credit-freeze', 'https://consumered.georgia.gov/your-security/credit-freeze#main-content']",['credit reporting agencies'],Report,0.6686851382255554
Microsoft Word - Budget Worksheet-08-12-16,https://consumered.georgia.gov/document/publication/budget-pdf/download,87.3KB,87.33203125,2016-08-15 13:04:07,cathy_m,,,2016-08-15 13:04:07,Acrobat Distiller 10.1.16 (Windows),2,9,0,PDF 1.5,"['https://consumered.georgia.gov/documents/budget', 'https://consumered.georgia.gov/documents/budget#main-content']",['Budget\xa0PDF'],Spreadsheet,0.7705419063568115
Publication 594 (Rev. 5-2024),http://www.irs.gov/pub/irs-pdf/p594.pdf,160.6KB,160.6259765625,2024-03-18 09:04:05,SE:S:DCCOS:C:HQC:P:C,The IRS Collection Process,,2024-03-13 19:00:08,Adobe PDF Library 17.0,8,0,0,PDF 1.4,"['https://consumered.georgia.gov/ask-ed/2014-04-02/can-you-negotiate-or-lower-amount-you-owe-irs-part-1-2#main-content', 'https://consumered.georgia.gov/ask-ed/2014-04-02/can-you-negotiate-or-lower-amount-you-owe-irs-part-1-2']","['IRS Publication 594 - IRS Collection Process', 'IRS Publication 594']",Policy,0.5141780972480774
Form 656-B (Rev. 4-2025),http://www.irs.gov/pub/irs-pdf/f656b.pdf,930.0KB,930.021484375,2025-03-11 08:03:09,SE:S:C:HQC:P:OIC,Form 656 Booklet Offer in Compromise,,2025-03-11 08:03:02,Designer 6.5,32,79,3,PDF 1.7,"['https://consumered.georgia.gov/ask-ed/2014-04-02/can-you-negotiate-or-lower-amount-you-owe-irs-part-1-2#main-content', 'https://consumered.georgia.gov/ask-ed/2014-04-02/can-you-negotiate-or-lower-amount-you-owe-irs-part-1-2']","['IRS Form 656B - Offer in Compromise Booklet', 'IRS Form 656B (Offer in Compromise Booklet)']",Form,0.9437980055809021
Form 9465 (Rev. September 2020),http://www.irs.gov/pub/irs-pdf/f9465.pdf,113.1KB,113.1328125,2020-10-07 11:00:05,SE:W:CAR:MP,Installment Agreement Request,Fillable,2020-10-07 11:00:05,Adobe LiveCycle Designer ES 9.0,2,17,0,PDF 1.7,"['https://consumered.georgia.gov/ask-ed/2014-04-02/can-you-negotiate-or-lower-amount-you-owe-irs-part-1-2#main-content', 'https://consumered.georgia.gov/ask-ed/2014-04-02/can-you-negotiate-or-lower-amount-you-owe-irs-part-1-2']",['IRS Form 9465 - Installment Agreement Request'],Form,0.9894756078720093
Form 433F (Rev. 7-2024),http://www.irs.gov/pub/irs-pdf/f433f.pdf,149.8KB,149.8251953125,2024-07-16 12:04:00,SE:S:DCCOS:C:HQC:P:CR,Collection/Information Statement,,2024-07-16 12:03:01,Designer 6.5,4,6,0,PDF 1.7,"['https://consumered.georgia.gov/ask-ed/2014-04-02/can-you-negotiate-or-lower-amount-you-owe-irs-part-1-2#main-content', 'https://consumered.georgia.gov/ask-ed/2014-04-02/can-you-negotiate-or-lower-amount-you-owe-irs-part-1-2']",['IRS Form 433-F - Collection Information Statement'],Form,0.9921277761459351
Form 656-L (Rev. 5-2024),http://www.irs.gov/pub/irs-pdf/f656l.pdf,234.3KB,234.3232421875,2024-05-09 14:02:06,SE:S:C:HQC:P:OIC,Offer in Compromise Doubt as to Liability (DATL),,2024-05-09 14:02:06,Designer 6.5,9,15,1,PDF 1.7,"['https://consumered.georgia.gov/ask-ed/2014-04-02/can-you-negotiate-or-lower-amount-you-owe-irs-part-1-2#main-content', 'https://consumered.georgia.gov/ask-ed/2014-04-02/can-you-negotiate-or-lower-amount-you-owe-irs-part-1-2']",['IRS Form 656L - Offer in Compromise Doubt as to Liability'],Form,0.9909710884094238
54d1504cb1bd6_-_used-car-checklist.pdf,http://pop.h-cdn.co/assets/cm/15/06/54d1504cb1bd6_-_used-car-checklist.pdf,445.9KB,445.912109375,2011-09-21 15:03:00,,,,2011-09-21 15:03:00,Adobe PDF Library 8.0,2,7,0,PDF 1.7,"['https://consumered.georgia.gov/check-it-out#main-content', 'https://consumered.georgia.gov/check-it-out']",['Used Car Check-List'],Brochure,0.7465805411338806
Microsoft Word - Homeowners guide.doc,http://dph.georgia.gov/sites/dph.georgia.gov/files/EnvHealth/Sewage/OnsiteHomeownersGuide.pdf,380.9KB,380.8828125,2011-08-25 11:05:03,lefreymann,,,2011-08-25 11:05:03,Acrobat Distiller 7.0.5 (Windows),8,1,12,PDF 1.4,"['https://consumered.georgia.gov/ask-ed/2014-05-09/septic-service-company-misled-me-about-repair-costs', 'https://consumered.georgia.gov/ask-ed/2014-05-09/septic-service-company-misled-me-about-repair-costs#main-content']","[""A Homeowner's Guide to On-Site Sewage Management Systems""]",Brochure,0.782011091709137
