file_name,url,file_size,file_size_kilobytes,last_modified_date,author,subject,keywords,creation_date,producer,number_of_pages,number_of_tables,number_of_images,version,source,text_around_link,predicted_category,predicted_category_confidence
Action Officer,https://www.plainlanguage.gov/media/actionoff.pdf,397.6KB,397.587890625,2001-02-02 08:05:07,"John Beckno, 757-728-5684",Lesson 11--Writing,,2001-02-02 08:05:05,Acrobat Distiller 4.05 for Windows,51,40,0,PDF 1.2,"['https://digital.georgia.gov/blog-post/2023-02-09/theres-no-fine-print-government-websites', 'https://digital.georgia.gov/blog-post/2023-02-09/theres-no-fine-print-government-websites#main-content']",['training for staff officers'],Report,0.49976176023483276
toolkit.pdf,https://www.faa.gov/sites/faa.gov/files/about/initiatives/plain_language/articles/toolkit.pdf,321.4KB,321.421875,2010-01-26 12:02:02,,,,2010-01-26 12:02:02,cpdfsqueeze 2.3 http://coherentpdf.com/,2,2,2,PDF 1.4,"['https://digital.georgia.gov/blog-post/2023-02-09/theres-no-fine-print-government-websites', 'https://digital.georgia.gov/blog-post/2023-02-09/theres-no-fine-print-government-websites#main-content']",['plain language toolkit'],Brochure,0.6759135723114014
download,https://digital.georgia.gov/document/publication/search-engine-optimization-checklist/download,56.0KB,56.0458984375,2017-12-13 17:03:00,,,,2017-12-13 17:03:00,Adobe PDF Library 15.0,2,0,0,PDF 1.4,"['https://digital.georgia.gov/content-tools#main-content', 'https://digital.georgia.gov/resources/tools/content-tools', 'https://digital.georgia.gov/resources/tools/content-tools#main-content', 'https://digital.georgia.gov/content-tools', 'https://digital.georgia.gov/content-strategy', 'https://digital.georgia.gov/content-strategy#main-content']",['Search\xa0Engine Optimization (checklist)'],Form,0.32585886120796204
download,https://digital.georgia.gov/document/publication/editorial-style-guide-template/download,73.3KB,73.326171875,2017-12-13 16:05:09,,,,2017-12-13 16:05:09,Adobe PDF Library 15.0,4,3,0,PDF 1.4,"['https://digital.georgia.gov/writing-web', 'https://digital.georgia.gov/resources/tools/content-tools', 'https://digital.georgia.gov/content-tools#main-content', 'https://digital.georgia.gov/resources/tools/content-tools#main-content', 'https://digital.georgia.gov/content-tools', 'https://digital.georgia.gov/writing-web#main-content']",['Editorial\xa0Style Guide (template)'],Brochure,0.35229355096817017
4_empathy_map_template,https://digital.georgia.gov/document/publication/empathy-map-template/download,82.7KB,82.73828125,2017-12-13 15:05:06,,,,2017-12-13 15:05:06,Adobe PDF library 15.00,1,2,0,PDF 1.5,"['https://digital.georgia.gov/blog-post/2022-11-01/making-sure-your-users-feel-seen#main-content', 'https://digital.georgia.gov/blog-post/2022-11-01/making-sure-your-users-feel-seen', 'https://digital.georgia.gov/user-experience-ux-tools#main-content', 'https://digital.georgia.gov/user-experience-ux-tools', 'https://digital.georgia.gov/blog-post/2018-03-01/addressing-agency-needs-personas#main-content', 'https://digital.georgia.gov/personas#main-content', 'https://digital.georgia.gov/resources/tools/user-experience-ux-tools#main-content', 'https://digital.georgia.gov/book/export/html/2166', 'https://digital.georgia.gov/resources/tools/user-experience-ux-tools', 'https://digital.georgia.gov/personas', 'https://digital.georgia.gov/resources/tools/content-tools/content-strategy-playbook#main-content', 'https://digital.georgia.gov/blog-post/2018-03-01/addressing-agency-needs-personas', 'https://digital.georgia.gov/web-guide/content-strategy-playbook', 'https://digital.georgia.gov/resources/tools/content-tools/content-strategy-playbook']","['Empathy\n \nMap', 'Empathy\xa0Map', 'Empathy\xa0Map (template)']",Diagram,0.9899700284004211
5_day_in_the_life_template,https://digital.georgia.gov/document/publication/day-life-template/download,92.6KB,92.58203125,2017-12-13 16:00:01,,,,2017-12-13 16:00:01,Adobe PDF library 15.00,1,1,0,PDF 1.5,"['https://digital.georgia.gov/blog-post/2022-11-01/making-sure-your-users-feel-seen', 'https://digital.georgia.gov/user-experience-ux-tools#main-content', 'https://digital.georgia.gov/user-experience-ux-tools', 'https://digital.georgia.gov/blog-post/2018-03-01/addressing-agency-needs-personas#main-content', 'https://digital.georgia.gov/personas#main-content', 'https://digital.georgia.gov/resources/tools/user-experience-ux-tools#main-content', 'https://digital.georgia.gov/resources/tools/user-experience-ux-tools', 'https://digital.georgia.gov/personas', 'https://digital.georgia.gov/blog-post/2018-03-01/addressing-agency-needs-personas', 'https://digital.georgia.gov/blog-post/2022-11-01/making-sure-your-users-feel-seen#main-content']","['A\xa0Day in the Life', 'A\xa0Day in the Life (template)']",Policy,0.3180902302265167
2_customer_journey_template,https://digital.georgia.gov/document/publication/citizen-journey-map-template/download,124.8KB,124.8134765625,2017-12-13 16:01:01,,,,2017-12-13 16:01:01,Adobe PDF library 15.00,2,10,0,PDF 1.5,"['https://digital.georgia.gov/blog-post/2022-11-01/making-sure-your-users-feel-seen', 'https://digital.georgia.gov/user-experience-ux-tools#main-content', 'https://digital.georgia.gov/user-experience-ux-tools', 'https://digital.georgia.gov/citizen-journey-mapping', 'https://digital.georgia.gov/blog-post/2018-03-01/addressing-agency-needs-personas#main-content', 'https://digital.georgia.gov/training/state-certified-content-workshop/citizen-journey-mapping', 'https://digital.georgia.gov/citizen-journey-mapping#main-content', 'https://digital.georgia.gov/resources/tools/user-experience-ux-tools#main-content', 'https://digital.georgia.gov/blog-post/2017-07-11/digital-ecosystems-part-3', 'https://digital.georgia.gov/blog/2017-09-22/digital-ecosystems-part-3-cultivating-holistic-digital-strategy#main-content', 'https://digital.georgia.gov/resources/tools/user-experience-ux-tools', 'https://digital.georgia.gov/blog/2017-09-22/digital-ecosystems-part-3-cultivating-holistic-digital-strategy', 'https://digital.georgia.gov/training/state-certified-content-workshop/citizen-journey-mapping#main-content', 'https://digital.georgia.gov/blog-post/2018-03-01/addressing-agency-needs-personas', 'https://digital.georgia.gov/blog-post/2017-07-11/digital-ecosystems-part-3#main-content', 'https://digital.georgia.gov/blog-post/2022-11-01/making-sure-your-users-feel-seen#main-content']","['Citizen\xa0Journey Map (template)', 'Citizen\xa0Journey Map']",Brochure,0.3066011071205139
download,https://digital.georgia.gov/document/publication/explore-your-analytics/download,100.7KB,100.7001953125,2019-10-21 13:03:05,,,,2019-10-21 13:03:05,Adobe PDF Library 15.0,3,0,6,PDF 1.4,"['https://digital.georgia.gov/content-makeover', 'https://digital.georgia.gov/blog/2017-09-22/what-analytics-should-you-care-about#main-content', 'https://digital.georgia.gov/user-experience-ux-tools#main-content', 'https://digital.georgia.gov/user-experience-ux-tools', 'https://digital.georgia.gov/blog-post/2017-08-22/what-analytics-should-you-care-about#main-content', 'https://digital.georgia.gov/resources/tools/user-experience-ux-tools#main-content', 'https://digital.georgia.gov/content-makeover#main-content', 'https://digital.georgia.gov/resources/tools/user-experience-ux-tools', 'https://digital.georgia.gov/blog/2017-09-22/what-analytics-should-you-care-about', 'https://digital.georgia.gov/blog-post/2017-08-22/what-analytics-should-you-care-about']",['Explore\xa0Your Analytics'],Policy,0.34370118379592896
download,https://digital.georgia.gov/document/publication/agency-goals-vs-user-goals/download,29.7KB,29.716796875,2017-12-13 17:03:05,,,,2017-12-13 17:03:05,Adobe PDF Library 15.0,1,0,0,PDF 1.4,"['https://digital.georgia.gov/content-makeover', 'https://digital.georgia.gov/user-experience-ux-tools#main-content', 'https://digital.georgia.gov/user-experience-ux-tools', 'https://digital.georgia.gov/resources/tools/user-experience-ux-tools#main-content', 'https://digital.georgia.gov/content-makeover#main-content', 'https://digital.georgia.gov/resources/tools/user-experience-ux-tools']",['Agency\xa0Goals vs. User Goals'],Brochure,0.17548106610774994
download,https://digital.georgia.gov/document/publication/homepage-gut-check/download,29.1KB,29.10546875,2017-12-18 12:04:00,,,,2017-12-18 12:04:00,Adobe PDF Library 15.0,1,0,0,PDF 1.4,"['https://digital.georgia.gov/content-makeover', 'https://digital.georgia.gov/blog-post/2017-09-07/helping-citizens#main-content', 'https://digital.georgia.gov/user-experience-ux-tools#main-content', 'https://digital.georgia.gov/user-experience-ux-tools', 'https://digital.georgia.gov/blog/2017-09-22/business-helping-citizens-not-building-websites', 'https://digital.georgia.gov/blog/2017-09-22/business-helping-citizens-not-building-websites#main-content', 'https://digital.georgia.gov/resources/tools/user-experience-ux-tools#main-content', 'https://digital.georgia.gov/content-makeover#main-content', 'https://digital.georgia.gov/resources/tools/user-experience-ux-tools', 'https://digital.georgia.gov/blog-post/2017-09-07/helping-citizens']",['Homepage\xa0Gut Check'],Spreadsheet,0.2547471523284912
HDI Template,https://digital.georgia.gov/document/document/how-do-i-templatepdf/download,72.8KB,72.775390625,,,,,,Skia/PDF m114 Google Docs Renderer,2,1,0,PDF 1.4,"['https://digital.georgia.gov/blog-post/2023-04-27/how-do-i', 'https://digital.georgia.gov/blog-post/2023-04-27/how-do-i#main-content']",['How\xa0Do I Template.pdf'],Policy,0.23344716429710388
ga_state_seal,https://digital.georgia.gov/document/publication/state-georgia-seal-pdf/download,399.5KB,399.494140625,2013-04-24 16:01:05,,,,2013-04-24 16:01:05,Adobe PDF library 9.90,1,0,0,PDF 1.5,"['https://digital.georgia.gov/resources/tools/branding-georgia-state-agencies#main-content', 'https://digital.georgia.gov/resources/tools/branding-georgia-state-agencies']",['State\xa0of Georgia Seal (PDF)'],Diagram,0.6881732940673828
download,https://digital.georgia.gov/document/publication/plan-your-content/download,34.7KB,34.6708984375,2017-12-13 16:01:07,,,,2017-12-13 16:01:07,Adobe PDF Library 15.0,1,1,0,PDF 1.4,"['https://digital.georgia.gov/book/export/html/2166', 'https://digital.georgia.gov/resources/tools/content-tools/content-strategy-playbook#main-content', 'https://digital.georgia.gov/blog-post/2017-02-21/content-strategy-business-first#main-content', 'https://digital.georgia.gov/web-guide/content-strategy-playbook', 'https://digital.georgia.gov/resources/tools/content-tools/content-strategy-playbook', 'https://digital.georgia.gov/content-strategy', 'https://digital.georgia.gov/content-strategy#main-content', 'https://digital.georgia.gov/blog-post/2017-02-21/content-strategy-business-first']","['Content\n \nStrategy Planner', 'Plan\xa0Your Content', 'Use\n \nthis template']",Spreadsheet,0.17264752089977264
Microsoft Word - Password Security SS-08-007.01.doc,http://gta.georgia.gov/document/publication/107927821password-security-ss-08-00701pdf/download,37.2KB,37.212890625,,tmorris,,,2008-09-05 20:04:05,doPDF   Ver 5.3 Build 250 (Windows XP),3,5,1,PDF 1.4,"['https://digital.georgia.gov/web-standards/40-social-media-guidelines', 'https://digital.georgia.gov/book/export/html/33', 'https://digital.georgia.gov/web-standards/40-social-media-guidelines#main-content', 'https://digital.georgia.gov/book/export/html/51']",['Password Security standards'],Policy,0.20921334624290466
Microsoft Word - SOCIAL MEDIA GM-11.002.01,http://gta.georgia.gov/document/publication/172262187social-media-gm-11-00201pdf/download,83.5KB,83.45703125,2012-01-18 08:05:09,sshama,,,2012-01-18 08:05:09,GPL Ghostscript 8.64,4,1,1,PDF 1.3,"['https://digital.georgia.gov/web-standards/40-social-media-guidelines', 'https://digital.georgia.gov/book/export/html/33', 'https://digital.georgia.gov/web-standards/40-social-media-guidelines#main-content', 'https://digital.georgia.gov/book/export/html/51']",['Social Media in IT Management'],Policy,0.3338682949542999
Microsoft Word - Password Security SS-08-007.01.doc,https://digital.georgia.gov/document/document/password-security/download,37.2KB,37.212890625,,tmorris,,,2008-09-05 20:04:05,doPDF   Ver 5.3 Build 250 (Windows XP),3,5,1,PDF 1.4,"['https://digital.georgia.gov/46-social-bookmarking-eg-pinterest', 'https://digital.georgia.gov/book/export/html/54', 'https://digital.georgia.gov/web-standards/43-microblogs-eg-twitter', 'https://digital.georgia.gov/46-social-bookmarking-eg-pinterest#main-content', 'https://digital.georgia.gov/book/export/html/33', 'https://digital.georgia.gov/web-standards/43-microblogs-eg-twitter#main-content', 'https://digital.georgia.gov/book/export/html/241', 'https://digital.georgia.gov/book/export/html/51']","['Password\n \nSecurity standards (PDF)', 'Password\n \nSecurity standards']",Policy,0.20921334624290466
download,https://sao.georgia.gov/document/document/fiscal-management-objectives-7-2022rkpdf/download,171.4KB,171.427734375,2022-07-20 07:00:06,"Astin, Tanya",,,2022-07-20 07:00:06,,4,1,1,PDF 1.7,"['https://digital.georgia.gov/book/export/html/59', 'https://digital.georgia.gov/book/export/html/33', 'https://digital.georgia.gov/book/export/html/57', 'https://digital.georgia.gov/web-standards/52-pdf-and-alternate-file-formats', 'https://digital.georgia.gov/web-standards/52-pdf-and-alternate-file-formats#main-content']",['Fiscal Management Objectives'],Brochure,0.41230449080467224
"GOVTalks Spring 2020, Playbook",https://digital.georgia.gov/document/document/govtalks-spring-2020-playbook/download,429.5KB,429.53515625,2020-04-27 23:01:01,"Hart, Rachel",,,2020-04-27 23:01:01,Adobe PDF Library 19.10.131,8,3,11,PDF 1.6,"['https://digital.georgia.gov/govtalks/2020-04-28/govtalks-spring-2020', 'https://digital.georgia.gov/blog/2020-05-29/how-define-success-your-digital-properties', 'https://digital.georgia.gov/govtalks/2020-04-28/govtalks-spring-2020#main-content', 'https://digital.georgia.gov/blog/2020-05-29/how-define-success-your-digital-properties#main-content']","['GOVTalks\n \nPlaybook', 'DSGa\n \nPlaybook']",Policy,0.2398664951324463
download,https://digital.georgia.gov/document/document/keynote-new-role-your-website/download,2.9MB,2985.9892578125,,,,,,,77,100,203,PDF 1.4,"['https://digital.georgia.gov/govtalks/2019-05-22/govtalks-spring-2019#main-content', 'https://digital.georgia.gov/govtalks/2019-05-22/govtalks-spring-2019']",['Keynote:\xa0The new role of your website'],Report,0.5676833391189575
download,https://digital.georgia.gov/document/document/govtalks-spring-2019-migration-schedule-update/download,5.2MB,5331.1474609375,,,,,,,30,26,26,PDF 1.4,"['https://digital.georgia.gov/govtalks/2019-05-22/govtalks-spring-2019#main-content', 'https://digital.georgia.gov/govtalks/2019-05-22/govtalks-spring-2019']",['GOVTalks\xa0Spring 2019 - Migration Schedule Update'],Slides,0.4842107892036438
download,https://digital.georgia.gov/document/document/govtalks-spring-2019-best-way-use-new-content-types-d8/download,1.2MB,1233.5341796875,,,,,,,63,58,58,PDF 1.4,"['https://digital.georgia.gov/govtalks/2019-05-22/govtalks-spring-2019#main-content', 'https://digital.georgia.gov/govtalks/2019-05-22/govtalks-spring-2019']",['GOVTalks\xa0Spring 2019 - Best Way to Use New Content Types in D8'],Report,0.4924905300140381
download,https://digital.georgia.gov/document/document/govtalks-spring-2019-designing-smart-layouts-govhub/download,5.6MB,5734.583984375,,,,,,,66,58,104,PDF 1.4,"['https://digital.georgia.gov/govtalks/2019-05-22/govtalks-spring-2019#main-content', 'https://digital.georgia.gov/govtalks/2019-05-22/govtalks-spring-2019']",['GOVTalks\xa0Spring 2019 - Designing smart layouts in the GOVHub'],Report,0.8070810437202454
download,https://digital.georgia.gov/document/document/govhub-block-types/download,521.9KB,521.9248046875,,,,,,Skia/PDF m77,6,0,13,PDF 1.5,"['https://digital.georgia.gov/govtalks/2019-05-22/govtalks-spring-2019#main-content', 'https://digital.georgia.gov/hub/2019-08-06/why-use-wireframes', 'https://digital.georgia.gov/hub/2019-08-06/why-use-wireframes#main-content', 'https://digital.georgia.gov/govtalks/2019-05-22/govtalks-spring-2019']","['GovHub\xa0Block Types', 'GovHub\n \nBlock Types handout']",Policy,0.23074306547641754
download,https://digital.georgia.gov/document/document/landing-page-columns-template/download,8.1KB,8.1357421875,2019-07-29 18:01:08,,,,2019-07-29 18:01:08,macOS Version 10.14.5 (Build 18F132) Quartz PDFContext,1,0,0,PDF 1.4,"['https://digital.georgia.gov/govtalks/2019-05-22/govtalks-spring-2019#main-content', 'https://digital.georgia.gov/govtalks/2019-05-22/govtalks-spring-2019']",['Landing\xa0Page columns template'],Spreadsheet,0.3698176145553589
download,https://digital.georgia.gov/document/document/govtalks-preparing-content-drupal-8-migration/download,227.9KB,227.9111328125,,,,,,,39,40,23,PDF 1.4,"['https://digital.georgia.gov/govtalks/2019-05-22/govtalks-spring-2019#main-content', 'https://digital.georgia.gov/govtalks/2019-05-22/govtalks-spring-2019']",['GOVTalks\xa0| Preparing Content for the Drupal 8 Migration'],Report,0.5433973670005798
download,https://digital.georgia.gov/document/publication/need-unified-branded-digital-platform/download,3.6MB,3726.1513671875,2018-09-26 09:03:05,,,,2018-09-26 09:03:05,Microsoft® PowerPoint® 2016,72,7,107,PDF 1.5,"['https://digital.georgia.gov/govtalks/2018-09-13/govtalks-fall-2018-people-people', 'https://digital.georgia.gov/govtalks/2018-09-13/govtalks-fall-2018-people-people#main-content']",['The\xa0Need for a Unified Branded Digital Platform'],Report,0.7311514019966125
Building Georgia’s Digital System,https://digital.georgia.gov/document/publication/building-georgias-digital-system/download,2.9MB,3003.6298828125,2018-09-26 09:03:06,,,,2018-09-26 09:03:06,Microsoft® PowerPoint® 2016,83,1,133,PDF 1.5,"['https://digital.georgia.gov/govtalks/2018-09-13/govtalks-fall-2018-people-people', 'https://digital.georgia.gov/govtalks/2018-09-13/govtalks-fall-2018-people-people#main-content']","[""Building\xa0Georgia's Digital System""]",Report,0.6314154267311096
download,https://digital.georgia.gov/document/publication/path-drupal-8/download,1.9MB,1963.796875,2018-09-25 16:01:06,,,,2018-09-25 16:01:06,,52,54,161,PDF 1.4,"['https://digital.georgia.gov/govtalks/2018-09-13/govtalks-fall-2018-people-people', 'https://digital.georgia.gov/govtalks/2018-09-13/govtalks-fall-2018-people-people#main-content']",['Path\xa0to Drupal 8'],Report,0.5497981905937195
GovTalks Presentation 01 GO TOM_Invert_3,https://digital.georgia.gov/document/publication/designing-human-centered-government/download,143.3MB,146734.0400390625,2018-09-25 14:01:01,,,,2018-09-25 14:01:01,Mac OS X 10.13.6 Quartz PDFContext,105,4,152,PDF 1.5,"['https://digital.georgia.gov/govtalks/2018-09-13/govtalks-fall-2018-people-people', 'https://digital.georgia.gov/govtalks/2018-09-13/govtalks-fall-2018-people-people#main-content']",['Designing\xa0a Human-Centered Government'],Slides,0.9712636470794678
download,https://digital.georgia.gov/document/publication/slide-deck-be-part-georgias-digital-future/download,2.8MB,2834.3251953125,,,,,,,86,115,312,PDF 1.4,"['https://digital.georgia.gov/govtalks/2017-11-14/govtalks-fall-2017-future-your-website', 'https://digital.georgia.gov/govtalks/2017-11-14/govtalks-fall-2017-future-your-website#main-content']","[""Slide\xa0Deck: Be a Part of Georgia's Digital Future""]",Report,0.5841017365455627
GAgov_Ui_Capes_BDNA.key,https://digital.georgia.gov/document/publication/slide-deck-user-insight-our-history-our-process-behavior-dna/download,23.6MB,24165.1142578125,2017-11-06 19:04:06,,,,2017-11-06 19:04:06,Mac OS X 10.12.6 Quartz PDFContext,27,8,130,PDF 1.4,"['https://digital.georgia.gov/govtalks/2017-11-14/govtalks-fall-2017-future-your-website', 'https://digital.georgia.gov/govtalks/2017-11-14/govtalks-fall-2017-future-your-website#main-content']","['Slide\xa0Deck: User Insight | Our History, Our Process, & Behavior DNA']",Slides,0.4679889380931854
GGI Gov Talk_final,https://digital.georgia.gov/document/publication/slide-deck-findings-ux-study-georgias-state-websites/download,24.7MB,25306.9404296875,2017-11-16 16:01:06,,,,2017-11-16 16:01:06,Mac OS X 10.12.6 Quartz PDFContext,38,11,123,PDF 1.4,"['https://digital.georgia.gov/govtalks/2017-11-14/govtalks-fall-2017-future-your-website', 'https://digital.georgia.gov/govtalks/2017-11-14/govtalks-fall-2017-future-your-website#main-content']","[""Slide\xa0Deck: Findings from UX Study of Georgia's State Websites""]",Report,0.7499054670333862
The Future of Georgia’s  Web Platform,https://digital.georgia.gov/document/publication/slide-deck-planning-future-georgias-web-platform/download,3.8MB,3941.9072265625,2017-12-12 17:02:06,"Deshpande, Nikhil",,,2017-12-12 17:02:06,Adobe PDF Library 15.0,114,12,230,PDF 1.5,"['https://digital.georgia.gov/govtalks/2017-11-14/govtalks-fall-2017-future-your-website', 'https://digital.georgia.gov/govtalks/2017-11-14/govtalks-fall-2017-future-your-website#main-content']",['Slide\xa0Deck: Planning for the Future of Georgia’s Web Platform'],Report,0.7548733353614807
DSGa 2023 Report,https://digital.georgia.gov/document/publication/2024-year-end-report/download,8.0MB,8239.623046875,2024-12-12 16:05:00,,,,2024-12-12 16:05:00,Adobe PDF Library 17.0,22,1,22,PDF 1.7,"['https://digital.georgia.gov/2024-year-review', 'https://digital.georgia.gov/2024-year-review#main-content']",['Download the Report'],Report,0.8540706038475037
DSGa 2023 Report,https://digital.georgia.gov/document/document/year-end-report-2023/download,2.2MB,2257.1064453125,2023-12-18 15:01:02,,,,2023-12-18 15:01:02,Adobe PDF Library 17.0,15,1,18,PDF 1.4,"['https://digital.georgia.gov/2023-year-review#main-content', 'https://digital.georgia.gov/2023-year-review']",['Download the Report'],Report,0.9794460535049438
A Guide to Analytics,https://digital.georgia.gov/document/document/gta-dsga-2022-year-end-report/download,1.7MB,1691.779296875,2022-12-19 17:05:09,,,,2022-12-19 17:05:09,Adobe PDF Library 17.0,24,0,43,PDF 1.7,"['https://digital.georgia.gov/2022-year-review', 'https://digital.georgia.gov/2022-year-review#main-content']",['Download the 2022 Year End Report'],Report,0.7669567465782166
mobile-page-speed-new-industry-benchmarks.pdf,https://think.storage.googleapis.com/docs/mobile-page-speed-new-industry-benchmarks.pdf,1.7MB,1711.640625,2017-02-24 16:04:07,,Metadata goes here.,,2017-02-24 16:04:07,Adobe PDF Library 15.0,11,0,21,PDF 1.7,"['https://digital.georgia.gov/hub/2023-03-10/picture-perfect#main-content', 'https://digital.georgia.gov/hub/2023-03-10/picture-perfect']",['ThinkWithGoogle'],Report,0.2962270677089691
3_persona_template,https://digital.georgia.gov/document/publication/personas-template/download,29.8MB,30562.083984375,2017-12-13 15:05:04,,,,2017-12-13 15:05:04,Adobe PDF library 15.00,3,0,1,PDF 1.5,"['https://digital.georgia.gov/blog-post/2022-11-01/making-sure-your-users-feel-seen', 'https://digital.georgia.gov/blog-post/2018-03-01/addressing-agency-needs-personas#main-content', 'https://digital.georgia.gov/personas#main-content', 'https://digital.georgia.gov/blog-post/2017-07-11/digital-ecosystems-part-3', 'https://digital.georgia.gov/blog/2017-09-22/digital-ecosystems-part-3-cultivating-holistic-digital-strategy#main-content', 'https://digital.georgia.gov/blog/2017-09-22/digital-ecosystems-part-3-cultivating-holistic-digital-strategy', 'https://digital.georgia.gov/personas', 'https://digital.georgia.gov/blog-post/2018-03-01/addressing-agency-needs-personas', 'https://digital.georgia.gov/blog-post/2017-07-11/digital-ecosystems-part-3#main-content', 'https://digital.georgia.gov/blog-post/2022-11-01/making-sure-your-users-feel-seen#main-content']","['Personas\xa0(template)', 'Personas']",Brochure,0.6183127760887146
download,https://digital.georgia.gov/document/taxonomy-user-manual/download,424.9KB,424.9111328125,2016-07-21 13:02:02,kskeene,,,2016-07-21 13:02:02,Microsoft® Word 2013,6,1,10,PDF 1.5,"['https://digital.georgia.gov/how-does-your-audience-find-you#main-content', 'https://digital.georgia.gov/how-does-your-audience-find-you', 'https://digital.georgia.gov/book/export/html/2151', 'https://digital.georgia.gov/book/export/html/2166', 'https://digital.georgia.gov/book-page/how-does-your-audience-find-you', 'https://digital.georgia.gov/book-page/how-does-your-audience-find-you#main-content']",['Taxonomy\n \nUser Manual'],Brochure,0.20402728021144867
download,https://digital.georgia.gov/document/document/state-ai-govtechpdf/download,5.4MB,5505.6162109375,2023-12-19 13:02:04,,,,2023-12-19 13:02:04,,63,1,125,PDF 1.7,"['https://digital.georgia.gov/blog-post/2023-12-21/glimpse-states-future-artificial-intelligence#main-content', 'https://digital.georgia.gov/blog-post/2023-12-21/glimpse-states-future-artificial-intelligence']",['The\n \nState of AI in GovTech: Exploring the Future and Charting the Course'],Report,0.6849956512451172
NASA Graphics Standards Manual (NHB 1430.2) (January 1976),https://www.nasa.gov/sites/default/files/atoms/files/nasa_graphics_manual_nhb_1430-2_jan_1976.pdf,3.4MB,3443.267578125,2015-09-08 15:03:02,,Appropriate use of the NASA logotype,,2015-07-29 14:04:03,Adobe Acrobat Pro 11.0.0 Paper Capture Plug-in,60,0,104,PDF 1.7,"['https://digital.georgia.gov/blog-post/2020-06-11/introducing-orchard', 'https://digital.georgia.gov/blog-post/2020-06-11/introducing-orchard#main-content']",['check out this PDF version of the NASA one'],Report,0.6514959931373596
download,https://digital.georgia.gov/document/mobile-friendly-checklist/download,98.4KB,98.408203125,2014-07-01 15:02:06,kskeene,,,2014-07-01 15:02:06,Adobe PDF Library 11.0,1,0,0,PDF 1.5,"['https://digital.georgia.gov/blog-post/2021-05-20/seo-101-govhub-gives-you-head-start', 'https://digital.georgia.gov/blog-post/2015-01-22/my-website-responsive-now-what#main-content', 'https://digital.georgia.gov/blog-post/2015-01-22/my-website-responsive-now-what', 'https://digital.georgia.gov/blog-post/2021-05-20/seo-101-govhub-gives-you-head-start#main-content']","['user\n \nexperience mobile-friendly', 'Mobile\n \nFriendly checklist']",Letter,0.22628562152385712
download,https://digital.georgia.gov/document/our-training-guide/download,1.5MB,1517.341796875,2017-01-06 15:04:02,kskeene,,,2017-01-06 15:04:02,Microsoft® Word 2016,42,5,31,PDF 1.5,"['https://digital.georgia.gov/blog-post/2016-10-11/part-2-content-managers-guide#main-content', 'https://digital.georgia.gov/blog-post/2016-10-11/part-2-content-managers-guide', 'https://digital.georgia.gov/blog/2016-10-04/content-manager%E2%80%99s-guide-3-principles-part-2-image-and-videos#main-content', 'https://digital.georgia.gov/blog-post/2015-05-19/office-locations#main-content', 'https://digital.georgia.gov/blog-post/2015-05-19/office-locations', 'https://digital.georgia.gov/blog/2015-05-19/better-way-list-office-locations-your-platform-website', 'https://digital.georgia.gov/blog/2015-05-19/better-way-list-office-locations-your-platform-website#main-content', 'https://digital.georgia.gov/blog/2016-10-04/content-manager%E2%80%99s-guide-3-principles-part-2-image-and-videos']","['manual', 'Editor’s\n \nTraining Manual', 'Editors\n \nGuide']",Brochure,0.5086817741394043
186385699r1.pdf,http://law.ga.gov/sites/law.georgia.gov/files/imported/vgn/images/portal/cit_1210/62/51/186385699r1.pdf,129.6KB,129.5869140625,2012-06-12 15:02:09,,,,2012-06-12 15:02:09,pdfDocs version 3.2.8.13 (www.docscorp.com),23,0,0,PDF 1.4,"['https://digital.georgia.gov/internal-policy#main-content', 'https://digital.georgia.gov/book/export/html/2816', 'https://digital.georgia.gov/blog-post/2017-06-13/dont-delete-post', 'https://digital.georgia.gov/book/export/html/2821', 'https://digital.georgia.gov/blog-post/2017-06-13/dont-delete-post#main-content', 'https://digital.georgia.gov/internal-policy']",['Georgia Open Records Act'],Policy,0.3954986333847046
Chunks vs. Blobs,https://digital.georgia.gov/document/publication/slide-deck-value-structured-content/download,7.4MB,7547.9267578125,2016-12-20 09:00:05,"Skeene, Kendra",,,2016-12-20 09:00:05,Microsoft® PowerPoint® 2016,77,1,101,PDF 1.5,"['https://digital.georgia.gov/blog-post/2017-03-07/twitter-cards-part-1-structure-your-social-media-content#main-content', 'https://digital.georgia.gov/blog-post/2017-03-07/twitter-cards-part-1', 'https://digital.georgia.gov/govtalks/2016-11-16/govtalks-fall-2016-digital-ecosystems#main-content', 'https://digital.georgia.gov/govtalks/2016-11-16/govtalks-fall-2016-digital-ecosystems', 'https://digital.georgia.gov/blog/2017-03-06/twitter-cards-part-1-structure-your-social-media-content#main-content', 'https://digital.georgia.gov/blog/2017-03-06/twitter-cards-part-1-structure-your-social-media-content', 'https://digital.georgia.gov/blog-post/2017-03-07/twitter-cards-part-1#main-content', 'https://digital.georgia.gov/blog-post/2017-03-07/twitter-cards-part-1-structure-your-social-media-content']","['Slide\xa0Deck: The Value of Structured Content', 'importance\n \nof structuring content']",Report,0.7913702130317688
gpstc-hueristic-2 copy,https://digital.georgia.gov/document/publication/gpstc-heuristic-report/download,76.6KB,76.6201171875,2018-08-23 18:03:08,,,,2018-08-14 17:01:01,Adobe PDF library 15.00,6,1,0,PDF 1.5,"['https://digital.georgia.gov/blog-post/2019-01-17/gpstc-usability-testing', 'https://digital.georgia.gov/blog-post/2019-01-17/gpstc-usability-testing#main-content']",['GPSTC\xa0Heuristic Report'],Report,0.9611777663230896
 Guidelines for Using Generative AI,https://www.boston.gov/sites/default/files/file/2023/05/Guidelines-for-Using-Generative-AI-2023.pdf,196.6KB,196.62890625,,,,,,Skia/PDF m115 Google Docs Renderer,10,0,10,PDF 1.4,"['https://digital.georgia.gov/blog-post/2023-08-21/your-most-important-users-may-not-be-human-all', 'https://digital.georgia.gov/blog-post/2023-08-21/your-most-important-users-may-not-be-human-all#main-content']","['Boston,']",Policy,0.5893592238426208
Seattle IT Memo,https://www.nlc.org/wp-content/uploads/2023/05/IPM2301-UseofGenerativeArtificialIntelligence_InterimPolicy.pdf,196.8KB,196.8369140625,2023-04-18 10:04:00,Jim Loter,,,2023-04-18 10:04:00,Microsoft® Word for Microsoft 365,3,1,1,PDF 1.7,"['https://digital.georgia.gov/blog-post/2023-08-21/your-most-important-users-may-not-be-human-all', 'https://digital.georgia.gov/blog-post/2023-08-21/your-most-important-users-may-not-be-human-all#main-content']","['Seattle,']",Brochure,0.3548077642917633
PowerPoint Presentation,https://digital.georgia.gov/document/publication/slide-deck-mobile-not-future/download,3.6MB,3705.7099609375,2013-10-02 15:03:02,"Deshpande, Nikhil",,,2013-10-02 15:03:02,Adobe PDF Library 10.0,55,1,52,PDF 1.5,"['https://digital.georgia.gov/govtalks/2013-09-25/govtalks-fall-2013-mobile#main-content', 'https://digital.georgia.gov/govtalks/2013-09-25/govtalks-fall-2013-mobile']",['Slide\xa0Deck: Mobile is Not the Future'],Slides,0.9955071210861206
TITLE GOES HERE,https://digital.georgia.gov/document/publication/slide-deck-what-responsive-web-design/download,4.0MB,4053.736328125,2013-10-07 11:02:02,clingga,,,2013-10-07 11:02:01,Adobe PDF Library 11.0,27,0,129,PDF 1.7,"['https://digital.georgia.gov/govtalks/2013-09-25/govtalks-fall-2013-mobile#main-content', 'https://digital.georgia.gov/govtalks/2013-09-25/govtalks-fall-2013-mobile']",['Slide\xa0Deck: What is Responsive Web Design?'],Slides,0.5513288974761963
TITLE GOES HERE,https://digital.georgia.gov/document/publication/slide-deck-getting-ready-responsive/download,744.6KB,744.619140625,2013-10-07 11:02:00,clingga,,,2013-10-07 11:02:00,Microsoft® PowerPoint® 2010,18,0,38,PDF 1.5,"['https://digital.georgia.gov/govtalks/2013-09-25/govtalks-fall-2013-mobile#main-content', 'https://digital.georgia.gov/govtalks/2013-09-25/govtalks-fall-2013-mobile']",['Slide\xa0Deck: Getting Ready for Responsive'],Slides,0.42128220200538635
Creating a Digital Ecosystem,https://digital.georgia.gov/document/publication/slide-deck-creating-digital-ecosystem/download,3.9MB,3995.666015625,2016-12-20 08:04:08,"Deshpande, Nikhil",,,2016-12-20 08:04:08,Microsoft® PowerPoint® 2016,47,3,45,PDF 1.5,"['https://digital.georgia.gov/govtalks/2016-11-16/govtalks-fall-2016-digital-ecosystems', 'https://digital.georgia.gov/govtalks/2016-11-16/govtalks-fall-2016-digital-ecosystems#main-content']",['Slide\xa0Deck: Creating a Digital Ecosystem'],Report,0.8046197891235352
Better Delivery Through Data,https://digital.georgia.gov/document/publication/slide-deck-omni-channel-government/download,2.2MB,2303.05859375,2016-12-20 09:00:01,,,,2016-12-20 09:00:01,Microsoft® PowerPoint® 2016,27,2,44,PDF 1.5,"['https://digital.georgia.gov/govtalks/2016-11-16/govtalks-fall-2016-digital-ecosystems', 'https://digital.georgia.gov/govtalks/2016-11-16/govtalks-fall-2016-digital-ecosystems#main-content']",['Slide\xa0Deck: Omni-Channel for Government'],Slides,0.5180209875106812
Breathe Life into Your Dying Data,https://digital.georgia.gov/document/publication/slide-deck-turning-your-data-information/download,1.7MB,1782.849609375,2016-12-20 09:00:07,"Lohrmann, Johann",,,2016-12-20 09:00:07,Microsoft® PowerPoint® 2016,68,1,28,PDF 1.5,"['https://digital.georgia.gov/govtalks/2016-11-16/govtalks-fall-2016-digital-ecosystems', 'https://digital.georgia.gov/govtalks/2016-11-16/govtalks-fall-2016-digital-ecosystems#main-content']",['Slide\xa0Deck: Turning Your Data Into Information'],Report,0.5669435858726501
Get The Most Out Of Your Content,https://digital.georgia.gov/document/publication/slide-deck-getting-most-out-your-content/download,4.7MB,4852.9228515625,2016-12-20 09:00:09,"Lohrmann, Johann",,,2016-12-20 09:00:09,Microsoft® PowerPoint® 2016,82,3,57,PDF 1.5,"['https://digital.georgia.gov/govtalks/2016-11-16/govtalks-fall-2016-digital-ecosystems', 'https://digital.georgia.gov/govtalks/2016-11-16/govtalks-fall-2016-digital-ecosystems#main-content']",['Slide\xa0Deck: Getting the Most Out of Your Content'],Report,0.8379895687103271
Don’t tell me show me,https://digital.georgia.gov/document/publication/slide-deck-dont-tell-me-show-me/download,2.0MB,2097.060546875,2015-11-24 09:05:03,"McDaniel, Bethany",,,2015-11-24 09:05:03,Microsoft® PowerPoint® 2010,37,0,25,PDF 1.5,"['https://digital.georgia.gov/govtalks/2015-11-11/govtalks-fall-2015-data#main-content', 'https://digital.georgia.gov/govtalks/2015-11-11/govtalks-fall-2015-data']","[""Slide\xa0Deck: Don't Tell Me. Show Me.""]",Report,0.6321770548820496
GovTalks 2015.key,https://digital.georgia.gov/document/publication/slide-deck-civic-hackers-and-you/download,5.2MB,5347.7529296875,2015-11-18 05:02:09,,,,2015-11-18 05:02:09,Mac OS X 10.10.5 Quartz PDFContext,43,0,53,PDF 1.4,"['https://digital.georgia.gov/govtalks/2015-11-11/govtalks-fall-2015-data#main-content', 'https://digital.georgia.gov/govtalks/2015-11-11/govtalks-fall-2015-data']",['Slide\xa0Deck: Civic Hackers and You'],Report,0.7110690474510193
NuCivic - GovTalks,https://digital.georgia.gov/document/publication/slide-deck-opensaas-solutions-government/download,2.4MB,2430.1884765625,2015-11-18 09:04:08,Sid Burgess,,,2015-11-18 09:04:08,Microsoft® PowerPoint® 2013,31,0,27,PDF 1.5,"['https://digital.georgia.gov/govtalks/2015-11-11/govtalks-fall-2015-data#main-content', 'https://digital.georgia.gov/govtalks/2015-11-11/govtalks-fall-2015-data']",['Slide\xa0Deck: OpenSaaS Solutions for Government'],Slides,0.4249136447906494
download,https://digital.georgia.gov/document/publication/slide-deck-innovative-data-usage-digital-world/download,1.2MB,1232.9384765625,2015-11-24 09:05:03,"McDaniel, Bethany",,,2015-11-24 09:05:03,Microsoft® PowerPoint® 2010,21,0,37,PDF 1.5,"['https://digital.georgia.gov/govtalks/2015-11-11/govtalks-fall-2015-data#main-content', 'https://digital.georgia.gov/govtalks/2015-11-11/govtalks-fall-2015-data']",['Slide\xa0Deck: Innovative Data Usage in a Digital World'],Slides,0.6309846639633179
Google Analytics Made Easy,https://digital.georgia.gov/document/publication/slide-deck-google-analytics-made-easy/download,1.7MB,1748.6484375,2015-11-24 09:05:03,"McDaniel, Bethany",,,2015-11-24 09:05:03,Microsoft® PowerPoint® 2010,20,0,34,PDF 1.5,"['https://digital.georgia.gov/govtalks/2015-11-11/govtalks-fall-2015-data#main-content', 'https://digital.georgia.gov/govtalks/2015-11-11/govtalks-fall-2015-data']",['Slide\xa0Deck: Google Analytics Made Easy'],Slides,0.6631516218185425
download,https://digital.georgia.gov/document/publication/handout-google-analytics-cheat-sheet/download,173.6KB,173.5615234375,2015-11-17 14:03:05,,,,2015-11-17 14:03:05,Adobe PDF Library 15.0,2,4,6,PDF 1.4,"['https://digital.georgia.gov/govtalks/2015-11-11/govtalks-fall-2015-data#main-content', 'https://digital.georgia.gov/govtalks/2015-11-11/govtalks-fall-2015-data']",['Handout:\xa0Google Analytics Cheat Sheet'],Brochure,0.471779465675354
download,https://digital.georgia.gov/document/publication/slide-deck-fifth-year-using-drupal/download,4.1MB,4239.3662109375,2016-07-14 14:04:09,,,,2016-07-14 14:04:09,Adobe PDF Library 15.0,41,0,41,PDF 1.5,"['https://digital.georgia.gov/govtalks/2015-06-15/govtalks-summer-2016-5-years-drupal#main-content', 'https://digital.georgia.gov/govtalks/2015-06-15/govtalks-summer-2016-5-years-drupal']",['Slide\xa0Deck: Fifth Year Using Drupal'],Report,0.7670326232910156
download,https://digital.georgia.gov/document/publication/slide-deck-digital-services-georgia-platform/download,7.4MB,7598.966796875,2016-07-14 14:05:09,,,,2016-07-14 14:05:09,Adobe PDF Library 15.0,55,0,55,PDF 1.5,"['https://digital.georgia.gov/govtalks/2015-06-15/govtalks-summer-2016-5-years-drupal#main-content', 'https://digital.georgia.gov/govtalks/2015-06-15/govtalks-summer-2016-5-years-drupal']",['Slide\xa0Deck: Digital Services Georgia Platform'],Report,0.7986491918563843
download,https://digital.georgia.gov/document/publication/slide-deck-let-someone-else-deal/download,818.6KB,818.630859375,2016-07-14 15:01:04,,,,2016-07-14 15:01:03,Adobe PDF Library 15.0,15,0,15,PDF 1.5,"['https://digital.georgia.gov/govtalks/2015-06-15/govtalks-summer-2016-5-years-drupal#main-content', 'https://digital.georgia.gov/govtalks/2015-06-15/govtalks-summer-2016-5-years-drupal']",['Slide\xa0Deck: Let Someone Else Deal'],Report,0.2756267488002777
download,https://digital.georgia.gov/document/publication/slide-deck-get-serious-about-your-content/download,2.4MB,2497.5576171875,2016-07-14 14:04:01,,,,2016-07-14 14:04:01,Adobe PDF Library 15.0,42,0,42,PDF 1.5,"['https://digital.georgia.gov/govtalks/2015-06-15/govtalks-summer-2016-5-years-drupal#main-content', 'https://digital.georgia.gov/govtalks/2015-06-15/govtalks-summer-2016-5-years-drupal']",['Slide\xa0Deck: Get Serious About Your Content'],Report,0.6028640866279602
download,https://digital.georgia.gov/document/publication/slide-deck-infographics/download,5.3MB,5391.4052734375,2016-07-14 13:02:07,,,,2016-07-14 13:02:07,Adobe PDF Library 15.0,66,0,66,PDF 1.5,"['https://digital.georgia.gov/govtalks/2015-06-15/govtalks-summer-2016-5-years-drupal#main-content', 'https://digital.georgia.gov/govtalks/2015-06-15/govtalks-summer-2016-5-years-drupal']",['Slide\xa0Deck: Infographics'],Report,0.7740519642829895
PowerPoint Presentation,https://digital.georgia.gov/document/publication/slide-deck-get-point/download,1.9MB,1911.4755859375,2015-06-22 10:01:07,"McDaniel, Bethany",,,2015-06-22 10:01:07,Microsoft® PowerPoint® 2010,22,0,66,PDF 1.5,"['https://digital.georgia.gov/govtalks/2015-06-03/govtalks-spring-2015-content', 'https://digital.georgia.gov/govtalks/2015-06-03/govtalks-spring-2015-content#main-content']",['Slide\xa0Deck: Get to the Point'],Slides,0.9968454241752625
download,https://digital.georgia.gov/document/publication/slide-deck-clean-your-content-and-i-mean-it/download,35.1MB,35944.9482421875,,,,,,,90,20,166,PDF 1.4,"['https://digital.georgia.gov/govtalks/2015-06-03/govtalks-spring-2015-content', 'https://digital.georgia.gov/govtalks/2015-06-03/govtalks-spring-2015-content#main-content']",['Slide\xa0Deck: Clean Up Your Content … and I Mean It'],Report,0.7434825301170349
Content For All,https://digital.georgia.gov/document/publication/slide-deck-content-all/download,5.1MB,5215.1650390625,2015-06-22 10:01:07,Kendra Skeene,,,2015-06-22 10:01:07,Microsoft® PowerPoint® 2010,53,2,118,PDF 1.5,"['https://digital.georgia.gov/govtalks/2015-06-03/govtalks-spring-2015-content', 'https://digital.georgia.gov/govtalks/2015-06-03/govtalks-spring-2015-content#main-content']",['Slide\xa0Deck: Content for All'],Report,0.7932679057121277
download,https://digital.georgia.gov/document/publication/slide-deck-how-make-your-seo-ok/download,909.7KB,909.6650390625,2015-06-22 10:01:07,"McDaniel, Bethany",,,2015-06-22 10:01:07,Microsoft® PowerPoint® 2010,74,0,102,PDF 1.5,"['https://digital.georgia.gov/govtalks/2015-06-03/govtalks-spring-2015-content', 'https://digital.georgia.gov/govtalks/2015-06-03/govtalks-spring-2015-content#main-content']",['Slide\xa0Deck: How to Make Your SEO A-OK'],Report,0.48411911725997925
Click to edit Master title style,https://digital.georgia.gov/document/publication/slide-deck-ict-initiative-accessible-practices/download,1.2MB,1220.9501953125,2014-12-08 15:03:01,"Greenleaf, Tessa",,,2014-12-08 15:03:01,Microsoft® PowerPoint® 2013,21,0,39,PDF 1.5,"['https://digital.georgia.gov/govtalks/2014-11-12/govtalks-fall-2014-accessibility#main-content', 'https://digital.georgia.gov/govtalks/2014-11-12/govtalks-fall-2014-accessibility']",['Slide\xa0Deck: ICT Initiative & Accessible Practices'],Slides,0.6119672656059265
PowerPoint Presentation,https://digital.georgia.gov/document/publication/slide-deck-disability-101/download,1.7MB,1708.1259765625,2014-12-08 15:03:01,N,,,2014-12-08 15:03:01,Microsoft® PowerPoint® 2013,71,0,184,PDF 1.5,"['https://digital.georgia.gov/govtalks/2014-11-12/govtalks-fall-2014-accessibility#main-content', 'https://digital.georgia.gov/govtalks/2014-11-12/govtalks-fall-2014-accessibility']",['Slide\xa0Deck: Disability 101'],Slides,0.9940763711929321
Click to edit Master title style,https://digital.georgia.gov/document/publication/slide-deck-case-ict-and-web-accessibility/download,1.3MB,1331.5615234375,2014-12-08 15:03:02,"Greenleaf, Tessa",,,2014-12-08 15:03:02,Microsoft® PowerPoint® 2013,34,0,45,PDF 1.5,"['https://digital.georgia.gov/govtalks/2014-11-12/govtalks-fall-2014-accessibility#main-content', 'https://digital.georgia.gov/govtalks/2014-11-12/govtalks-fall-2014-accessibility']",['Slide\xa0Deck: The Case for ICT and Web Accessibility'],Report,0.399122953414917
download,https://digital.georgia.gov/document/publication/advanced-notice-proposed-rulemaking/download,291.7KB,291.71484375,2014-12-09 12:02:09,"Kniskern, Joy E",,,2014-12-09 12:02:09,Microsoft® Word 2013,18,0,0,PDF 1.5,"['https://digital.georgia.gov/govtalks/2014-11-12/govtalks-fall-2014-accessibility#main-content', 'https://digital.georgia.gov/govtalks/2014-11-12/govtalks-fall-2014-accessibility']",['Advanced\xa0Notice of Proposed Rulemaking'],Report,0.2966966927051544
Click to edit Master title style,https://digital.georgia.gov/document/publication/slide-deck-accessibility-tools-microsoft-office-2010-and-2013/download,935.5KB,935.5009765625,2014-12-08 15:03:05,"Sinclair, Norah M",,,2014-12-08 15:03:05,Microsoft® PowerPoint® 2013,15,4,27,PDF 1.5,"['https://digital.georgia.gov/govtalks/2014-11-12/govtalks-fall-2014-accessibility#main-content', 'https://digital.georgia.gov/govtalks/2014-11-12/govtalks-fall-2014-accessibility']",['Slide\xa0Deck: Accessibility Tools in Microsoft Office 2010 and 2013'],Report,0.2510628402233124
TITLE GOES HERE,https://digital.georgia.gov/document/publication/slide-deck-we-need-talk/download,3.4MB,3460.138671875,2014-04-23 14:00:05,clingga,,,2014-04-23 14:00:03,Adobe PDF Library 11.0,45,0,227,PDF 1.5,"['https://digital.georgia.gov/govtalks/2014-04-22/govtalks-spring-2014-social-media', 'https://digital.georgia.gov/govtalks/2014-04-22/govtalks-spring-2014-social-media#main-content']",['Slide\xa0Deck: We Need to Talk'],Report,0.5897072553634644
download,https://digital.georgia.gov/document/publication/slide-deck-finding-right-platform/download,4.7MB,4847.8583984375,2014-04-24 13:05:08,,,,2014-04-24 13:05:08,Mac OS X 10.7.5 Quartz PDFContext,32,0,92,PDF 1.4,"['https://digital.georgia.gov/govtalks/2014-04-22/govtalks-spring-2014-social-media', 'https://digital.georgia.gov/govtalks/2014-04-22/govtalks-spring-2014-social-media#main-content']",['Slide\xa0Deck: Finding the Right Platform'],Slides,0.46881070733070374
Content Strategy,https://digital.georgia.gov/document/publication/slide-deck-know-your-knows/download,1.5MB,1526.1640625,2014-04-24 13:05:02,"McDaniel, Bethany",,,2014-04-24 13:05:02,Microsoft® PowerPoint® 2010,32,0,31,PDF 1.5,"['https://digital.georgia.gov/govtalks/2014-04-22/govtalks-spring-2014-social-media#main-content', 'https://digital.georgia.gov/blog/2014-05-20/know-your-comrades#main-content', 'https://digital.georgia.gov/blog-post/2014-05-14/know-your-comrades#main-content', 'https://digital.georgia.gov/govtalks/2014-04-22/govtalks-spring-2014-social-media', 'https://digital.georgia.gov/blog-post/2014-05-14/know-your-comrades', 'https://digital.georgia.gov/blog/2014-05-20/know-your-comrades']","['Slide\xa0Deck: Know Your Knows', '“knows”']",Report,0.5186111330986023
TITLE GOES HERE,https://digital.georgia.gov/document/publication/slide-deck-usability-101/download,5.0MB,5140.349609375,2014-01-27 10:00:03,clingga,,,2014-01-27 10:00:03,Microsoft® PowerPoint® 2010,55,0,172,PDF 1.5,"['https://digital.georgia.gov/govtalks/2014-01-15/govtalks-winter-2014-usability', 'https://digital.georgia.gov/govtalks/2014-01-15/govtalks-winter-2014-usability#main-content']",['Slide\xa0Deck: Usability 101'],Report,0.7933371067047119
TITLE GOES HERE,https://digital.georgia.gov/document/publication/slide-deck-whats-your-usability-toolkit/download,1.4MB,1415.646484375,2014-01-22 11:03:07,clingga,,,2014-01-22 11:03:07,Microsoft® PowerPoint® 2010,29,1,55,PDF 1.5,"['https://digital.georgia.gov/blog-post/2014-02-12/usability-testing-test-participants', 'https://digital.georgia.gov/blog-post/2014-02-12/usability-testing-test-participants#main-content', 'https://digital.georgia.gov/govtalks/2014-01-15/govtalks-winter-2014-usability', 'https://digital.georgia.gov/govtalks/2014-01-15/govtalks-winter-2014-usability#main-content']","[""Slide\xa0Deck: What's in your Usability Toolkit?"", 'important\n \ntools to analyze web usage']",Slides,0.5387674570083618
heuristic-evaluation,https://digital.georgia.gov/document/publication/handout-heuristic-evaluation/download,156.5KB,156.4599609375,2017-09-19 15:04:04,,,,2017-09-19 15:04:04,Adobe PDF library 15.00,2,0,0,PDF 1.5,"['https://digital.georgia.gov/govtalks/2014-01-15/govtalks-winter-2014-usability', 'https://digital.georgia.gov/govtalks/2014-01-15/govtalks-winter-2014-usability#main-content']",['Handout:\xa0Heuristic Evaluation'],Brochure,0.30651262402534485
download,https://digital.georgia.gov/document/publication/formchecklistpdf/download,170.5KB,170.48046875,2017-04-27 14:01:06,,,,2017-04-27 14:01:06,Adobe PDF Library 15.0,1,4,1,PDF 1.7,"['https://digital.georgia.gov/blog-post/2017-02-28/part-3-form-etiquette', 'https://digital.georgia.gov/blog/2017-01-30/form-etiquette-part-1-four-checkpoints-form-etiquette', 'https://digital.georgia.gov/blog-post/2017-01-31/form-etiquette-part-1#main-content', 'https://digital.georgia.gov/blog/2017-01-30/form-etiquette-part-1-four-checkpoints-form-etiquette#main-content', 'https://digital.georgia.gov/blog-post/2017-02-28/part-3-form-etiquette#main-content', 'https://digital.georgia.gov/blog-post/2017-01-31/form-etiquette-part-1']","['FormChecklist.pdf', 'Form\n \nEtiquette Checklist', 'print\n \na checklist version of the above list for quick reference']",Form,0.6708186864852905
Editor's Training Manual,https://digital.georgia.gov/document/publication/advanced-editors-guide/download,1.6MB,1622.3330078125,2018-10-24 13:04:00,"Hart, Rachel",,,2018-10-24 13:04:00,Microsoft® Word 2016,70,5,54,PDF 1.7,"['https://digital.georgia.gov/blog-post/2014-03-05/dont-click-here', 'https://digital.georgia.gov/blog-post/2014-03-05/dont-click-here#main-content']","['click', 'view\n \nmanual', 'view\n \nthe Advanced Training Manual']",Report,0.5503328442573547
download,https://digital.georgia.gov/document/document/wkst-planpdf/download,123.2KB,123.2431640625,2017-03-06 17:03:07,,,,2017-03-06 17:03:07,Adobe PDF Library 15.0,1,1,1,PDF 1.4,"['https://digital.georgia.gov/blog-post/2017-02-21/content-strategy-business-first#main-content', 'https://digital.georgia.gov/blog-post/2017-02-21/content-strategy-business-first']",['Content\n \nStrategy Planner template'],Brochure,0.2547924220561981
PowerPoint Presentation,https://digital.georgia.gov/document/publication/guidetonegativitypdf/download,2.7MB,2749.654296875,2015-05-05 11:05:08,Bethany McDaniel,,,2015-05-05 11:05:08,Microsoft® PowerPoint® 2010,35,1,30,PDF 1.5,"['https://digital.georgia.gov/blog-post/2014-08-06/guide-negativity', 'https://digital.georgia.gov/blog-post/2014-08-06/guide-negativity#main-content']",['presentation\n \nslides'],Slides,0.9970120191574097
download,https://digital.georgia.gov/document/publication/class-1-notes-personas/download,1.1MB,1105.126953125,2019-01-31 13:05:04,,,,2019-01-31 13:05:04,Adobe PDF Library 15.0,6,0,8,PDF 1.4,"['https://digital.georgia.gov/personas', 'https://digital.georgia.gov/personas#main-content']","['Class\xa01 notes, Personas']",Brochure,0.21970991790294647
download,https://digital.georgia.gov/document/publication/mission-vision-and-goals/download,76.2KB,76.2373046875,2017-12-13 17:03:03,,,,2017-12-13 17:03:03,Adobe PDF Library 15.0,1,0,1,PDF 1.4,"['https://digital.georgia.gov/personas', 'https://digital.georgia.gov/personas#main-content']","['Mission,\xa0Vision, and Goals']",Spreadsheet,0.2665034234523773
download,https://digital.georgia.gov/document/publication/describe-your-users/download,22.9KB,22.87109375,2017-12-13 15:04:08,,,,2017-12-13 15:04:08,Adobe PDF Library 15.0,1,0,0,PDF 1.4,"['https://digital.georgia.gov/personas', 'https://digital.georgia.gov/personas#main-content']",['Describe\xa0Your Users'],Spreadsheet,0.3767091929912567
EmpathyMapTemplate,https://digital.georgia.gov/document/document/template-empathymappdf/download,138.6KB,138.5888671875,2017-03-02 11:00:03,,,,2017-03-02 11:00:03,Adobe PDF library 15.00,1,2,1,PDF 1.5,"['https://digital.georgia.gov/blog/2016-12-13/what-user-centered-content-strategy#main-content', 'https://digital.georgia.gov/blog-post/2016-12-13/what-user-centered-content-strategy', 'https://digital.georgia.gov/blog-post/2016-12-13/what-user-centered-content-strategy#main-content', 'https://digital.georgia.gov/blog/2016-12-13/what-user-centered-content-strategy']",['this\n \ntemplate'],Diagram,0.43589842319488525
download,https://digital.georgia.gov/document/publication/class-2-notes-journey-mapping/download,714.8KB,714.828125,2019-02-11 14:03:04,,,,2019-02-11 14:03:04,Adobe PDF Library 15.0,4,0,3,PDF 1.4,"['https://digital.georgia.gov/citizen-journey-mapping#main-content', 'https://digital.georgia.gov/citizen-journey-mapping', 'https://digital.georgia.gov/training/state-certified-content-workshop/citizen-journey-mapping', 'https://digital.georgia.gov/training/state-certified-content-workshop/citizen-journey-mapping#main-content']","['Class\xa02 notes, Journey Mapping']",Brochure,0.6255011558532715
download,https://digital.georgia.gov/document/publication/design-crisis/download,24.7KB,24.73046875,2017-12-13 16:00:07,,,,2017-12-13 16:00:07,Adobe PDF Library 15.0,1,0,0,PDF 1.4,"['https://digital.georgia.gov/citizen-journey-mapping#main-content', 'https://digital.georgia.gov/citizen-journey-mapping', 'https://digital.georgia.gov/training/state-certified-content-workshop/citizen-journey-mapping', 'https://digital.georgia.gov/training/state-certified-content-workshop/citizen-journey-mapping#main-content']",['Design\xa0for Crisis'],Spreadsheet,0.2846585214138031
design_critique_print-out.png,https://digital.georgia.gov/document/document/design-critique-cheatsheetpdf/download,38.5KB,38.501953125,2019-06-04 09:03:02,ddistretti,,,2019-06-04 09:03:02,Microsoft: Print To PDF,1,0,1,PDF 1.7,"['https://digital.georgia.gov/blog-post/2019-06-04/how-successfully-critique-design#main-content', 'https://digital.georgia.gov/blog-post/2019-06-04/how-successfully-critique-design']",['Design\xa0Critique Cheatsheet.pdf'],Notice,0.3303444981575012
download,https://digital.georgia.gov/document/publication/class-3-notes-content-strategy/download,2.0MB,2001.333984375,2019-02-14 16:05:02,,,,2019-02-14 16:05:02,Adobe PDF Library 15.0,7,0,13,PDF 1.4,"['https://digital.georgia.gov/content-strategy', 'https://digital.georgia.gov/content-strategy#main-content']","['Class\xa03 notes, Content Strategy']",Slides,0.2435125857591629
download,https://digital.georgia.gov/document/publication/whats-your-voice/download,35.8KB,35.818359375,2017-12-13 17:02:08,,,,2017-12-13 17:02:08,Adobe PDF Library 15.0,1,1,0,PDF 1.4,"['https://digital.georgia.gov/content-strategy', 'https://digital.georgia.gov/content-strategy#main-content']","[""What's\xa0Your Voice?""]",Notice,0.2460031807422638
download,https://digital.georgia.gov/document/publication/whats-your-tone/download,35.4KB,35.359375,2017-12-13 17:02:08,,,,2017-12-13 17:02:08,Adobe PDF Library 15.0,1,1,0,PDF 1.4,"['https://digital.georgia.gov/content-strategy', 'https://digital.georgia.gov/content-strategy#main-content']","[""What's\xa0Your Tone?""]",Notice,0.2460031807422638
download,https://digital.georgia.gov/document/publication/keyword-chart/download,35.2KB,35.16015625,2017-12-13 16:01:07,,,,2017-12-13 16:01:07,Adobe PDF Library 15.0,1,1,0,PDF 1.4,"['https://digital.georgia.gov/content-strategy', 'https://digital.georgia.gov/content-strategy#main-content']",['Keyword\xa0Chart'],Notice,0.2500765323638916
download,https://digital.georgia.gov/document/publication/identify-your-ctas/download,36.7KB,36.7041015625,2017-12-13 16:01:07,,,,2017-12-13 16:01:07,Adobe PDF Library 15.0,1,1,0,PDF 1.4,"['https://digital.georgia.gov/content-strategy', 'https://digital.georgia.gov/content-strategy#main-content']",['Identify\xa0Your CTAs'],Notice,0.2500765323638916
download,https://digital.georgia.gov/document/publication/class-4-notes-accessibility/download,66.1KB,66.091796875,2019-02-25 16:05:05,,,,2019-02-25 16:05:05,Adobe PDF Library 15.0,4,0,1,PDF 1.4,"['https://digital.georgia.gov/web-accessibility#main-content', 'https://digital.georgia.gov/web-accessibility']","['Class\xa04 notes, Accessibility']",Policy,0.3088931739330292
download,https://digital.georgia.gov/document/publication/accessibility-checklist--UNPUBLISHED-document--DO-NOT-SHARE-this-URL--/download,85.6KB,85.5712890625,2017-12-13 16:02:06,,,,2017-12-13 16:02:06,Adobe PDF Library 15.0,2,0,0,PDF 1.4,"['https://digital.georgia.gov/web-accessibility#main-content', 'https://digital.georgia.gov/web-accessibility']",['Accessibility\xa0(checklist)'],Letter,0.2569686472415924
Accessible Documents Exercise - Instructions,https://digital.georgia.gov/document/publication/accessible-documents-exercise-instructions-google-docs/download,318.4KB,318.4033203125,2018-06-12 13:04:00,"Hart, Rachel",,accessibility,2018-06-12 13:04:00,Adobe PDF Library 15.0,7,0,8,PDF 1.5,"['https://digital.georgia.gov/web-accessibility#main-content', 'https://digital.georgia.gov/web-accessibility']",['Accessible\xa0Documents (exercise instructions for Google Docs)'],Policy,0.2501835227012634
Accessible Documents Exercise - Instructions,https://digital.georgia.gov/document/publication/accessible-documents-exercise-instructions-microsoft-word/download,406.4KB,406.3681640625,2018-01-30 16:00:00,"Hart, Rachel",,accessibility,2018-01-30 16:00:00,Adobe PDF Library 15.0,8,0,9,PDF 1.5,"['https://digital.georgia.gov/web-accessibility#main-content', 'https://digital.georgia.gov/web-accessibility']",['Accessible\xa0Documents (exercise instructions for Microsoft Word)'],Policy,0.22760365903377533
download,https://digital.georgia.gov/document/publication/class-5-notes-writing-web/download,54.2KB,54.1787109375,2019-03-04 15:00:08,,,,2019-03-04 15:00:08,Adobe PDF Library 15.0,2,0,1,PDF 1.4,"['https://digital.georgia.gov/writing-web#main-content', 'https://digital.georgia.gov/writing-web']","['Class\xa05 notes, Writing for the Web']",Form,0.2845986485481262
download,https://digital.georgia.gov/document/publication/rewrite-sentences/download,39.1KB,39.0615234375,2017-12-13 17:00:00,,,,2017-12-13 17:00:00,Adobe PDF Library 15.0,1,0,0,PDF 1.4,"['https://digital.georgia.gov/writing-web#main-content', 'https://digital.georgia.gov/writing-web']",['Rewrite\xa0the Sentences'],Notice,0.3369589149951935
download,https://digital.georgia.gov/document/publication/setting-kpis/download,33.0KB,32.9501953125,2019-03-04 15:05:02,,,,2019-03-04 15:05:02,Adobe PDF Library 15.0,1,1,0,PDF 1.4,"['https://digital.georgia.gov/writing-web#main-content', 'https://digital.georgia.gov/writing-web']","[""Setting\xa0KPI's""]",Notice,0.1845962405204773
download,https://digital.georgia.gov/document/publication/class-6-notes-content-makeover/download,219.6KB,219.5654296875,2019-03-11 16:01:00,,,,2019-03-11 16:01:00,Adobe PDF Library 15.0,3,0,5,PDF 1.4,"['https://digital.georgia.gov/content-makeover', 'https://digital.georgia.gov/content-makeover#main-content']","['Class\xa06 notes, Content Makeover']",Brochure,0.5892748236656189
searchqualityevaluatorguidelines.pdf,https://static.googleusercontent.com/media/www.google.com/en//insidesearch/howsearchworks/assets/searchqualityevaluatorguidelines.pdf,8.4MB,8578.796875,2025-01-23 17:01:05,,,,2025-01-23 17:01:05,GPL Ghostscript 10.04.0,181,153,207,PDF 1.5,"['https://digital.georgia.gov/blog-post/2016-07-24/5-easy-steps-purge-content#main-content', 'https://digital.georgia.gov/blog-post/2016-07-24/5-easy-steps-purge-content']",['Google’s Search Quality Evaluator Guidelines'],Report,0.9528793096542358
download,https://digital.georgia.gov/document/document/govhub-training-manual/download,21.7MB,22261.2587890625,2020-04-01 10:05:05,,,,2020-04-01 10:05:05,Adobe Acrobat Pro DC 20.6.20042,62,3,68,PDF 1.6,"['https://digital.georgia.gov/training/advanced-training#main-content', 'https://digital.georgia.gov/training/advanced-training']","[""Editor's\xa0Guide""]",Report,0.6562541723251343
