file_name,url,file_size,file_size_kilobytes,last_modified_date,author,subject,keywords,creation_date,producer,number_of_pages,number_of_tables,number_of_images,version,source,text_around_link,predicted_category,predicted_category_confidence
Applicant User Guide,https://energyrebates.georgia.gov/document/document/neighborly-applicant-user-guide/download,2.7MB,2815.529296875,2025-02-04 11:03:09,Cheyenne Flores,This document is provided to help guide you through the Georgia Home Energy Rebates application in the Neighborly portal. The guide has instructions for both the Home Efficiency Rebate (HER) and the Home Electrification & Appliance Rebate (HEAR) application.,,2025-02-04 11:03:09,Microsoft® Word for Microsoft 365,29,16,111,PDF 1.7,"['https://energyrebates.georgia.gov/home-efficiency-rebates#main-content', 'https://energyrebates.georgia.gov/contractors#hdi-136-step-1', 'https://energyrebates.georgia.gov/find-approved-contractor', 'https://energyrebates.georgia.gov/contractors#hdi-136-step-2', 'https://energyrebates.georgia.gov/eligibility#main-content', 'https://energyrebates.georgia.gov/contact-us#main-content', 'https://energyrebates.georgia.gov/fill-out-program-contractor-interest-form#main-content', 'https://energyrebates.georgia.gov/home-electrification-and-appliance-rebates', 'https://energyrebates.georgia.gov#main-content', 'https://energyrebates.georgia.gov/eligibility', 'https://energyrebates.georgia.gov/organization/about-georgias-home-energy-rebates#main-content', 'https://energyrebates.georgia.gov/how-do-i-how-apply#hdi-186-step-4', 'https://energyrebates.georgia.gov/contractors#hdi-136-step-3', 'https://energyrebates.georgia.gov/contact-us', 'https://energyrebates.georgia.gov/how-do-i-how-apply#hdi-186-step-3', 'https://energyrebates.georgia.gov/how-do-i-how-apply#main-content', 'https://energyrebates.georgia.gov/home-electrification-and-appliance-rebates#main-content', 'https://energyrebates.georgia.gov', 'https://energyrebates.georgia.gov/faqs', 'https://energyrebates.georgia.gov/faqs#main-content', 'https://energyrebates.georgia.gov/contractors#hdi-136-step-6', 'https://energyrebates.georgia.gov/contractors#hdi-136-step-5', 'https://energyrebates.georgia.gov/organization/about-georgias-home-energy-rebates', 'https://energyrebates.georgia.gov/appliances-and-other-upgrades', 'https://energyrebates.georgia.gov/contractors', 'https://energyrebates.georgia.gov/find-approved-contractor#main-content', 'https://energyrebates.georgia.gov/how-do-i-how-apply', 'https://energyrebates.georgia.gov/appliances-and-other-upgrades#main-content', 'https://energyrebates.georgia.gov/how-do-i-how-apply#hdi-186-step-1', 'https://energyrebates.georgia.gov/how-do-i-how-apply#hdi-186-step-2', 'https://energyrebates.georgia.gov/contractors#main-content', 'https://energyrebates.georgia.gov/fill-out-program-contractor-interest-form', 'https://energyrebates.georgia.gov/contractors#hdi-136-step-4', 'https://energyrebates.georgia.gov/home-efficiency-rebates']","['Check\n \nout the Neighborly Applicant User Guide.', 'Applicant User Guide']",Brochure,0.4572737216949463
download,https://energyrebates.georgia.gov/document/document/homeowner-tenant-best-practices/download,120.7KB,120.708984375,2024-11-18 10:04:01,Malcolm Clark,,,2024-11-18 10:04:01,Adobe PDF Library 24.4.48,2,0,0,PDF 1.6,"['https://energyrebates.georgia.gov/home-efficiency-rebates#main-content', 'https://energyrebates.georgia.gov/appliances-and-other-upgrades', 'https://energyrebates.georgia.gov/appliances-and-other-upgrades#main-content', 'https://energyrebates.georgia.gov/home-electrification-and-appliance-rebates', 'https://energyrebates.georgia.gov/home-electrification-and-appliance-rebates#main-content', 'https://energyrebates.georgia.gov/home-efficiency-rebates']",['Homeowner/Tenant\n \nBest Practices Checklist'],Brochure,0.3719595670700073
download,https://energyrebates.georgia.gov/document/document/her-consumer-protection-plan/download,359.4KB,359.3876953125,2024-11-11 11:00:02,Alexandra Bobak,,,2024-11-11 11:00:02,Microsoft® Word for Microsoft 365,18,0,1,PDF 1.7,"['https://energyrebates.georgia.gov/home-efficiency-rebates#main-content', 'https://energyrebates.georgia.gov/home-efficiency-rebates']",['HER\n \nConsumer Protection Plan'],Report,0.33386465907096863
HEAR DIY Webpage,https://energyrebates.georgia.gov/document/document/hear-diy-pathway/download,2.3MB,2319.572265625,2025-03-28 12:00:03,Cheyenne Flores,,"DAGiMHrgXVE,BAGIy_zNSUA,0",2025-03-28 02:04:09,Canva,2,3,2,PDF 1.6,"['https://energyrebates.georgia.gov/home-electrification-and-appliance-rebates', 'https://energyrebates.georgia.gov/appliances-and-other-upgrades#main-content', 'https://energyrebates.georgia.gov/appliances-and-other-upgrades', 'https://energyrebates.georgia.gov/home-electrification-and-appliance-rebates#main-content']",['Click\n \nhere for more information'],Brochure,0.7688674330711365
download,https://energyrebates.georgia.gov/document/document/doe-qualified-electrification-projects/download,173.2KB,173.1767578125,2024-12-16 10:04:02,Megan Lackay,,,2024-12-16 10:04:02,Microsoft® Word for Microsoft 365,4,5,0,PDF 1.7,"['https://energyrebates.georgia.gov/home-electrification-and-appliance-rebates', 'https://energyrebates.georgia.gov/appliances-and-other-upgrades#main-content', 'https://energyrebates.georgia.gov/appliances-and-other-upgrades', 'https://energyrebates.georgia.gov/home-electrification-and-appliance-rebates#main-content']",['Click\n \nhere for more information'],Brochure,0.6586382985115051
download,https://energyrebates.georgia.gov/document/document/hear-consumer-protection-plan/download,341.0KB,341.0087890625,2024-11-11 10:03:06,Alexandra Bobak,,,2024-11-11 10:03:06,Microsoft® Word for Microsoft 365,18,0,1,PDF 1.7,"['https://energyrebates.georgia.gov/home-electrification-and-appliance-rebates', 'https://energyrebates.georgia.gov/appliances-and-other-upgrades#main-content', 'https://energyrebates.georgia.gov/appliances-and-other-upgrades', 'https://energyrebates.georgia.gov/home-electrification-and-appliance-rebates#main-content']",['HEAR\n \nConsumer Protection Plan'],Report,0.2818809449672699
