file_name,url,file_size,file_size_kilobytes,last_modified_date,author,subject,keywords,creation_date,producer,number_of_pages,number_of_tables,number_of_images,version,source,text_around_link,predicted_category,predicted_category_confidence
download,https://gataxtribunal.georgia.gov/document/decisions/tayo-reed-decision-2025-1-ga-tax-tribunal-april-10-2025/download,1.7MB,1705.1396484375,2025-04-10 12:02:06,,,,2025-04-10 12:02:06,OmniPageCSDK19,6,0,6,PDF 1.7,"['https://gataxtribunal.georgia.gov/forms', 'https://gataxtribunal.georgia.gov/decisions?instance_overrides_key=Qmml9G7PZvmL0IN6V3AJbfpk0rWacrs0BF1qxv-7kEc&page=0#main-content', 'https://gataxtribunal.georgia.gov/forms#main-content', 'https://gataxtribunal.georgia.gov/decisions?instance_overrides_key=Qmml9G7PZvmL0IN6V3AJbfpk0rWacrs0BF1qxv-7kEc&page=0', 'https://gataxtribunal.georgia.gov/decisions#main-content', 'https://gataxtribunal.georgia.gov/decisions']","['Tayo\xa0Reed - Decision, 2025-1 Ga. Tax Tribunal, April 10, 2025']",Form,0.6700440645217896
download,https://gataxtribunal.georgia.gov/document/decisions/carol-d-buller-mcgee-robert-mcgee-decision-2024-7-ga-tax-tribunal-december-18/download,2.0MB,2009.423828125,2025-01-02 09:03:09,,,,2024-12-18 09:02:07,OmniPageCSDK19,7,0,7,PDF 1.7,"['https://gataxtribunal.georgia.gov/forms', 'https://gataxtribunal.georgia.gov/decisions?instance_overrides_key=Qmml9G7PZvmL0IN6V3AJbfpk0rWacrs0BF1qxv-7kEc&page=0#main-content', 'https://gataxtribunal.georgia.gov/forms#main-content', 'https://gataxtribunal.georgia.gov/decisions?instance_overrides_key=Qmml9G7PZvmL0IN6V3AJbfpk0rWacrs0BF1qxv-7kEc&page=0', 'https://gataxtribunal.georgia.gov/decisions#main-content', 'https://gataxtribunal.georgia.gov/decisions']","['Carol\xa0D. Buller-McGee & Robert McGee - Decision, 2024-7 Ga. Tax Tribunal, December 18, 2024']",Form,0.5916878581047058
download,https://gataxtribunal.georgia.gov/document/decisions/tanda-l-hogg-decision-2024-6-ga-tax-tribunal-december-18-2024/download,1.5MB,1493.4677734375,2025-01-02 09:03:08,,,,2024-12-18 09:04:00,OmniPageCSDK19,5,0,5,PDF 1.7,"['https://gataxtribunal.georgia.gov/forms', 'https://gataxtribunal.georgia.gov/decisions?instance_overrides_key=Qmml9G7PZvmL0IN6V3AJbfpk0rWacrs0BF1qxv-7kEc&page=0#main-content', 'https://gataxtribunal.georgia.gov/forms#main-content', 'https://gataxtribunal.georgia.gov/decisions?instance_overrides_key=Qmml9G7PZvmL0IN6V3AJbfpk0rWacrs0BF1qxv-7kEc&page=0', 'https://gataxtribunal.georgia.gov/decisions#main-content', 'https://gataxtribunal.georgia.gov/decisions']","['Tanda\xa0L. Hogg - Decision, 2024-6 Ga. Tax Tribunal, December 18, 2024']",Form,0.6813748478889465
download,https://gataxtribunal.georgia.gov/document/decisions/caterparrott-railnet-llc-decision-2024-5-ga-tax-tribunal-december-2-2024/download,4.8MB,4891.703125,2024-12-12 12:02:05,,,,2024-12-02 11:00:08,OmniPageCSDK19,15,0,15,PDF 1.7,"['https://gataxtribunal.georgia.gov/forms', 'https://gataxtribunal.georgia.gov/decisions?instance_overrides_key=Qmml9G7PZvmL0IN6V3AJbfpk0rWacrs0BF1qxv-7kEc&page=0#main-content', 'https://gataxtribunal.georgia.gov/forms#main-content', 'https://gataxtribunal.georgia.gov/decisions?instance_overrides_key=Qmml9G7PZvmL0IN6V3AJbfpk0rWacrs0BF1qxv-7kEc&page=0', 'https://gataxtribunal.georgia.gov/decisions#main-content', 'https://gataxtribunal.georgia.gov/decisions']","['CaterParrott\xa0Railnet, LLC - Decision, 2024-5 Ga. Tax Tribunal, December 2, 2024']",Form,0.31361937522888184
download,https://gataxtribunal.georgia.gov/document/decisions/keith-l-macey-decision-2024-4-ga-tax-tribunal-april-16-2024/download,3.8MB,3899.5224609375,2024-04-18 10:03:07,,,,2024-04-16 11:00:00,OmniPageCSDK19,13,0,13,PDF 1.7,"['https://gataxtribunal.georgia.gov/forms', 'https://gataxtribunal.georgia.gov/decisions?instance_overrides_key=Qmml9G7PZvmL0IN6V3AJbfpk0rWacrs0BF1qxv-7kEc&page=0#main-content', 'https://gataxtribunal.georgia.gov/forms#main-content', 'https://gataxtribunal.georgia.gov/decisions?instance_overrides_key=Qmml9G7PZvmL0IN6V3AJbfpk0rWacrs0BF1qxv-7kEc&page=0', 'https://gataxtribunal.georgia.gov/decisions#main-content', 'https://gataxtribunal.georgia.gov/decisions']","['Keith\xa0L Macey - Decision, 2024-4 Ga. Tax Tribunal, April 16, 2024']",Form,0.32494500279426575
download,https://gataxtribunal.georgia.gov/document/decisions/paul-andrew-shaw-decision-2024-3-ga-tax-tribunal-march-4-2024/download,484.4KB,484.3720703125,2024-03-04 14:04:03,,,,2024-03-04 14:04:03,OmniPageCSDK19,3,0,3,PDF 1.7,"['https://gataxtribunal.georgia.gov/decisions?instance_overrides_key=Qmml9G7PZvmL0IN6V3AJbfpk0rWacrs0BF1qxv-7kEc&page=0#main-content', 'https://gataxtribunal.georgia.gov/decisions#main-content', 'https://gataxtribunal.georgia.gov/decisions?instance_overrides_key=Qmml9G7PZvmL0IN6V3AJbfpk0rWacrs0BF1qxv-7kEc&page=0', 'https://gataxtribunal.georgia.gov/decisions']","['Paul\xa0Andrew Shaw - Decision, 2024-3 Ga. Tax Tribunal, March 4, 2024']",Brochure,0.643210768699646
download,https://gataxtribunal.georgia.gov/document/decisions/iphigenia-mcgrue-decision-2024-2-ga-tax-tribunal-february-27-2024/download,6.6MB,6715.41796875,2024-02-27 13:00:00,,,,2024-02-27 11:05:03,OmniPageCSDK19,20,0,20,PDF 1.7,"['https://gataxtribunal.georgia.gov/decisions?instance_overrides_key=Qmml9G7PZvmL0IN6V3AJbfpk0rWacrs0BF1qxv-7kEc&page=0#main-content', 'https://gataxtribunal.georgia.gov/decisions#main-content', 'https://gataxtribunal.georgia.gov/decisions?instance_overrides_key=Qmml9G7PZvmL0IN6V3AJbfpk0rWacrs0BF1qxv-7kEc&page=0', 'https://gataxtribunal.georgia.gov/decisions']","['Iphigenia\xa0McGrue - Decision, 2024-2 Ga. Tax Tribunal, February 27, 2024']",Slides,0.7087084054946899
download,https://gataxtribunal.georgia.gov/document/decisions/mallie-j-and-sallie-seckinger-decision-2024-1-ga-tax-tribunal-february-5-2024/download,952.2KB,952.18359375,2024-02-27 10:05:03,,,,2024-02-06 09:01:09,OmniPageCSDK19,4,0,6,PDF 1.7,"['https://gataxtribunal.georgia.gov/decisions?instance_overrides_key=Qmml9G7PZvmL0IN6V3AJbfpk0rWacrs0BF1qxv-7kEc&page=0#main-content', 'https://gataxtribunal.georgia.gov/decisions#main-content', 'https://gataxtribunal.georgia.gov/decisions?instance_overrides_key=Qmml9G7PZvmL0IN6V3AJbfpk0rWacrs0BF1qxv-7kEc&page=0', 'https://gataxtribunal.georgia.gov/decisions']","['Mallie\xa0J. and Sallie A. Seckinger - Decision, 2024-1 Ga. Tax Tribunal, February 5, 2024']",Brochure,0.6361152529716492
download,https://gataxtribunal.georgia.gov/document/decisions/mallie-seckinger-order-denying-petitioners-motion-reconsideration-2023-5-ga-tax/download,485.6KB,485.583984375,2023-11-09 14:00:04,,,,2023-11-09 14:00:04,OmniPageCSDK19,2,0,2,PDF 1.7,"['https://gataxtribunal.georgia.gov/decisions?instance_overrides_key=Qmml9G7PZvmL0IN6V3AJbfpk0rWacrs0BF1qxv-7kEc&page=0#main-content', 'https://gataxtribunal.georgia.gov/decisions#main-content', 'https://gataxtribunal.georgia.gov/decisions?instance_overrides_key=Qmml9G7PZvmL0IN6V3AJbfpk0rWacrs0BF1qxv-7kEc&page=0', 'https://gataxtribunal.georgia.gov/decisions']","[""Mallie\xa0Seckinger - Order Denying Petitioner's Motion for Reconsideration, 2023 - 5 Ga. Tax Tribunal, November 9, 2023""]",Brochure,0.8388136029243469
download,https://gataxtribunal.georgia.gov/document/decisions/mallie-seckinger-order-dismissal-2023-4-ga-tax-tribunal-october-17-2023/download,1.2MB,1195.9560546875,2023-10-17 11:04:08,,,,2023-10-17 11:04:08,OmniPageCSDK19,4,0,4,PDF 1.7,"['https://gataxtribunal.georgia.gov/decisions?instance_overrides_key=Qmml9G7PZvmL0IN6V3AJbfpk0rWacrs0BF1qxv-7kEc&page=0#main-content', 'https://gataxtribunal.georgia.gov/decisions#main-content', 'https://gataxtribunal.georgia.gov/decisions?instance_overrides_key=Qmml9G7PZvmL0IN6V3AJbfpk0rWacrs0BF1qxv-7kEc&page=0', 'https://gataxtribunal.georgia.gov/decisions']","['Mallie\xa0Seckinger - Order of Dismissal, 2023 - 4 Ga. Tax Tribunal, October 17, 2023']",Brochure,0.44719457626342773
Georgia Tax Tribunal Petition,https://gataxtribunal.georgia.gov/document/form/tribunal-petition-form-updated-062021/download,475.0KB,474.9580078125,2021-06-07 14:01:09,,,"GTT-1, Georgia Tax Tribunal Petition",2013-02-05 15:02:02,Adobe Acrobat Pro 10.1.5,3,6,4,PDF 1.6,"['https://gataxtribunal.georgia.gov/forms', 'https://gataxtribunal.georgia.gov/how-do-i-file-petition', 'https://gataxtribunal.georgia.gov/faqs', 'https://gataxtribunal.georgia.gov/forms#main-content', 'https://gataxtribunal.georgia.gov/how-do-i-file-petition#hdi-10226-step-3', 'https://gataxtribunal.georgia.gov/filing-fees#main-content', 'https://gataxtribunal.georgia.gov/how-do-i-file-petition#hdi-10226-step-2', 'https://gataxtribunal.georgia.gov/how-do-i-file-petition#main-content', 'https://gataxtribunal.georgia.gov/how-do-i-file-petition#hdi-10226-step-1', 'https://gataxtribunal.georgia.gov/faqs#main-content', 'https://gataxtribunal.georgia.gov/filing-fees']","['Petition\n \nForm.', 'Tribunal Petition Form - Updated 06/2021', 'Petition\n \nForm', 'Download\n \na sample Petition Form']",Form,0.9377358555793762
download,https://gataxtribunal.georgia.gov/document/document/eportal-faq/download,189.7KB,189.65625,2021-06-14 17:05:05,Lisa Boggs,,,2020-03-30 11:02:01,Adobe PDF Library 15.0,12,0,1,PDF 1.6,"['https://gataxtribunal.georgia.gov/eportal-and-efiling', 'https://gataxtribunal.georgia.gov/faqs', 'https://gataxtribunal.georgia.gov/faqs#main-content', 'https://gataxtribunal.georgia.gov/eportal-and-efiling#main-content']",['ePortal\n \nFAQ'],Policy,0.3502119481563568
OSAH%20Privacy%20Policy_2019_08_26.pdf,https://eportal.osah.ga.gov/eService%20requirements/OSAH%20Privacy%20Policy_2019_08_26.pdf,243.4KB,243.400390625,2019-08-26 09:04:00,Lisa Boggs,,,2019-08-26 09:04:00,Microsoft® Word 2010,3,0,0,PDF 1.5,"['https://gataxtribunal.georgia.gov/eportal-and-efiling', 'https://gataxtribunal.georgia.gov/faqs', 'https://gataxtribunal.georgia.gov/faqs#main-content', 'https://gataxtribunal.georgia.gov/eportal-and-efiling#main-content']","['ePortal Privacy Policy', 'Privacy Policy']",Policy,0.7521318793296814
download,https://gataxtribunal.georgia.gov/document/rules-standing-orders/standing-order-regarding-remand-pdf/download,29.6KB,29.62890625,2025-04-17 10:01:00,,,,2025-04-17 10:03:03,RICOH MP C2504ex,1,0,1,PDF 1.4,"['https://gataxtribunal.georgia.gov/forms', 'https://gataxtribunal.georgia.gov/faqs', 'https://gataxtribunal.georgia.gov/forms#main-content', 'https://gataxtribunal.georgia.gov/rules-standing-orders/standing-order-regarding-remand', 'https://gataxtribunal.georgia.gov/rules-standing-orders/standing-order-regarding-remand#main-content', 'https://gataxtribunal.georgia.gov/faqs#main-content']","['Standing\xa0Order Regarding Remand (PDF)', 'ask\n \nthat the remand period be shortened']",Policy,0.9944998025894165
download,https://gataxtribunal.georgia.gov/document/form/taxpayer-identification-form/download,217.4KB,217.37109375,2013-05-20 12:04:02,,,,2013-05-20 12:03:09,OmniPage CSDK 16,1,0,1,PDF 1.4,"['https://gataxtribunal.georgia.gov/forms', 'https://gataxtribunal.georgia.gov/how-do-i-file-petition', 'https://gataxtribunal.georgia.gov/forms#main-content', 'https://gataxtribunal.georgia.gov/how-do-i-file-petition#hdi-10226-step-3', 'https://gataxtribunal.georgia.gov/how-do-i-file-petition#hdi-10226-step-2', 'https://gataxtribunal.georgia.gov/how-do-i-file-petition#main-content', 'https://gataxtribunal.georgia.gov/how-do-i-file-petition#hdi-10226-step-1']","['Statement\n \nof Taxpayer Identification Number', 'Taxpayer\xa0Identification Form']",Form,0.9016110301017761
download,https://gataxtribunal.georgia.gov/document/form/election-formpdf/download,24.1KB,24.1005859375,2025-04-08 14:02:06,,,,2019-07-11 12:01:09,OmniPageCSDK19,1,0,0,PDF 1.7,"['https://gataxtribunal.georgia.gov/forms', 'https://gataxtribunal.georgia.gov/forms#main-content']",['Election\xa0Form.PDF'],Form,0.9208128452301025
download,https://gataxtribunal.georgia.gov/document/form/subpoenapdf/download,361.2KB,361.2412109375,2022-12-12 13:03:05,Dominic Capraro,,,2019-12-05 07:04:03,Microsoft® Word for Office 365,2,1,1,PDF 1.7,"['https://gataxtribunal.georgia.gov/forms', 'https://gataxtribunal.georgia.gov/forms#main-content']",['Subpoena.PDF'],Form,0.5556674599647522
download,https://gataxtribunal.georgia.gov/document/rules-standing-orders/georgia-tax-tribunal-rules-procedure-chapter-616-1-3pdf/download,863.8KB,863.755859375,,,,,2015-03-11 12:03:07,OmniPage CSDK 16,20,0,20,PDF 1.4,"['https://gataxtribunal.georgia.gov/forms', 'https://gataxtribunal.georgia.gov/rules-standing-orders-0/georgia-tax-tribunal-rules-procedure-chapter-616-1-3pdf', 'https://gataxtribunal.georgia.gov/forms#main-content', 'https://gataxtribunal.georgia.gov/rules-standing-orders-0/georgia-tax-tribunal-rules-procedure-chapter-616-1-3pdf#main-content']","['Georgia\xa0Tax Tribunal Rules of Procedure, Chapter 616-1-3.PDF']",Policy,0.9787958264350891
download,https://gataxtribunal.georgia.gov/document/rules-standing-orders/standing-order-provisional-filings/download,714.6KB,714.5595703125,2013-10-16 13:00:00,,,,2013-10-16 12:05:09,OmniPage CSDK 16,2,0,2,PDF 1.4,"['https://gataxtribunal.georgia.gov/forms', 'https://gataxtribunal.georgia.gov/standing-order-provisional-filings#main-content', 'https://gataxtribunal.georgia.gov/forms#main-content', 'https://gataxtribunal.georgia.gov/standing-order-provisional-filings']",['Standing\xa0Order on Provisional Filings'],Form,0.4841572940349579
download,https://gataxtribunal.georgia.gov/document/document/order-extending-implementation-statewide-judicial-emergency/download,490.7KB,490.6533203125,2020-04-09 11:05:00,,,,2020-04-09 11:05:00,OmniPageCSDK19,2,0,2,PDF 1.7,"['https://gataxtribunal.georgia.gov/rules-standing-orders#main-content', 'https://gataxtribunal.georgia.gov/rules-standing-orders']",['Order\n \nImplementing Statewide Judicial Emergency (Exp. 5/13/20)'],Policy,0.9924933314323425
download,https://gataxtribunal.georgia.gov/document/rules-standing-orders/standing-order-regarding-conduct-during-proceedings-pdf/download,81.2KB,81.15234375,2013-01-16 16:04:04,,,,2013-01-16 16:00:08,,2,0,2,PDF 1.4,"['https://gataxtribunal.georgia.gov/standing-order-regarding-conduct-during-proceedings#main-content', 'https://gataxtribunal.georgia.gov/standing-order-regarding-conduct-during-proceedings']",['Standing\xa0Order Regarding Conduct During Proceedings (PDF)'],Letter,0.2623167335987091
download,https://gataxtribunal.georgia.gov/document/decisions/joan-wesley-usher-order-granting-respondents-motion-summary-judgment-2023-3-ga/download,1004.1KB,1004.107421875,2023-08-31 14:04:08,,,,2023-08-31 14:04:08,OmniPageCSDK19,6,0,6,PDF 1.7,"['https://gataxtribunal.georgia.gov/decisions?instance_overrides_key=Qmml9G7PZvmL0IN6V3AJbfpk0rWacrs0BF1qxv-7kEc&page=1#main-content', 'https://gataxtribunal.georgia.gov/decisions?instance_overrides_key=Qmml9G7PZvmL0IN6V3AJbfpk0rWacrs0BF1qxv-7kEc&page=1']","[""Joan\xa0Wesley Usher - Order Granting Respondent's Motion for Summary Judgment, 2023 - 3 Ga. Tax Tribunal, August 31, 2023""]",Brochure,0.31163620948791504
download,https://gataxtribunal.georgia.gov/document/decisions/stanley-sherry-mcrae-order-reconsidering-respondents-motion-summary-judgment/download,2.8MB,2889.3203125,2023-08-09 10:04:00,,,,2023-08-09 10:04:00,OmniPageCSDK19,9,0,9,PDF 1.7,"['https://gataxtribunal.georgia.gov/decisions?instance_overrides_key=Qmml9G7PZvmL0IN6V3AJbfpk0rWacrs0BF1qxv-7kEc&page=1#main-content', 'https://gataxtribunal.georgia.gov/decisions?instance_overrides_key=Qmml9G7PZvmL0IN6V3AJbfpk0rWacrs0BF1qxv-7kEc&page=1']","[""Stanley\xa0& Sherry McRae - Order Reconsidering Respondent's Motion for Summary Judgment, 2023 - 2 Ga. Tax Tribunal, August 9, 2023""]",Slides,0.23210667073726654
download,https://gataxtribunal.georgia.gov/document/decisions/faircloth-welding-fab-inc-decision-2023-1-ga-tax-tribunal-april-20-2023/download,364.5KB,364.4677734375,2023-04-20 11:00:01,,,,2023-04-20 11:00:01,OmniPageCSDK19,2,0,2,PDF 1.7,"['https://gataxtribunal.georgia.gov/decisions?instance_overrides_key=Qmml9G7PZvmL0IN6V3AJbfpk0rWacrs0BF1qxv-7kEc&page=1#main-content', 'https://gataxtribunal.georgia.gov/decisions?instance_overrides_key=Qmml9G7PZvmL0IN6V3AJbfpk0rWacrs0BF1qxv-7kEc&page=1']","['Faircloth\xa0Welding & Fab, Inc. - Decision, 2023 - 1 Ga. Tax Tribunal, April 20, 2023']",Brochure,0.6902624368667603
download,https://gataxtribunal.georgia.gov/document/decisions/joseph-maria-lunsford-order-granting-motion-dismiss-2022-16-ga-tax-tribunal/download,979.2KB,979.220703125,2022-11-10 09:03:05,,,,2022-11-10 09:03:05,OmniPageCSDK19,3,0,3,PDF 1.7,"['https://gataxtribunal.georgia.gov/decisions?instance_overrides_key=Qmml9G7PZvmL0IN6V3AJbfpk0rWacrs0BF1qxv-7kEc&page=1#main-content', 'https://gataxtribunal.georgia.gov/decisions?instance_overrides_key=Qmml9G7PZvmL0IN6V3AJbfpk0rWacrs0BF1qxv-7kEc&page=1']","['Joseph\xa0& Maria Lunsford - Order Granting Motion to Dismiss, 2022 - 16 Ga. Tax Tribunal, November 10, 2022']",Brochure,0.7720760107040405
download,https://gataxtribunal.georgia.gov/document/decisions/uber-final-order-2022-15-ga-tax-tribunal-november-1-2022/download,310.2KB,310.2236328125,2022-11-01 10:03:00,,,,2022-11-01 10:03:00,OmniPageCSDK19,3,0,3,PDF 1.7,"['https://gataxtribunal.georgia.gov/decisions?instance_overrides_key=Qmml9G7PZvmL0IN6V3AJbfpk0rWacrs0BF1qxv-7kEc&page=1#main-content', 'https://gataxtribunal.georgia.gov/decisions?instance_overrides_key=Qmml9G7PZvmL0IN6V3AJbfpk0rWacrs0BF1qxv-7kEc&page=1']","['Uber\xa0- Final Order, 2022 - 15 Ga. Tax Tribunal, November 1, 2022']",Brochure,0.6093569397926331
download,https://gataxtribunal.georgia.gov/document/decisions/uber-order-booking-fee-2022-14-ga-tax-tribunal-october-31-2022/download,728.2KB,728.2138671875,2022-10-31 13:01:06,,,,2022-10-31 13:01:06,OmniPageCSDK19,5,0,5,PDF 1.7,"['https://gataxtribunal.georgia.gov/decisions?instance_overrides_key=Qmml9G7PZvmL0IN6V3AJbfpk0rWacrs0BF1qxv-7kEc&page=1#main-content', 'https://gataxtribunal.georgia.gov/decisions?instance_overrides_key=Qmml9G7PZvmL0IN6V3AJbfpk0rWacrs0BF1qxv-7kEc&page=1']","['Uber\xa0- Order on Booking Fee, 2022 - 14 Ga. Tax Tribunal, October 31, 2022']",Brochure,0.19031935930252075
download,https://gataxtribunal.georgia.gov/document/decisions/monica-kigaa-order-dismissal-13-ga-tax-tribunal-october-11-2022/download,329.7KB,329.724609375,2022-10-11 14:00:02,,,,2022-10-11 14:00:02,OmniPageCSDK19,2,0,2,PDF 1.7,"['https://gataxtribunal.georgia.gov/decisions?instance_overrides_key=Qmml9G7PZvmL0IN6V3AJbfpk0rWacrs0BF1qxv-7kEc&page=1#main-content', 'https://gataxtribunal.georgia.gov/decisions?instance_overrides_key=Qmml9G7PZvmL0IN6V3AJbfpk0rWacrs0BF1qxv-7kEc&page=1']","['Monica\xa0Kigaa - Order of Dismissal, - 13 Ga. Tax Tribunal, October 11, 2022']",Brochure,0.5690925717353821
download,https://gataxtribunal.georgia.gov/document/decisions/brandon-law-order-dismissal-12-ga-tax-tribunal-october-11-2022/download,396.4KB,396.3896484375,2022-10-11 13:05:09,,,,2022-10-11 13:05:09,OmniPageCSDK19,2,0,2,PDF 1.7,"['https://gataxtribunal.georgia.gov/decisions?instance_overrides_key=Qmml9G7PZvmL0IN6V3AJbfpk0rWacrs0BF1qxv-7kEc&page=1#main-content', 'https://gataxtribunal.georgia.gov/decisions?instance_overrides_key=Qmml9G7PZvmL0IN6V3AJbfpk0rWacrs0BF1qxv-7kEc&page=1']","['Brandon\xa0Law - Order of Dismissal, - 12 Ga. Tax Tribunal, October 11, 2022']",Brochure,0.5678625702857971
download,https://gataxtribunal.georgia.gov/document/decisions/gwr-georgia-property-owner-llc-order-granting-resp-msj-2022-11-ga-tax-tribunal/download,3.5MB,3573.09375,2022-09-22 15:04:02,,,,2022-09-22 15:04:02,OmniPageCSDK19,12,0,12,PDF 1.7,"['https://gataxtribunal.georgia.gov/decisions?instance_overrides_key=Qmml9G7PZvmL0IN6V3AJbfpk0rWacrs0BF1qxv-7kEc&page=1#main-content', 'https://gataxtribunal.georgia.gov/decisions?instance_overrides_key=Qmml9G7PZvmL0IN6V3AJbfpk0rWacrs0BF1qxv-7kEc&page=1']","['GWR\xa0Georgia Property Owner, LLC - Order Granting Resp. MSJ, 2022 - 11 Ga. Tax Tribunal, September 22, 2022']",Report,0.3266494572162628
download,https://gataxtribunal.georgia.gov/document/decisions/gwr-georgia-property-owner-llc-order-denying-pet-msj-2022-10-ga-tax-tribunal/download,2.2MB,2272.9111328125,2022-09-22 15:04:03,,,,2022-09-22 15:04:03,OmniPageCSDK19,8,0,8,PDF 1.7,"['https://gataxtribunal.georgia.gov/decisions?instance_overrides_key=Qmml9G7PZvmL0IN6V3AJbfpk0rWacrs0BF1qxv-7kEc&page=1#main-content', 'https://gataxtribunal.georgia.gov/decisions?instance_overrides_key=Qmml9G7PZvmL0IN6V3AJbfpk0rWacrs0BF1qxv-7kEc&page=1']","['GWR\xa0Georgia Property Owner, LLC - Order Denying Pet. MSJ, 2022 - 10 Ga. Tax Tribunal, September 22, 2022']",Slides,0.22098107635974884
download,https://gataxtribunal.georgia.gov/document/decisions/calvin-bernard-neal-sr-order-dismissal-2022-9-ga-tax-tribunal-june-16-2022/download,243.3KB,243.330078125,2022-06-16 13:05:06,,,,2022-06-16 13:05:06,OmniPageCSDK19,2,0,2,PDF 1.7,"['https://gataxtribunal.georgia.gov/decisions?instance_overrides_key=Qmml9G7PZvmL0IN6V3AJbfpk0rWacrs0BF1qxv-7kEc&page=2', 'https://gataxtribunal.georgia.gov/decisions?instance_overrides_key=Qmml9G7PZvmL0IN6V3AJbfpk0rWacrs0BF1qxv-7kEc&page=2#main-content']","['Calvin\xa0Bernard Neal SR - Order of Dismissal, 2022 - 9 Ga. Tax Tribunal, June 16, 2022']",Brochure,0.5462984442710876
download,https://gataxtribunal.georgia.gov/document/decisions/bhugesh-investments-llc-order-granting-motion-dismiss-decision-2022-8-ga-tax/download,1.1MB,1156.6015625,2022-06-14 09:03:06,,,,2022-06-14 09:03:06,OmniPageCSDK19,7,0,7,PDF 1.7,"['https://gataxtribunal.georgia.gov/decisions?instance_overrides_key=Qmml9G7PZvmL0IN6V3AJbfpk0rWacrs0BF1qxv-7kEc&page=2', 'https://gataxtribunal.georgia.gov/decisions?instance_overrides_key=Qmml9G7PZvmL0IN6V3AJbfpk0rWacrs0BF1qxv-7kEc&page=2#main-content']","['Bhugesh\xa0Investments LLC - Order Granting Motion To Dismiss - Decision, 2022 - 8 Ga. Tax Tribunal, June 14, 2022']",Slides,0.42367109656333923
download,https://gataxtribunal.georgia.gov/document/decisions/nader-noaman-manal-kodsy-order-dismissal-2022-7-ga-tax-tribunal-june-10-2022/download,739.0KB,739.005859375,2022-06-14 09:05:01,,,,2022-06-10 09:05:06,OmniPageCSDK19,3,0,3,PDF 1.7,"['https://gataxtribunal.georgia.gov/decisions?instance_overrides_key=Qmml9G7PZvmL0IN6V3AJbfpk0rWacrs0BF1qxv-7kEc&page=2', 'https://gataxtribunal.georgia.gov/decisions?instance_overrides_key=Qmml9G7PZvmL0IN6V3AJbfpk0rWacrs0BF1qxv-7kEc&page=2#main-content']","['Nader\xa0Noaman & Manal Kodsy - Order of Dismissal, 2022 - 7 Ga. Tax Tribunal, June 10, 2022']",Brochure,0.45799145102500916
download,https://gataxtribunal.georgia.gov/document/decisions/perkinson-order-denying-motion-clarification-2022-6-ga-tax-tribunal-june-6-2022/download,426.0KB,425.994140625,2022-06-07 11:00:08,,,,2022-06-07 11:00:08,OmniPageCSDK19,2,0,2,PDF 1.7,"['https://gataxtribunal.georgia.gov/decisions?instance_overrides_key=Qmml9G7PZvmL0IN6V3AJbfpk0rWacrs0BF1qxv-7kEc&page=2', 'https://gataxtribunal.georgia.gov/decisions?instance_overrides_key=Qmml9G7PZvmL0IN6V3AJbfpk0rWacrs0BF1qxv-7kEc&page=2#main-content']","['Perkinson\xa0- Order Denying Motion for Clarification, 2022 - 6 Ga. Tax Tribunal, June 6, 2022']",Brochure,0.8123117685317993
download,https://gataxtribunal.georgia.gov/document/decisions/perkinson-decision-2022-5-ga-tax-tribunal-may-5-2022/download,3.0MB,3098.6474609375,2022-05-05 13:01:02,,,,2022-05-05 13:01:02,OmniPageCSDK19,17,0,17,PDF 1.7,"['https://gataxtribunal.georgia.gov/decisions?instance_overrides_key=Qmml9G7PZvmL0IN6V3AJbfpk0rWacrs0BF1qxv-7kEc&page=2', 'https://gataxtribunal.georgia.gov/decisions?instance_overrides_key=Qmml9G7PZvmL0IN6V3AJbfpk0rWacrs0BF1qxv-7kEc&page=2#main-content']","['Perkinson\xa0- Decision, 2022 - 5 Ga. Tax Tribunal, May 5, 2022']",Slides,0.5999810099601746
download,https://gataxtribunal.georgia.gov/document/decisions/order-granting-dor-msj-decision-2022-4-ga-tax-tribunal-may-5-2022-redacted/download,1.8MB,1879.5224609375,2022-10-27 14:05:00,,,,2022-05-05 08:01:03,PDFlib+PDI 8.0.4p2 (ppc Linux),19,0,38,PDF 1.7,"['https://gataxtribunal.georgia.gov/decisions?instance_overrides_key=Qmml9G7PZvmL0IN6V3AJbfpk0rWacrs0BF1qxv-7kEc&page=2', 'https://gataxtribunal.georgia.gov/decisions?instance_overrides_key=Qmml9G7PZvmL0IN6V3AJbfpk0rWacrs0BF1qxv-7kEc&page=2#main-content']","['Order\xa0Granting DOR MSJ - Decision, 2022 - 4 Ga. Tax Tribunal, May 5, 2022 (Redacted)']",Slides,0.6576687097549438
download,https://gataxtribunal.georgia.gov/document/decisions/order-denying-uber-msj-decision-2022-3-ga-tax-tribunal-may-5-2022-redacted/download,1.5MB,1555.8173828125,2022-10-27 14:03:02,,,,2022-05-05 08:01:04,PDFlib+PDI 8.0.4p2 (ppc Linux),14,0,28,PDF 1.7,"['https://gataxtribunal.georgia.gov/decisions?instance_overrides_key=Qmml9G7PZvmL0IN6V3AJbfpk0rWacrs0BF1qxv-7kEc&page=2', 'https://gataxtribunal.georgia.gov/decisions?instance_overrides_key=Qmml9G7PZvmL0IN6V3AJbfpk0rWacrs0BF1qxv-7kEc&page=2#main-content']","['Order\xa0Denying Uber MSJ - Decision, 2022 - 3 Ga. Tax Tribunal, May 5, 2022 (Redacted)']",Report,0.3508053719997406
download,https://gataxtribunal.georgia.gov/document/decisions/kenya-carrington-decision-2022-2-ga-tax-tribunal-april-20-2022/download,214.2KB,214.248046875,2022-04-20 14:02:03,,,,2022-04-20 14:02:03,OmniPageCSDK19,2,0,2,PDF 1.7,"['https://gataxtribunal.georgia.gov/decisions?instance_overrides_key=Qmml9G7PZvmL0IN6V3AJbfpk0rWacrs0BF1qxv-7kEc&page=2', 'https://gataxtribunal.georgia.gov/decisions?instance_overrides_key=Qmml9G7PZvmL0IN6V3AJbfpk0rWacrs0BF1qxv-7kEc&page=2#main-content']","['Kenya\xa0Carrington - Decision, 2022 - 2 Ga. Tax Tribunal, April 20, 2022']",Brochure,0.5848475098609924
download,https://gataxtribunal.georgia.gov/document/decisions/timothy-jankowski-decision-2022-1-ga-tax-tribunal-january-4-2022/download,421.2KB,421.232421875,2022-01-12 14:04:00,,,,2022-01-06 13:03:04,OmniPageCSDK19,2,0,2,PDF 1.7,"['https://gataxtribunal.georgia.gov/decisions?instance_overrides_key=Qmml9G7PZvmL0IN6V3AJbfpk0rWacrs0BF1qxv-7kEc&page=2', 'https://gataxtribunal.georgia.gov/decisions?instance_overrides_key=Qmml9G7PZvmL0IN6V3AJbfpk0rWacrs0BF1qxv-7kEc&page=2#main-content']","['Timothy\xa0Jankowski - Decision, 2022 - 1 Ga. Tax Tribunal, January 4, 2022']",Brochure,0.7453872561454773
download,https://gataxtribunal.georgia.gov/document/decisions/robbie-d-terry-washington-decision-2021-6-ga-tax-tribunal-november-17-2021/download,1.8MB,1798.0283203125,2021-11-17 11:02:09,,,,2021-11-17 11:02:09,OmniPageCSDK19,5,0,5,PDF 1.7,"['https://gataxtribunal.georgia.gov/decisions?instance_overrides_key=Qmml9G7PZvmL0IN6V3AJbfpk0rWacrs0BF1qxv-7kEc&page=2', 'https://gataxtribunal.georgia.gov/decisions?instance_overrides_key=Qmml9G7PZvmL0IN6V3AJbfpk0rWacrs0BF1qxv-7kEc&page=2#main-content']","['Robbie\xa0D. Terry-Washington - Decision, 2021 - 6 Ga. Tax Tribunal, November 17, 2021']",Brochure,0.18315722048282623
download,https://gataxtribunal.georgia.gov/document/decisions/floyd-healthcare-management-inc-decision-2021-5-ga-tax-tribunal-september-22/download,3.1MB,3201.76171875,2021-10-06 19:02:03,,,,2021-09-29 15:01:04,3-Heights™ PDF Optimization Shell 6.3.1.5 (http://www.pdf-tools.com),20,0,20,PDF 1.7,"['https://gataxtribunal.georgia.gov/decisions?instance_overrides_key=Qmml9G7PZvmL0IN6V3AJbfpk0rWacrs0BF1qxv-7kEc&page=3#main-content', 'https://gataxtribunal.georgia.gov/decisions?instance_overrides_key=Qmml9G7PZvmL0IN6V3AJbfpk0rWacrs0BF1qxv-7kEc&page=3']","['Floyd\xa0Healthcare Management Inc. - Decision, 2021 - 5 Ga. Tax Tribunal, September 22, 2021']",Slides,0.7359786033630371
download,https://gataxtribunal.georgia.gov/document/decisions/harry-s-ileana-quinones-harrell-decision-2021-4-ga-tax-tribunal-july-29-2021/download,2.5MB,2543.798828125,2021-10-06 19:02:06,,,,2021-07-29 18:02:00,3-Heights™ PDF Optimization Shell 6.3.1.5 (http://www.pdf-tools.com),16,0,16,PDF 1.7,"['https://gataxtribunal.georgia.gov/decisions?instance_overrides_key=Qmml9G7PZvmL0IN6V3AJbfpk0rWacrs0BF1qxv-7kEc&page=3#main-content', 'https://gataxtribunal.georgia.gov/decisions?instance_overrides_key=Qmml9G7PZvmL0IN6V3AJbfpk0rWacrs0BF1qxv-7kEc&page=3']","['Harry\xa0S. & Ileana Quinones Harrell - Decision, 2021 - 4 Ga. Tax Tribunal, July 29, 2021']",Report,0.35408130288124084
download,https://gataxtribunal.georgia.gov/document/decisions/quadgraphics-inc-decision-2021-3-ga-tax-tribunal-july-8-2021/download,567.5KB,567.4931640625,2021-10-06 19:03:00,,,,2021-07-08 12:02:03,3-Heights™ PDF Optimization Shell 6.3.1.5 (http://www.pdf-tools.com),3,0,3,PDF 1.7,"['https://gataxtribunal.georgia.gov/decisions?instance_overrides_key=Qmml9G7PZvmL0IN6V3AJbfpk0rWacrs0BF1qxv-7kEc&page=3#main-content', 'https://gataxtribunal.georgia.gov/decisions?instance_overrides_key=Qmml9G7PZvmL0IN6V3AJbfpk0rWacrs0BF1qxv-7kEc&page=3']","['Quad/Graphics\xa0Inc. - Decision, 2021 - 3 Ga. Tax Tribunal, July 8, 2021']",Brochure,0.5930142998695374
download,https://gataxtribunal.georgia.gov/document/decisions/brian-swanson-decision-2021-2-ga-tax-tribunal-june-1-2021/download,746.9KB,746.9140625,2021-10-29 09:02:06,,,,2021-10-26 15:01:07,OmniPageCSDK19,3,0,3,PDF 1.7,"['https://gataxtribunal.georgia.gov/decisions?instance_overrides_key=Qmml9G7PZvmL0IN6V3AJbfpk0rWacrs0BF1qxv-7kEc&page=3#main-content', 'https://gataxtribunal.georgia.gov/decisions?instance_overrides_key=Qmml9G7PZvmL0IN6V3AJbfpk0rWacrs0BF1qxv-7kEc&page=3']","['Brian\xa0Swanson - Decision, 2021 - 2 Ga. Tax Tribunal, June 1, 2021']",Brochure,0.6630805134773254
download,https://gataxtribunal.georgia.gov/document/decisions/jordan-webb-decision-2021-1-ga-tax-tribunal-may-6-2021/download,902.9KB,902.87890625,2021-10-06 19:02:09,,,,2021-05-07 17:02:03,3-Heights™ PDF Optimization Shell 6.3.1.5 (http://www.pdf-tools.com),7,0,7,PDF 1.7,"['https://gataxtribunal.georgia.gov/decisions?instance_overrides_key=Qmml9G7PZvmL0IN6V3AJbfpk0rWacrs0BF1qxv-7kEc&page=3#main-content', 'https://gataxtribunal.georgia.gov/decisions?instance_overrides_key=Qmml9G7PZvmL0IN6V3AJbfpk0rWacrs0BF1qxv-7kEc&page=3']","['Jordan\xa0Webb - Decision, 2021 - 1 Ga. Tax Tribunal, May, 6, 2021']",Policy,0.24073044955730438
download,https://gataxtribunal.georgia.gov/document/decisions/t-mobile-south-llc-decision-2020-4-ga-tax-tribunal-august-6-2020/download,4.3MB,4427.2529296875,2020-08-06 15:04:00,,,,2020-08-06 15:00:09,OmniPageCSDK19,54,0,54,PDF 1.7,"['https://gataxtribunal.georgia.gov/decisions?instance_overrides_key=Qmml9G7PZvmL0IN6V3AJbfpk0rWacrs0BF1qxv-7kEc&page=3#main-content', 'https://gataxtribunal.georgia.gov/decisions?instance_overrides_key=Qmml9G7PZvmL0IN6V3AJbfpk0rWacrs0BF1qxv-7kEc&page=3']","['T-Mobile\xa0South, LLC - Decision, 2020 - 4 Ga. Tax Tribunal, August 6, 2020']",Report,0.7934584617614746
download,https://gataxtribunal.georgia.gov/document/decisions/page-avjet-fuel-co-llc-and-signature-flight-support-corp-decision-2020-3-ga-tax/download,6.2MB,6364.5517578125,2021-10-06 19:03:01,,,,2020-01-28 14:03:01,3-Heights™ PDF Optimization Shell 6.3.1.5 (http://www.pdf-tools.com),40,0,40,PDF 1.7,"['https://gataxtribunal.georgia.gov/decisions?instance_overrides_key=Qmml9G7PZvmL0IN6V3AJbfpk0rWacrs0BF1qxv-7kEc&page=3#main-content', 'https://gataxtribunal.georgia.gov/decisions?instance_overrides_key=Qmml9G7PZvmL0IN6V3AJbfpk0rWacrs0BF1qxv-7kEc&page=3']","['Page\xa0Avjet Fuel Co LLC and Signature Flight Support Corp - Decision, 2020 - 3 Ga. Tax Tribunal, January 28, 2020']",Report,0.733323335647583
download,https://gataxtribunal.georgia.gov/document/decisions/quest-diagnostics-clinical-laboratories-inc-decision-2020-2-ga-tax-tribunal/download,206.6KB,206.5517578125,2021-10-06 19:03:01,,,,2021-10-05 14:02:04,3-Heights™ PDF Optimization Shell 6.3.1.5 (http://www.pdf-tools.com),13,0,13,PDF 1.7,"['https://gataxtribunal.georgia.gov/decisions?instance_overrides_key=Qmml9G7PZvmL0IN6V3AJbfpk0rWacrs0BF1qxv-7kEc&page=3#main-content', 'https://gataxtribunal.georgia.gov/decisions?instance_overrides_key=Qmml9G7PZvmL0IN6V3AJbfpk0rWacrs0BF1qxv-7kEc&page=3']","['Quest\xa0Diagnostics Clinical Laboratories, Inc. - Decision, 2020 - 2 Ga. Tax Tribunal, January 22, 2020']",Policy,0.3159932494163513
download,https://gataxtribunal.georgia.gov/document/decisions/funvestment-group-llc-decision-2020-1-ga-tax-tribunal-january-14-2020/download,1.6MB,1598.4326171875,2021-10-06 19:03:01,,,,2020-01-14 14:03:04,3-Heights™ PDF Optimization Shell 6.3.1.5 (http://www.pdf-tools.com),11,0,11,PDF 1.7,"['https://gataxtribunal.georgia.gov/decisions?instance_overrides_key=Qmml9G7PZvmL0IN6V3AJbfpk0rWacrs0BF1qxv-7kEc&page=3#main-content', 'https://gataxtribunal.georgia.gov/decisions?instance_overrides_key=Qmml9G7PZvmL0IN6V3AJbfpk0rWacrs0BF1qxv-7kEc&page=3']","['Funvestment\xa0Group LLC - Decision, 2020 - 1 Ga. Tax Tribunal, January, 14, 2020']",Report,0.298664927482605
download,https://gataxtribunal.georgia.gov/document/decisions/executive-limousine-transportation-inc-decision-2019-3-ga-tax-tribunal-october/download,967.7KB,967.7197265625,2021-11-03 10:01:08,,,,2021-11-03 10:01:08,OmniPageCSDK19,27,0,27,PDF 1.7,"['https://gataxtribunal.georgia.gov/decisions?instance_overrides_key=Qmml9G7PZvmL0IN6V3AJbfpk0rWacrs0BF1qxv-7kEc&page=3#main-content', 'https://gataxtribunal.georgia.gov/decisions?instance_overrides_key=Qmml9G7PZvmL0IN6V3AJbfpk0rWacrs0BF1qxv-7kEc&page=3']","['Executive\xa0Limousine Transportation, Inc. - Decision, 2019 - 3 Ga. Tax Tribunal, October 21, 2019']",Report,0.4322730004787445
download,https://gataxtribunal.georgia.gov/document/decisions/kcc-340-kennestone-llc-decision-2019-2-ga-tax-tribunal-august-6-2019/download,167.8KB,167.7607421875,2021-10-06 19:03:02,,,,2021-10-05 13:02:05,3-Heights™ PDF Optimization Shell 6.3.1.5 (http://www.pdf-tools.com),10,0,10,PDF 1.7,"['https://gataxtribunal.georgia.gov/decisions?instance_overrides_key=Qmml9G7PZvmL0IN6V3AJbfpk0rWacrs0BF1qxv-7kEc&page=4', 'https://gataxtribunal.georgia.gov/decisions?instance_overrides_key=Qmml9G7PZvmL0IN6V3AJbfpk0rWacrs0BF1qxv-7kEc&page=4#main-content']","['KCC\xa0340 Kennestone, LLC - Decision, 2019 - 2 Ga. Tax Tribunal, August 6, 2019']",Policy,0.39162376523017883
download,https://gataxtribunal.georgia.gov/document/decisions/kpcii-61-whitcher-llc-decision-2019-1-ga-tax-tribunal-august-6-2019/download,155.4KB,155.3896484375,2021-10-06 19:03:02,,,,2019-10-09 11:00:07,3-Heights™ PDF Optimization Shell 6.3.1.5 (http://www.pdf-tools.com),10,0,10,PDF 1.7,"['https://gataxtribunal.georgia.gov/decisions?instance_overrides_key=Qmml9G7PZvmL0IN6V3AJbfpk0rWacrs0BF1qxv-7kEc&page=4', 'https://gataxtribunal.georgia.gov/decisions?instance_overrides_key=Qmml9G7PZvmL0IN6V3AJbfpk0rWacrs0BF1qxv-7kEc&page=4#main-content']","['KPCII\xa061 WHITCHER, LLC - Decision, 2019 - 1 Ga. Tax Tribunal, August 6, 2019']",Policy,0.47436976432800293
download,https://gataxtribunal.georgia.gov/document/decisions/drivetime-car-sales-company-llc-decision-2018-2-ga-tax-tribunal-december-13/download,1.4MB,1424.328125,2019-08-23 18:00:09,,,,2019-08-23 18:00:09,OmniPageCSDK19,45,0,45,PDF 1.7,"['https://gataxtribunal.georgia.gov/decisions?instance_overrides_key=Qmml9G7PZvmL0IN6V3AJbfpk0rWacrs0BF1qxv-7kEc&page=4', 'https://gataxtribunal.georgia.gov/decisions?instance_overrides_key=Qmml9G7PZvmL0IN6V3AJbfpk0rWacrs0BF1qxv-7kEc&page=4#main-content']","['Drivetime\xa0Car Sales Company, LLC - Decision, 2018 - 2  Ga. Tax Tribunal, December 13, 2018.PDF']",Report,0.5994131565093994
download,https://gataxtribunal.georgia.gov/document/decisions/moosa-company-llc-decision-2018-1-ga-tax-tribunal-october-16-2018pdf/download,168.8KB,168.82421875,2019-08-23 18:01:04,,,,2019-08-23 18:01:04,OmniPageCSDK19,7,0,7,PDF 1.7,"['https://gataxtribunal.georgia.gov/decisions?instance_overrides_key=Qmml9G7PZvmL0IN6V3AJbfpk0rWacrs0BF1qxv-7kEc&page=4', 'https://gataxtribunal.georgia.gov/decisions?instance_overrides_key=Qmml9G7PZvmL0IN6V3AJbfpk0rWacrs0BF1qxv-7kEc&page=4#main-content']","['Moosa\xa0Company, LLC - Decision, 2018 - 1 Ga. Tax Tribunal, October 16, 2018.PDF']",Policy,0.4505476653575897
download,https://gataxtribunal.georgia.gov/document/decisions/doris-murrah-decision-2017-3-ga-tax-tribunal-august-8-2017pdf/download,68.9KB,68.8837890625,2018-12-13 11:05:08,,,,2018-12-13 11:05:08,OmniPageCSDK19,3,0,3,PDF 1.7,"['https://gataxtribunal.georgia.gov/decisions?instance_overrides_key=Qmml9G7PZvmL0IN6V3AJbfpk0rWacrs0BF1qxv-7kEc&page=4', 'https://gataxtribunal.georgia.gov/decisions?instance_overrides_key=Qmml9G7PZvmL0IN6V3AJbfpk0rWacrs0BF1qxv-7kEc&page=4#main-content']","['Doris\xa0Murrah - Decision, 2017 - 3 Ga. Tax Tribunal, August 8, 2017.PDF']",Policy,0.2998744249343872
download,https://gataxtribunal.georgia.gov/document/decisions/scholastic-book-clubs-inc-decision-2017-2-ga-tax-tribunal-february-14-2017pdf/download,771.5KB,771.4638671875,,,,,2017-02-17 11:00:08,OmniPage CSDK 16,26,0,26,PDF 1.4,"['https://gataxtribunal.georgia.gov/decisions?instance_overrides_key=Qmml9G7PZvmL0IN6V3AJbfpk0rWacrs0BF1qxv-7kEc&page=4', 'https://gataxtribunal.georgia.gov/decisions?instance_overrides_key=Qmml9G7PZvmL0IN6V3AJbfpk0rWacrs0BF1qxv-7kEc&page=4#main-content']","['Scholastic\xa0Book Clubs, Inc. - Decision 2017 - 2 Ga. Tax Tribunal, February 14, 2017.PDF']",Slides,0.4632802903652191
download,https://gataxtribunal.georgia.gov/document/decisions/sewon-america-inc-decision-2017-1-ga-tax-tribunal-january-24-2017pdf/download,530.1KB,530.11328125,,,,,2017-02-15 18:02:07,OmniPage CSDK 16,17,0,17,PDF 1.4,"['https://gataxtribunal.georgia.gov/decisions?instance_overrides_key=Qmml9G7PZvmL0IN6V3AJbfpk0rWacrs0BF1qxv-7kEc&page=4', 'https://gataxtribunal.georgia.gov/decisions?instance_overrides_key=Qmml9G7PZvmL0IN6V3AJbfpk0rWacrs0BF1qxv-7kEc&page=4#main-content']","['Sewon\xa0America, Inc. - Decision, 2017-1 Ga. Tax Tribunal, January 24, 2017.PDF']",Slides,0.41384077072143555
download,https://gataxtribunal.georgia.gov/document/decisions/marc-j-fleury-nathalie-mason-fleury-order-denying-motion-reconsideration-2016-1/download,55.0KB,54.958984375,,,,,2016-01-04 16:03:02,OmniPage CSDK 16,2,0,2,PDF 1.4,"['https://gataxtribunal.georgia.gov/decisions?instance_overrides_key=Qmml9G7PZvmL0IN6V3AJbfpk0rWacrs0BF1qxv-7kEc&page=4', 'https://gataxtribunal.georgia.gov/decisions?instance_overrides_key=Qmml9G7PZvmL0IN6V3AJbfpk0rWacrs0BF1qxv-7kEc&page=4#main-content']","['Marc\xa0J. Fleury & Nathalie Mason-Fleury - Order Denying Motion for Reconsideration, 2016 - 1 Ga. Tax Tribunal, January 4, 2016.PDF']",Form,0.29033687710762024
download,https://gataxtribunal.georgia.gov/document/decisions/jeffrey-bourassa-decision-2015-7-ga-tax-tribunal-december-14-2015pdf/download,512.2KB,512.2119140625,,,,,2015-12-14 13:00:06,OmniPage CSDK 16,15,0,15,PDF 1.4,"['https://gataxtribunal.georgia.gov/decisions?instance_overrides_key=Qmml9G7PZvmL0IN6V3AJbfpk0rWacrs0BF1qxv-7kEc&page=4', 'https://gataxtribunal.georgia.gov/decisions?instance_overrides_key=Qmml9G7PZvmL0IN6V3AJbfpk0rWacrs0BF1qxv-7kEc&page=4#main-content']","['Jeffrey\xa0Bourassa - Decision, 2015 - 7 Ga. Tax Tribunal, December 14, 2015.PDF']",Report,0.31951338052749634
download,https://gataxtribunal.georgia.gov/document/decisions/marc-j-fleury-nathalie-mason-fleury-decision-2015-6-ga-tax-tribunal-december-1/download,492.8KB,492.7646484375,,,,,2015-12-01 15:04:01,OmniPage CSDK 16,14,0,14,PDF 1.4,"['https://gataxtribunal.georgia.gov/decisions?instance_overrides_key=Qmml9G7PZvmL0IN6V3AJbfpk0rWacrs0BF1qxv-7kEc&page=4', 'https://gataxtribunal.georgia.gov/decisions?instance_overrides_key=Qmml9G7PZvmL0IN6V3AJbfpk0rWacrs0BF1qxv-7kEc&page=4#main-content']","['Marc\xa0J. Fleury & Nathalie Mason-Fleury - Decision, 2015-6 Ga. Tax Tribunal, December 1, 2015.PDF']",Report,0.3250941038131714
download,https://gataxtribunal.georgia.gov/document/decisions/douglasville-hospitality-inc-decision-2015-5-ga-tax-tribunal-july-23-2015pdf/download,586.7KB,586.7431640625,,,,,2015-07-23 11:00:04,OmniPage CSDK 16,19,0,19,PDF 1.4,"['https://gataxtribunal.georgia.gov/decisions?instance_overrides_key=Qmml9G7PZvmL0IN6V3AJbfpk0rWacrs0BF1qxv-7kEc&page=5#main-content', 'https://gataxtribunal.georgia.gov/decisions?instance_overrides_key=Qmml9G7PZvmL0IN6V3AJbfpk0rWacrs0BF1qxv-7kEc&page=5']","['Douglasville\xa0Hospitality, Inc. - Decision, 2015-5, Ga. Tax Tribunal, July 23, 2015.PDF']",Slides,0.6099575757980347
download,https://gataxtribunal.georgia.gov/document/decisions/h-alan-rosenberg-final-consent-order-2015-4-ga-tax-tribunal-july-13-2015pdf/download,147.8KB,147.8125,,,,,2015-07-13 09:05:06,OmniPage CSDK 16,6,0,6,PDF 1.4,"['https://gataxtribunal.georgia.gov/decisions?instance_overrides_key=Qmml9G7PZvmL0IN6V3AJbfpk0rWacrs0BF1qxv-7kEc&page=5#main-content', 'https://gataxtribunal.georgia.gov/decisions?instance_overrides_key=Qmml9G7PZvmL0IN6V3AJbfpk0rWacrs0BF1qxv-7kEc&page=5']","['H.\xa0Alan Rosenberg - Final Consent Order, 2015-4 Ga. Tax Tribunal, July 13, 2015.PDF']",Policy,0.42282819747924805
download,https://gataxtribunal.georgia.gov/document/decisions/f1-and-f2-redacted-order-2015-3-ga-tax-tribunal-february-11-2015pdf/download,169.2KB,169.15625,,,,,2015-04-22 10:04:03,OmniPage CSDK 16,5,0,5,PDF 1.4,"['https://gataxtribunal.georgia.gov/decisions?instance_overrides_key=Qmml9G7PZvmL0IN6V3AJbfpk0rWacrs0BF1qxv-7kEc&page=5#main-content', 'https://gataxtribunal.georgia.gov/decisions?instance_overrides_key=Qmml9G7PZvmL0IN6V3AJbfpk0rWacrs0BF1qxv-7kEc&page=5']","['F1\xa0and F2 Redacted Order - 2015-3 Ga. Tax Tribunal, February 11, 2015.PDF']",Policy,0.20351876318454742
download,https://gataxtribunal.georgia.gov/document/decisions/inglett-stubbs-international-ltd-decision-2015-2-ga-tax-tribunal-february-11/download,1013.2KB,1013.1943359375,,,,,2015-03-06 16:03:07,OmniPage CSDK 16,26,0,26,PDF 1.4,"['https://gataxtribunal.georgia.gov/decisions?instance_overrides_key=Qmml9G7PZvmL0IN6V3AJbfpk0rWacrs0BF1qxv-7kEc&page=5#main-content', 'https://gataxtribunal.georgia.gov/decisions?instance_overrides_key=Qmml9G7PZvmL0IN6V3AJbfpk0rWacrs0BF1qxv-7kEc&page=5']","['Inglett\xa0& Stubbs International, Ltd. - Decision, 2015-2 Ga. Tax Tribunal, February 11, 2015.PDF']",Slides,0.48386478424072266
download,https://gataxtribunal.georgia.gov/document/decisions/georgia-power-company-decision-2015-1-ga-tax-tribunal-january-5-2015pdf/download,2.7MB,2767.3740234375,,,,,2015-01-05 18:00:04,OmniPage CSDK 16,74,0,74,PDF 1.4,"['https://gataxtribunal.georgia.gov/decisions?instance_overrides_key=Qmml9G7PZvmL0IN6V3AJbfpk0rWacrs0BF1qxv-7kEc&page=5#main-content', 'https://gataxtribunal.georgia.gov/decisions?instance_overrides_key=Qmml9G7PZvmL0IN6V3AJbfpk0rWacrs0BF1qxv-7kEc&page=5']","['Georgia\xa0Power Company - Decision, 2015-1 Ga. Tax Tribunal, January 5, 2015.PDF']",Report,0.6419219970703125
download,https://gataxtribunal.georgia.gov/document/decisions/petitioner-f-1-and-f-2-decision-2014-16-ga-tax-tribunal-december-10-2014pdf/download,555.5KB,555.4658203125,,,,,2014-12-10 13:02:02,OmniPage CSDK 16,14,0,14,PDF 1.4,"['https://gataxtribunal.georgia.gov/decisions?instance_overrides_key=Qmml9G7PZvmL0IN6V3AJbfpk0rWacrs0BF1qxv-7kEc&page=5#main-content', 'https://gataxtribunal.georgia.gov/decisions?instance_overrides_key=Qmml9G7PZvmL0IN6V3AJbfpk0rWacrs0BF1qxv-7kEc&page=5']","['Petitioner\xa0F-1 and F-2 - Decision, 2014-16 Ga. Tax Tribunal, December 10, 2014.PDF']",Policy,0.2720530331134796
download,https://gataxtribunal.georgia.gov/document/decisions/h-alan-rosenberg-decision-2014-15-ga-tax-tribunal-november-25-2014pdf/download,1.7MB,1769.306640625,,,,,2014-11-25 14:04:09,OmniPage CSDK 16,44,0,44,PDF 1.4,"['https://gataxtribunal.georgia.gov/decisions?instance_overrides_key=Qmml9G7PZvmL0IN6V3AJbfpk0rWacrs0BF1qxv-7kEc&page=5#main-content', 'https://gataxtribunal.georgia.gov/decisions?instance_overrides_key=Qmml9G7PZvmL0IN6V3AJbfpk0rWacrs0BF1qxv-7kEc&page=5']","['H.\xa0Alan Rosenberg - Decision, 2014 - 15 Ga. Tax Tribunal, November 25, 2014.PDF']",Report,0.6208440065383911
download,https://gataxtribunal.georgia.gov/document/decisions/matthew-j-towery-decision-2014-14-ga-tax-tribunal-november-14-2014pdf/download,142.4KB,142.4111328125,,,,,2014-11-13 13:05:06,OmniPage CSDK 16,5,0,5,PDF 1.4,"['https://gataxtribunal.georgia.gov/decisions?instance_overrides_key=Qmml9G7PZvmL0IN6V3AJbfpk0rWacrs0BF1qxv-7kEc&page=5#main-content', 'https://gataxtribunal.georgia.gov/decisions?instance_overrides_key=Qmml9G7PZvmL0IN6V3AJbfpk0rWacrs0BF1qxv-7kEc&page=5']","['Matthew\xa0J. Towery - Decision, 2014 - 14 Ga. Tax Tribunal, November 14, 2014.PDF']",Policy,0.3663921654224396
download,https://gataxtribunal.georgia.gov/document/decisions/nadine-levy-decision-2014-13-ga-tax-tribunal-october-3-2014pdf/download,231.2KB,231.234375,,,,,2014-10-03 12:00:03,OmniPage CSDK 16,7,0,7,PDF 1.4,"['https://gataxtribunal.georgia.gov/decisions?instance_overrides_key=Qmml9G7PZvmL0IN6V3AJbfpk0rWacrs0BF1qxv-7kEc&page=5#main-content', 'https://gataxtribunal.georgia.gov/decisions?instance_overrides_key=Qmml9G7PZvmL0IN6V3AJbfpk0rWacrs0BF1qxv-7kEc&page=5']","['Nadine\xa0Levy - Decision, 2014-13 Ga. Tax Tribunal, October 3, 2014.PDF']",Policy,0.3170221745967865
download,https://gataxtribunal.georgia.gov/document/decisions/thomas-m-herring-decision-2014-12-ga-tax-tribunal-august-27-2014pdf/download,310.0KB,310.005859375,,,,,2014-08-26 15:05:08,OmniPage CSDK 16,9,0,9,PDF 1.4,"['https://gataxtribunal.georgia.gov/decisions?instance_overrides_key=Qmml9G7PZvmL0IN6V3AJbfpk0rWacrs0BF1qxv-7kEc&page=5#main-content', 'https://gataxtribunal.georgia.gov/decisions?instance_overrides_key=Qmml9G7PZvmL0IN6V3AJbfpk0rWacrs0BF1qxv-7kEc&page=5']","['Thomas\xa0M. Herring - Decision, 2014-12 Ga. Tax Tribunal, August 27, 2014.PDF']",Policy,0.24020147323608398
download,https://gataxtribunal.georgia.gov/document/decisions/lorraine-l-hunter-decision-2014-11-ga-tax-tribinal-july-2-2014pdf/download,362.4KB,362.3681640625,,,,,2014-07-02 15:04:07,OmniPage CSDK 16,10,0,10,PDF 1.4,"['https://gataxtribunal.georgia.gov/decisions?instance_overrides_key=Qmml9G7PZvmL0IN6V3AJbfpk0rWacrs0BF1qxv-7kEc&page=6#main-content', 'https://gataxtribunal.georgia.gov/decisions?instance_overrides_key=Qmml9G7PZvmL0IN6V3AJbfpk0rWacrs0BF1qxv-7kEc&page=6']","['Lorraine\xa0L. Hunter - Decision, 2014-11 Ga. Tax Tribinal, July 2, 2014.PDF']",Report,0.24772770702838898
download,https://gataxtribunal.georgia.gov/document/decisions/mark-d-banner-tina-l-kelley-decision-2014-10-ga-tax-tribunal-june-11-2014pdf/download,63.4KB,63.36328125,,,,,2014-06-11 11:00:00,OmniPage CSDK 16,2,0,2,PDF 1.4,"['https://gataxtribunal.georgia.gov/decisions?instance_overrides_key=Qmml9G7PZvmL0IN6V3AJbfpk0rWacrs0BF1qxv-7kEc&page=6#main-content', 'https://gataxtribunal.georgia.gov/decisions?instance_overrides_key=Qmml9G7PZvmL0IN6V3AJbfpk0rWacrs0BF1qxv-7kEc&page=6']","['Mark\xa0D. Banner & Tina L. Kelley - Decision, 2014-10 Ga. Tax Tribunal, June 11, 2014.PDF']",Form,0.33680784702301025
download,https://gataxtribunal.georgia.gov/document/decisions/linda-dodgen-william-dodgen-decision-2014-9-ga-tax-tribunal-june-11-2014pdf/download,227.4KB,227.36328125,,,,,2014-06-11 10:02:01,OmniPage CSDK 16,7,0,7,PDF 1.4,"['https://gataxtribunal.georgia.gov/decisions?instance_overrides_key=Qmml9G7PZvmL0IN6V3AJbfpk0rWacrs0BF1qxv-7kEc&page=6#main-content', 'https://gataxtribunal.georgia.gov/decisions?instance_overrides_key=Qmml9G7PZvmL0IN6V3AJbfpk0rWacrs0BF1qxv-7kEc&page=6']","['Linda\xa0Dodgen & William Dodgen - Decision, 2014-9 Ga. Tax Tribunal, June 11, 2014.PDF']",Policy,0.3170221745967865
download,https://gataxtribunal.georgia.gov/document/decisions/leroy-e-parker-decision-2014-8-ga-tax-tribunal-june-3-2014pdf/download,404.6KB,404.6376953125,,,,,2014-06-03 08:03:00,OmniPage CSDK 16,11,0,11,PDF 1.4,"['https://gataxtribunal.georgia.gov/decisions?instance_overrides_key=Qmml9G7PZvmL0IN6V3AJbfpk0rWacrs0BF1qxv-7kEc&page=6#main-content', 'https://gataxtribunal.georgia.gov/decisions?instance_overrides_key=Qmml9G7PZvmL0IN6V3AJbfpk0rWacrs0BF1qxv-7kEc&page=6']","['Leroy\xa0E. Parker - Decision, 2014-8 Ga. Tax Tribunal, June 3, 2014.PDF']",Report,0.27324381470680237
download,https://gataxtribunal.georgia.gov/document/decisions/richard-darwin-brown-decision-2014-7-ga-tax-tribunal-may-5-2014pdf/download,118.4KB,118.390625,,,,,2014-05-05 14:01:02,OmniPage CSDK 16,4,0,4,PDF 1.4,"['https://gataxtribunal.georgia.gov/decisions?instance_overrides_key=Qmml9G7PZvmL0IN6V3AJbfpk0rWacrs0BF1qxv-7kEc&page=6#main-content', 'https://gataxtribunal.georgia.gov/decisions?instance_overrides_key=Qmml9G7PZvmL0IN6V3AJbfpk0rWacrs0BF1qxv-7kEc&page=6']","['Richard\xa0Darwin Brown - Decision, 2014-7 Ga. Tax Tribunal, May 5, 2014.PDF']",Policy,0.3356609344482422
download,https://gataxtribunal.georgia.gov/document/decisions/lorraine-l-hunter-decision-2014-6-ga-tax-tribunal-march-13-2014pdf/download,176.2KB,176.16796875,2014-03-13 14:02:05,,,,2014-03-13 14:02:03,OmniPage CSDK 16,6,0,6,PDF 1.4,"['https://gataxtribunal.georgia.gov/decisions?instance_overrides_key=Qmml9G7PZvmL0IN6V3AJbfpk0rWacrs0BF1qxv-7kEc&page=6#main-content', 'https://gataxtribunal.georgia.gov/decisions?instance_overrides_key=Qmml9G7PZvmL0IN6V3AJbfpk0rWacrs0BF1qxv-7kEc&page=6']","['Lorraine\xa0L. Hunter - Decision, 2014-6 Ga. Tax Tribunal, March 13, 2014.pdf']",Policy,0.2840709090232849
download,https://gataxtribunal.georgia.gov/document/decisions/therese-r-basham-decision-2014-5-ga-tax-tribunal-february-24-2014pdf/download,163.5KB,163.45703125,,,,,2014-02-24 14:00:09,OmniPage CSDK 16,6,0,6,PDF 1.4,"['https://gataxtribunal.georgia.gov/decisions?instance_overrides_key=Qmml9G7PZvmL0IN6V3AJbfpk0rWacrs0BF1qxv-7kEc&page=6#main-content', 'https://gataxtribunal.georgia.gov/decisions?instance_overrides_key=Qmml9G7PZvmL0IN6V3AJbfpk0rWacrs0BF1qxv-7kEc&page=6']","['Therese\xa0R. Basham - Decision, 2014-5 Ga. Tax Tribunal, February 24, 2014.PDF']",Policy,0.3728141784667969
download,https://gataxtribunal.georgia.gov/document/decisions/druniece-jackson-decision-2014-4-ga-tax-tribunal-february-19-2014pdf/download,75.4KB,75.37890625,,,,,2014-02-19 12:00:03,OmniPage CSDK 16,3,0,3,PDF 1.4,"['https://gataxtribunal.georgia.gov/decisions?instance_overrides_key=Qmml9G7PZvmL0IN6V3AJbfpk0rWacrs0BF1qxv-7kEc&page=6#main-content', 'https://gataxtribunal.georgia.gov/decisions?instance_overrides_key=Qmml9G7PZvmL0IN6V3AJbfpk0rWacrs0BF1qxv-7kEc&page=6']","['Druniece\xa0Jackson - Decision, 2014-4 Ga. Tax Tribunal, February 19, 2014.pdf']",Policy,0.31647995114326477
download,https://gataxtribunal.georgia.gov/document/decisions/alice-d-doby-decision-2014-3-ga-tax-tribunal-february-17-2014pdf/download,126.1KB,126.146484375,2014-02-17 13:04:00,,,,2014-02-17 13:03:03,OmniPage CSDK 16,4,0,4,PDF 1.4,"['https://gataxtribunal.georgia.gov/decisions?instance_overrides_key=Qmml9G7PZvmL0IN6V3AJbfpk0rWacrs0BF1qxv-7kEc&page=6#main-content', 'https://gataxtribunal.georgia.gov/decisions?instance_overrides_key=Qmml9G7PZvmL0IN6V3AJbfpk0rWacrs0BF1qxv-7kEc&page=6']","['Alice\xa0D. Doby - Decision, 2014-3 Ga. Tax Tribunal, February 17, 2014.pdf']",Policy,0.3192974925041199
download,https://gataxtribunal.georgia.gov/document/decisions/gail-k-and-paul-t-zantzinger-decision-2014-2-ga-tax-tribunal-january-31-2014pdf/download,155.4KB,155.3681640625,2014-01-31 12:05:09,,,,2014-01-31 12:05:07,OmniPage CSDK 16,5,0,5,PDF 1.4,"['https://gataxtribunal.georgia.gov/decisions?instance_overrides_key=Qmml9G7PZvmL0IN6V3AJbfpk0rWacrs0BF1qxv-7kEc&page=6#main-content', 'https://gataxtribunal.georgia.gov/decisions?instance_overrides_key=Qmml9G7PZvmL0IN6V3AJbfpk0rWacrs0BF1qxv-7kEc&page=6']","['Gail\xa0K. and Paul T. Zantzinger - Decision, 2014-2 Ga. Tax Tribunal, January 31, 2014.pdf']",Policy,0.28907135128974915
download,https://gataxtribunal.georgia.gov/document/decisions/charles-j-barber-sr-decision-2014-1-ga-tax-tribunal-january-23-2014pdf/download,94.2KB,94.18359375,2014-01-23 11:00:01,,,,2014-01-23 11:00:00,OmniPage CSDK 16,3,0,3,PDF 1.4,"['https://gataxtribunal.georgia.gov/decisions?instance_overrides_key=Qmml9G7PZvmL0IN6V3AJbfpk0rWacrs0BF1qxv-7kEc&page=7', 'https://gataxtribunal.georgia.gov/decisions?instance_overrides_key=Qmml9G7PZvmL0IN6V3AJbfpk0rWacrs0BF1qxv-7kEc&page=7#main-content']","['Charles\xa0J. Barber, Sr. - Decision, 2014-1 Ga. Tax Tribunal, January 23, 2014.pdf']",Policy,0.3175334632396698
download,https://gataxtribunal.georgia.gov/document/decisions/terry-e-moon-decision-2013-2-ga-tax-tribunal-december-13-2013pdf/download,43.5KB,43.5498046875,2013-12-16 08:02:09,,,,2013-12-16 08:02:07,OmniPage CSDK 16,4,0,4,PDF 1.4,"['https://gataxtribunal.georgia.gov/decisions?instance_overrides_key=Qmml9G7PZvmL0IN6V3AJbfpk0rWacrs0BF1qxv-7kEc&page=7', 'https://gataxtribunal.georgia.gov/decisions?instance_overrides_key=Qmml9G7PZvmL0IN6V3AJbfpk0rWacrs0BF1qxv-7kEc&page=7#main-content']","['Terry\xa0E. Moon - Decision, 2013-2 Ga. Tax Tribunal, December 13, 2013.pdf']",Policy,0.24772703647613525
download,https://gataxtribunal.georgia.gov/document/decisions/john-doe-i-and-john-doe-ii-decision-2013-1-ga-tax-tribunal-october-1-2013pdf/download,6.4MB,6519.90234375,,,,,2013-11-21 11:05:09,OmniPage CSDK 16,18,0,18,PDF 1.4,"['https://gataxtribunal.georgia.gov/decisions?instance_overrides_key=Qmml9G7PZvmL0IN6V3AJbfpk0rWacrs0BF1qxv-7kEc&page=7', 'https://gataxtribunal.georgia.gov/decisions?instance_overrides_key=Qmml9G7PZvmL0IN6V3AJbfpk0rWacrs0BF1qxv-7kEc&page=7#main-content']","['John\xa0Doe I and John Doe II - Decision, 2013-1 Ga. Tax Tribunal, October 1, 2013.PDF']",Slides,0.5930038690567017
