file_name,url,file_size,file_size_kilobytes,last_modified_date,author,subject,keywords,creation_date,producer,number_of_pages,number_of_tables,number_of_images,version,source,text_around_link,predicted_category,predicted_category_confidence
download,https://gba.georgia.gov/document/document/gba-org-chart-2-28-2025pdf/download,1.8MB,1812.20703125,2025-02-21 16:05:04,,,,2022-06-09 23:05:01,Adobe PDF Library 16.0.7,1,0,14,PDF 1.6,"['https://gba.georgia.gov/about-us/leadership-team#main-content', 'https://gba.georgia.gov/about-us/leadership-team']",['GBA\n \nOrganizational Chart - 02.28.25'],Diagram,0.46516841650009155
GBA - ADA Grievance Procedure,https://gba.georgia.gov/document/document/gba-grievance-procedure-1-5-2021/download,866.8KB,866.76953125,2021-04-13 17:01:09,State ADA Coordinator's Office,,,2021-04-13 16:03:08,Adobe PDF Library 21.1.177,2,0,0,PDF 1.6,"['https://gba.georgia.gov/about-us/faq', 'https://gba.georgia.gov/about-us/faq#main-content']",['GBA\xa0Grievance Procedure 4-30-2021'],Brochure,0.7208405137062073
Purpose:,https://gba.georgia.gov/document/document/gba-building-policy/download,493.3KB,493.3369140625,2021-01-08 13:03:08,sekin,,,2017-08-03 10:01:04,Adobe PDF Library 10.0,10,10,1,PDF 1.6,"['https://gba.georgia.gov/building-access-services', 'https://gba.georgia.gov/building-access-services-agency-coordinators', 'https://gba.georgia.gov/buildings#main-content', 'https://gba.georgia.gov/building-access-services-agency-coordinators#main-content', 'https://gba.georgia.gov/buildings', 'https://gba.georgia.gov/building-access-services#main-content', 'https://gba.georgia.gov/services', 'https://gba.georgia.gov/services#main-content', 'https://gba.georgia.gov/services/agency-coordinators', 'https://gba.georgia.gov/services/agency-coordinators#main-content']","['GBA\n \nBuilding Policy', 'GBA\xa0Building Policy']",Policy,0.3775577247142792
ERGuide10-8-10.indd,https://gba.georgia.gov/document/document/emergency-quick-facts/download,29.3KB,29.3037109375,2010-10-08 08:02:05,sbritt,,,2010-10-08 08:02:05,Acrobat Distiller 8.1.0 (Windows),1,0,0,PDF 1.4,"['https://gba.georgia.gov/services/emergency-management#main-content', 'https://gba.georgia.gov/emergency-management-1#main-content', 'https://gba.georgia.gov/emergency-management-1', 'https://gba.georgia.gov/services/emergency-management']",['Emergency\n \nQuick Facts'],Spreadsheet,0.28183746337890625
download,https://gba.georgia.gov/document/document/bomb-threat-checklist/download,98.7KB,98.74609375,2008-08-28 14:01:08,,,,2008-08-28 14:01:01,Adobe PDF Library 8.0,1,0,0,PDF 1.4,"['https://gba.georgia.gov/services/emergency-management#main-content', 'https://gba.georgia.gov/emergency-management-1#main-content', 'https://gba.georgia.gov/emergency-management-1', 'https://gba.georgia.gov/services/emergency-management']",['Bomb\n \nThreat Checklist'],Letter,0.22078563272953033
download,https://gba.georgia.gov/document/document/gba-crisisalert-overview/download,407.7KB,407.724609375,2025-01-03 14:02:04,,,,2025-01-03 14:00:09,Adobe PDF Library 17.0,1,1,7,PDF 1.7,"['https://gba.georgia.gov/services/emergency-management#main-content', 'https://gba.georgia.gov/emergency-management-1#main-content', 'https://gba.georgia.gov/emergency-management-1', 'https://gba.georgia.gov/services/emergency-management']",['Centegix\n \nCrisisAlert Guide'],Diagram,0.6523863673210144
"Evacuation Map 1.12 - October 15, 2024, 13.11.55",https://gba.georgia.gov/media/6586/download,690.6KB,690.564453125,2024-10-15 19:01:05,,,,2024-10-15 19:01:05,Adobe Express,1,0,1,PDF 1.7,"['https://gba.georgia.gov/services/emergency-management#main-content', 'https://gba.georgia.gov/emergency-management-1#main-content', 'https://gba.georgia.gov/emergency-management-1', 'https://gba.georgia.gov/services/emergency-management']",['Evacuation\n \nMap'],Diagram,0.9861628413200378
Opioid Overdose Kit Location Map,https://gba.georgia.gov/media/6641/download,1.2MB,1195.1484375,2024-11-04 21:04:02,,,,2024-11-04 21:04:02,Adobe Express,1,0,3,PDF 1.7,"['https://gba.georgia.gov/services/emergency-management#main-content', 'https://gba.georgia.gov/emergency-management-1#main-content', 'https://gba.georgia.gov/emergency-management-1', 'https://gba.georgia.gov/services/emergency-management']",['Narcan\n \nKit Location Map'],Diagram,0.9813210368156433
download,https://gba.georgia.gov/media/6681/download,159.8KB,159.83984375,2024-12-03 14:05:01,sbrit,,,2024-12-03 12:02:01,Microsoft® Word for Microsoft 365,1,1,1,PDF 1.7,"['https://gba.georgia.gov/services/all-services', 'https://gba.georgia.gov/services/all-services#main-content']",['Facilities\n \nMaintained by GBA'],Diagram,0.36725857853889465
GBA Map-Public Parking 12-5-2020,https://gba.georgia.gov/document/document/gba-map-public-parking-12-5-2020/download,4.2MB,4338.7373046875,2020-12-29 12:05:05,cmccracken,,,2020-12-29 12:05:05,Adobe PDF library 15.00,1,0,1,PDF 1.6,"['https://gba.georgia.gov/general-public-parking#main-content', 'https://gba.georgia.gov/services/parking-services/general-public-parking', 'https://gba.georgia.gov/services/all-services', 'https://gba.georgia.gov/general-public-parking', 'https://gba.georgia.gov/capitol-hill-electric-vehicle-ev-charging-stations', 'https://gba.georgia.gov/services/parking-services/general-public-parking#main-content', 'https://gba.georgia.gov/services/all-services#main-content', 'https://gba.georgia.gov/capitol-hill-electric-vehicle-ev-charging-stations#main-content']","['Parking\n \nMap', 'GBA\xa0Map-Public Parking 12-5-2020']",Diagram,0.9815750122070312
Microsoft Word - Protest Policy Final 12 15 10.docx,https://gba.georgia.gov/document/document/bid-protest-policy-121510/download,79.5KB,79.458984375,2021-07-16 13:00:07,sbritt,,,2011-02-28 15:02:00,Acrobat Distiller 8.1.0 (Windows),2,2,1,PDF 1.6,"['https://gba.georgia.gov/procurement#main-content', 'https://gba.georgia.gov/procurement', 'https://gba.georgia.gov/services/procurement', 'https://gba.georgia.gov/forms-publications-policies/policies-procedures', 'https://gba.georgia.gov/services/all-services', 'https://gba.georgia.gov/services/procurement#main-content', 'https://gba.georgia.gov/policies-procedures', 'https://gba.georgia.gov/policies-procedures#main-content', 'https://gba.georgia.gov/forms-publications-policies/policies-procedures#main-content', 'https://gba.georgia.gov/services/all-services#main-content']","['Bid\n \nProtest Policy', 'Bid\xa0Protest Policy']",Policy,0.7709377408027649
download,https://gba.georgia.gov/document/document/gba-maintained-facilities-9-6-2023pdf/download,159.8KB,159.83984375,2024-12-03 14:05:01,sbrit,,,2024-12-03 12:02:01,Microsoft® Word for Microsoft 365,1,1,1,PDF 1.7,"['https://gba.georgia.gov/buildings', 'https://gba.georgia.gov/buildings#main-content']",['GBA Maintained Facilities'],Diagram,0.38151824474334717
download,https://gba.georgia.gov/document/document/building-facility-coordinator-51022/download,373.5KB,373.4990234375,2022-05-10 08:04:02,"Sprewell, Lindsey",,,2019-10-07 12:00:01,Adobe PDF Library 19.12.66,1,0,3,PDF 1.6,"['https://gba.georgia.gov/services/billable-service-requests', 'https://gba.georgia.gov/billable-service-requests-agency-coordinators#main-content', 'https://gba.georgia.gov/billable-service-requests', 'https://gba.georgia.gov/forms-publications-policies/forms', 'https://gba.georgia.gov/billable-service-requests#main-content', 'https://gba.georgia.gov/billable-service-requests-agency-coordinators', 'https://gba.georgia.gov/services/billable-service-requests#main-content', 'https://gba.georgia.gov/forms-publications-policies/forms#main-content']","['Designation\xa0of Agency Facilities Coordinators Form', 'Building\xa0Facility Coordinator 5.10.22']",Form,0.9170028567314148
download,https://gba.georgia.gov/document/document/building-access-coordinator-form-updated-03232022/download,68.2KB,68.212890625,2021-11-30 18:00:03,,,,2021-11-30 17:05:04,Adobe PDF Library 16.0.3,1,0,0,PDF 1.6,"['https://gba.georgia.gov/forms-publications-policies/forms', 'https://gba.georgia.gov/forms-publications-policies/forms#main-content']",['Designation\xa0of Building Access Coordinators Form'],Form,0.8919849395751953
download,https://gba.georgia.gov/document/publication/spc-space-standards-09-2015/download,112.7KB,112.6708984375,2015-10-21 10:00:05,gtatem,,,2015-09-24 11:05:01,Microsoft® Word 2010,2,2,1,PDF 1.5,"['https://gba.georgia.gov/forms-publications-policies/forms', 'https://gba.georgia.gov/space-management', 'https://gba.georgia.gov/space-management#main-content', 'https://gba.georgia.gov/forms-publications-policies/forms#main-content']",['Space\xa0Standards'],Form,0.3221420645713806
Purpose:,https://gba.georgia.gov/document/document/gba-building-policy-12-09-24/download,354.7KB,354.7080078125,2024-12-09 15:00:09,sekin,,,2024-12-09 15:00:08,Adobe PDF Library 24.4.48,10,10,1,PDF 1.6,"['https://gba.georgia.gov/policies-procedures#main-content', 'https://gba.georgia.gov/forms-publications-policies/policies-procedures#main-content', 'https://gba.georgia.gov/policies-procedures', 'https://gba.georgia.gov/forms-publications-policies/policies-procedures']",['Building\xa0Policy'],Form,0.5574132800102234
download,https://gba.georgia.gov/document/document/parking-policy-0527/download,457.9KB,457.92578125,2025-03-28 08:02:06,,,,2025-03-27 16:01:07,Adobe PSL 1.3e for Canon,7,0,14,PDF 1.4,"['https://gba.georgia.gov/general-assembly-parking', 'https://gba.georgia.gov/general-public-parking', 'https://gba.georgia.gov/forms-publications-policies/policies-procedures#main-content', 'https://gba.georgia.gov/parking-services', 'https://gba.georgia.gov/services/parking-services/general-assembly-parking', 'https://gba.georgia.gov/services/parking-services/general-assembly-parking#main-content', 'https://gba.georgia.gov/services/parking-services/general-public-parking#main-content', 'https://gba.georgia.gov/legislator-parking', 'https://gba.georgia.gov/services/parking-services/general-assembly-parking/lobbyist-parking', 'https://gba.georgia.gov/legislator-parking#main-content', 'https://gba.georgia.gov/state-contractor-parking#main-content', 'https://gba.georgia.gov/state-employee-parking#main-content', 'https://gba.georgia.gov/services/parking-services/general-public-parking', 'https://gba.georgia.gov/forms-publications-policies/policies-procedures', 'https://gba.georgia.gov/policies-procedures', 'https://gba.georgia.gov/policies-procedures#main-content', 'https://gba.georgia.gov/services/parking-services/general-assembly-parking/lobbyist-parking#main-content', 'https://gba.georgia.gov/general-public-parking#main-content', 'https://gba.georgia.gov/services/parking-services/state-employee-parking#main-content', 'https://gba.georgia.gov/general-assembly-parking#main-content', 'https://gba.georgia.gov/services/parking-services/state-employee-parking', 'https://gba.georgia.gov/services/parking-services#main-content', 'https://gba.georgia.gov/parking-services#main-content', 'https://gba.georgia.gov/services/parking-services', 'https://gba.georgia.gov/state-contractor-parking', 'https://gba.georgia.gov/state-employee-parking']","['Parking\xa0Policy', 'Parking\n \nPolicy']",Form,0.5779257416725159
Microsoft Word - Procurement Policy-Revised_12-01-16,https://gba.georgia.gov/document/publication/procurement-policy-12-1-16/download,317.2KB,317.154296875,2016-11-30 10:00:07,rpalma,,,2016-11-30 10:00:07,GPL Ghostscript 8.71,8,8,1,PDF 1.4,"['https://gba.georgia.gov/procurement#main-content', 'https://gba.georgia.gov/procurement', 'https://gba.georgia.gov/services/procurement', 'https://gba.georgia.gov/forms-publications-policies/policies-procedures', 'https://gba.georgia.gov/services/procurement#main-content', 'https://gba.georgia.gov/policies-procedures', 'https://gba.georgia.gov/policies-procedures#main-content', 'https://gba.georgia.gov/forms-publications-policies/policies-procedures#main-content']",['Procurement\xa0Policy'],Form,0.6061946749687195
PURPOSE:,https://gba.georgia.gov/document/document/gba-tenant-moves-policy-2612/download,64.5KB,64.4638671875,2021-07-16 13:00:08,kpando,,,2012-02-06 15:01:00,Adobe PDF Library 10.0,4,4,1,PDF 1.6,"['https://gba.georgia.gov/forms-publications-policies/policies-procedures', 'https://gba.georgia.gov/policies-procedures', 'https://gba.georgia.gov/policies-procedures#main-content', 'https://gba.georgia.gov/forms-publications-policies/policies-procedures#main-content', 'https://gba.georgia.gov/tenant-moves#main-content', 'https://gba.georgia.gov/tenant-moves']","['GBA\xa0Tenant Moves Policy', 'Tenant\xa0Moves Policy']",Policy,0.6483179330825806
download,https://gba.georgia.gov/document/document/gba-public-notice-02-2022/download,176.9KB,176.9228515625,2022-03-02 10:02:05,Stacey Peace,,,2021-01-28 13:04:07,Adobe PDF Library 20.13.106,1,0,0,PDF 1.6,"['https://gba.georgia.gov/policies-procedures#main-content', 'https://gba.georgia.gov/forms-publications-policies/policies-procedures#main-content', 'https://gba.georgia.gov/policies-procedures', 'https://gba.georgia.gov/forms-publications-policies/policies-procedures']","[""Georgia\xa0Building Authority's ADA Notice""]",Form,0.3121280074119568
download,https://gba.georgia.gov/document/document/gba-grievance-procedure-02-2022/download,139.3KB,139.31640625,2022-03-02 10:02:04,"Peace, Stacey",,,2021-01-28 13:03:05,Adobe PDF Library 20.13.106,2,0,0,PDF 1.6,"['https://gba.georgia.gov/policies-procedures#main-content', 'https://gba.georgia.gov/forms-publications-policies/policies-procedures#main-content', 'https://gba.georgia.gov/policies-procedures', 'https://gba.georgia.gov/forms-publications-policies/policies-procedures']","[""Georgia\xa0Building Authority's ADA Grievance Procedure""]",Form,0.3634733557701111
GBA Map-Parking 12-5-2020,https://gba.georgia.gov/document/document/gba-map-parking-12-5-2020pdf/download,4.7MB,4836.0166015625,2020-12-29 12:05:06,cmccracken,,,2020-12-29 12:05:06,Adobe PDF library 15.00,1,0,1,PDF 1.6,"['https://gba.georgia.gov/services/parking-services/general-assembly-parking', 'https://gba.georgia.gov/general-assembly-parking', 'https://gba.georgia.gov/services/parking-services/general-assembly-parking#main-content', 'https://gba.georgia.gov/services/parking-services/state-employee-parking#main-content', 'https://gba.georgia.gov/general-assembly-parking#main-content', 'https://gba.georgia.gov/legislator-parking', 'https://gba.georgia.gov/services/parking-services/state-employee-parking', 'https://gba.georgia.gov/legislator-parking#main-content', 'https://gba.georgia.gov/state-employee-parking#main-content', 'https://gba.georgia.gov/state-employee-parking']","['GBA\xa0Map-Parking 12-5-2020.pdf', 'Map\n \nof GBA Parking Locations']",Diagram,0.9865829348564148
Weekly Menu,https://gba.georgia.gov/document/document/cafe-menu-512-51625/download,151.4KB,151.4140625,2025-05-07 12:05:09,Georgia Building Authority,,"DAFgi7btuvg,BAEtRiPEFRI,0",2025-05-07 12:05:09,Canva,1,0,1,PDF 1.4,"['https://gba.georgia.gov/cafeterias#main-content', 'https://gba.georgia.gov/cafeterias']",['Menu'],Diagram,0.3922065198421478
download,https://gba.georgia.gov/document/document/december-02-2020-minutes/download,75.2KB,75.24609375,2021-06-11 15:01:05,,,,2021-06-11 13:03:03,Adobe PSL 1.3e for Canon,2,0,4,PDF 1.6,"['https://gba.georgia.gov/about-us/governing-board/meeting-minutes#main-content', 'https://gba.georgia.gov/about-us/governing-board/meeting-minutes']","['December\xa002, 2020 Minutes']",Policy,0.3008703589439392
download,https://gba.georgia.gov/document/document/october-5-2020-minutes/download,79.9KB,79.9091796875,2020-12-07 15:04:04,,,,2020-12-07 15:03:01,Adobe PSL 1.3e for Canon,2,0,5,PDF 1.6,"['https://gba.georgia.gov/about-us/governing-board/meeting-minutes#main-content', 'https://gba.georgia.gov/about-us/governing-board/meeting-minutes']","['October\xa05, 2020 Minutes']",Policy,0.2973383963108063
download,https://gba.georgia.gov/document/document/gba-meeting-minutes-062320/download,176.2KB,176.2041015625,2020-10-28 08:05:02,,,,2020-10-28 08:02:04,Adobe PSL 1.3e for Canon,3,0,6,PDF 1.6,"['https://gba.georgia.gov/about-us/governing-board/meeting-minutes#main-content', 'https://gba.georgia.gov/about-us/governing-board/meeting-minutes']","['June\xa023, 2020 Minutes']",Brochure,0.38636669516563416
download,https://gba.georgia.gov/document/document/060921-gba-board-meeting-minutes/download,103.8KB,103.8427734375,2022-06-14 10:01:06,,,,2022-06-14 10:01:05,Adobe PSL 1.3e for Canon,2,0,4,PDF 1.6,"['https://gba.georgia.gov/about-us/governing-board/meeting-minutes#main-content', 'https://gba.georgia.gov/about-us/governing-board/meeting-minutes']","['June\xa09, 2021 Minutes']",Policy,0.28384146094322205
download,https://gba.georgia.gov/document/document/061322-gba-board-meeting-minutes/download,152.5KB,152.4951171875,2022-10-21 15:01:00,,,,2002-10-21 15:00:08,Adobe PSL 1.3e for Canon,3,0,6,PDF 1.4,"['https://gba.georgia.gov/about-us/governing-board/meeting-minutes#main-content', 'https://gba.georgia.gov/about-us/governing-board/meeting-minutes']","['June\xa013, 2022 Minutes']",Policy,0.38978782296180725
download,https://gba.georgia.gov/document/document/gba-board-meeting-minutes-10202022pdf/download,105.3KB,105.28125,2023-06-08 11:02:00,,,,2023-06-08 11:01:02,Adobe PSL 1.3e for Canon,2,0,4,PDF 1.4,"['https://gba.georgia.gov/about-us/governing-board/meeting-minutes#main-content', 'https://gba.georgia.gov/about-us/governing-board/meeting-minutes']","['October\xa020, 2022 Minutes']",Policy,0.28671905398368835
All Announcement Template,https://gba.georgia.gov/document/document/central-energy-plant-manager-01032024pdf/download,281.8KB,281.78125,2025-01-03 17:00:05,Katina Bryant,,,2025-01-03 15:05:02,Adobe PDF Library 24.4.48,1,3,2,PDF 1.6,"['https://gba.georgia.gov/about-us/career-opportunities/job-postings#main-content', 'https://gba.georgia.gov/about-us/career-opportunities/job-postings', 'https://gba.georgia.gov/job-postings', 'https://gba.georgia.gov/job-postings#main-content']",['Central\n \nEnergy Plant Manager'],Diagram,0.28632286190986633
All Announcement Template,https://gba.georgia.gov/document/document/sr-hvac-technician-01032025pdf/download,298.6KB,298.6328125,2025-01-03 17:00:05,Katina Bryant,,,2025-01-03 15:03:08,Microsoft® Word for Microsoft 365,1,3,2,PDF 1.7,"['https://gba.georgia.gov/about-us/career-opportunities/job-postings#main-content', 'https://gba.georgia.gov/about-us/career-opportunities/job-postings', 'https://gba.georgia.gov/job-postings', 'https://gba.georgia.gov/job-postings#main-content']",['Sr.\n \nHVAC Technician (Central Energy Plant- Facilities)'],Diagram,0.6483274102210999
Form W-9 (Rev. March 2024),http://www.irs.gov/pub/irs-pdf/fw9.pdf,137.5KB,137.5146484375,2024-03-06 08:01:08,SE:W:CAR:MP,Request for Taxpayer Identification Number and Certification,Fillable,2024-03-06 08:01:08,Designer 6.5,6,8,0,PDF 1.7,"['https://gba.georgia.gov/procurement#main-content', 'https://gba.georgia.gov/procurement', 'https://gba.georgia.gov/services/procurement', 'https://gba.georgia.gov/services/procurement#main-content']",['W-9 Form - IRS Request for Taxpayer Identification Number and Certification'],Form,0.9889365434646606
Microsoft Word - DB Contract Draft_072318.docx,https://gba.georgia.gov/document/publication/db-contract-template072318pdf/download,370.6KB,370.6123046875,2019-01-04 14:04:01,rpalma,,,2019-01-04 14:04:01,Acrobat Distiller 10.1.16 (Windows),22,3,2,PDF 1.5,"['https://gba.georgia.gov/procurement#main-content', 'https://gba.georgia.gov/procurement', 'https://gba.georgia.gov/services/procurement', 'https://gba.georgia.gov/services/procurement#main-content']",['DB\xa0Contract Template_072318.pdf'],Slides,0.31645774841308594
download,https://gba.georgia.gov/document/publication/georgia-security-immigration-compliance-act-affidavit-2013pdf/download,43.1KB,43.0927734375,2020-04-29 09:04:04,Carol Schwinne,,,2018-12-14 12:03:03,Adobe PDF Library 11.0,1,0,0,PDF 1.5,"['https://gba.georgia.gov/procurement#main-content', 'https://gba.georgia.gov/procurement', 'https://gba.georgia.gov/services/procurement', 'https://gba.georgia.gov/services/procurement#main-content']",['Georgia\xa0Security & Immigration Compliance Act Affidavit-2018'],Notice,0.3217152953147888
Microsoft Word - GUIDELINES FOR WORKING WITHIN GBA FACILITIES,https://gba.georgia.gov/document/publication/guidelines-working-within-gba-facilitiespdf/download,105.5KB,105.4765625,2018-02-21 10:05:02,rpalma,,,2018-02-21 10:05:01,Acrobat Distiller 10.1.16 (Windows),4,2,0,PDF 1.5,"['https://gba.georgia.gov/procurement#main-content', 'https://gba.georgia.gov/procurement', 'https://gba.georgia.gov/services/procurement', 'https://gba.georgia.gov/services/procurement#main-content']",['Guidelines\xa0for working within GBA Facilities.pdf'],Policy,0.5148791670799255
download,https://gba.georgia.gov/document/publication/purchase-order-terms-and-conditionspdf/download,125.1KB,125.091796875,2021-03-11 14:05:09,"Hyde, Jim",,,2021-03-10 14:04:06,Microsoft® Word 2016,1,0,0,PDF 1.5,"['https://gba.georgia.gov/procurement#main-content', 'https://gba.georgia.gov/procurement', 'https://gba.georgia.gov/services/procurement', 'https://gba.georgia.gov/services/procurement#main-content']",['Purchase\xa0Order Terms and Conditions.pdf'],Brochure,0.2633323073387146
GSFIC Service Contract,https://gba.georgia.gov/document/document/gba-services-contract-template-81919/download,148.7KB,148.7021484375,2020-04-23 09:05:07,GBA,,,2020-04-23 09:05:07,Microsoft® Word 2016,7,1,0,PDF 1.5,"['https://gba.georgia.gov/procurement#main-content', 'https://gba.georgia.gov/procurement', 'https://gba.georgia.gov/services/procurement', 'https://gba.georgia.gov/services/procurement#main-content']",['GBA\xa0Services Contract Template 8.19.19'],Policy,0.5443392395973206
Capitol Commons Catering Menu,https://gba.georgia.gov/document/document/capitol-commons-catering-menu/download,626.5KB,626.53515625,2024-10-24 20:00:08,Monique Edwards,,"DAGUfhvCIvg,BAE7PbqP4vM",2024-10-24 20:00:08,Canva,7,5,7,PDF 1.4,"['https://gba.georgia.gov/catering-facility-rentals', 'https://gba.georgia.gov/catering-facility-rentals#main-content']",['Catering\n \nMenu'],Policy,0.2662141025066376
download,https://gba.georgia.gov/document/publication/history-liberty-plaza/download,173.6KB,173.6435546875,2018-04-27 12:05:04,"Britt, Sherry",,,2018-04-27 12:01:09,Microsoft® Word 2016,1,0,1,PDF 1.6,"['https://gba.georgia.gov/liberty-plaza', 'https://gba.georgia.gov/liberty-plaza#main-content']",['The\xa0History of Liberty Plaza'],Diagram,0.3352161943912506
download,https://gba.georgia.gov/document/publication/liberty-plaza-dedication-program/download,346.7KB,346.6669921875,2015-01-15 12:05:09,,,,2015-01-15 11:05:00,Adobe PDF Library 9.9,1,1,2,PDF 1.4,"['https://gba.georgia.gov/liberty-plaza', 'https://gba.georgia.gov/liberty-plaza#main-content']",['Liberty\xa0Plaza Dedication Program'],Diagram,0.7901485562324524
download,https://gba.georgia.gov/document/publication/liberty-plaza-overhead-map-electrical-speaker-porta-toilet-locations/download,323.6KB,323.5625,2019-08-07 13:03:03,,,,2015-03-05 07:03:03,Adobe Photoshop for Windows -- Image Conversion Plug-in,1,0,6,PDF 1.3,"['https://gba.georgia.gov/liberty-plaza', 'https://gba.georgia.gov/liberty-plaza#main-content']","['Liberty\xa0Plaza Overhead Map (Electrical, Speaker & Porta Toilet locations)']",Diagram,0.8550155758857727
2025-State-Holidays-memo-08.01.24.pdf,https://gba.georgia.gov/media/6736/download,184.5KB,184.53125,2025-01-03 08:01:09,"Edwards, Monique",,,2024-11-20 10:04:06,Microsoft: Print To PDF,1,0,1,PDF 1.7,"['https://gba.georgia.gov/state-holidays-0', 'https://gba.georgia.gov/state-holidays-0#main-content']",['State\n \nHolidays'],Report,0.300032377243042
download,https://gba.georgia.gov/document/document/steve-polk-plaza-map/download,917.4KB,917.4140625,,Snagit User,Screen Capture by Snagit,,,Snagit by TechSmith,1,0,1,PDF 1.4,"['https://gba.georgia.gov/steve-polk-plaza', 'https://gba.georgia.gov/steve-polk-plaza#main-content']",['Steve\xa0Polk Plaza Map'],Diagram,0.8850361704826355
Purpose:,https://gba.georgia.gov/document/document/gba-building-policy-3-15-23pdf/download,354.7KB,354.7080078125,2024-12-09 15:00:09,sekin,,,2024-12-09 15:00:08,Adobe PDF Library 24.4.48,10,10,1,PDF 1.6,"['https://gba.georgia.gov/building-access-services-state-employees', 'https://gba.georgia.gov/building-access-services-state-employees#main-content']",['Building Policy'],Policy,0.35302719473838806
Division – Section - Unit,https://gba.georgia.gov/document/document/gba-cleaning-schedule/download,302.4KB,302.3583984375,2020-03-09 15:05:00,sbrit,,,2014-05-01 15:03:01,Adobe PDF Library 10.0,1,1,1,PDF 1.6,"['https://gba.georgia.gov/housekeeping', 'https://gba.georgia.gov/housekeeping#main-content']","[""GBA\xa0Contractor's Cleaning Schedule""]",Diagram,0.6427639722824097
download,https://gba.georgia.gov/document/form/building-access-coordinators-form-4-2019pdf/download,474.4KB,474.3759765625,2019-11-06 09:00:06,"Sprewell, Lindsey",,,2019-10-07 12:00:01,Adobe PDF Library 19.12.66,1,0,3,PDF 1.6,"['https://gba.georgia.gov/building-access-services-agency-coordinators', 'https://gba.georgia.gov/building-access-services', 'https://gba.georgia.gov/building-access-services-agency-coordinators#main-content', 'https://gba.georgia.gov/building-access-services#main-content']",['Designation\n \nof Agency Building Access Coordinators Form'],Form,0.5978127121925354
download,https://gba.georgia.gov/document/document/ggs-access-control-system-cheat-sheetpdf/download,2.0MB,2027.2177734375,2023-08-16 10:02:06,"Kilburg, Tamara",,,2023-08-16 10:02:06,Microsoft® Word for Microsoft 365,15,1,41,PDF 1.7,"['https://gba.georgia.gov/building-access-services-agency-coordinators', 'https://gba.georgia.gov/building-access-services', 'https://gba.georgia.gov/building-access-services-agency-coordinators#main-content', 'https://gba.georgia.gov/building-access-services#main-content']",['GGS-Access\n \nControl System Cheat Sheet'],Report,0.31296825408935547
download,https://gba.georgia.gov/document/publication/gba-space-change-request-process-060617pdf/download,122.0KB,121.98828125,2019-10-28 09:02:04,,,,2019-09-20 14:00:03,Adobe PSL 1.3e for Canon,2,0,4,PDF 1.4,"['https://gba.georgia.gov/space-management#main-content', 'https://gba.georgia.gov/space-management']",['Space Change Request Process'],Letter,0.47705137729644775
Purpose:,https://gba.georgia.gov/document/form/emergency-management-policy/download,331.0KB,331.046875,2017-03-09 12:05:05,sekin,,,2017-03-09 12:05:05,Adobe PDF Library 10.0,3,3,1,PDF 1.4,"['https://gba.georgia.gov/forms-publications-policies/emergency-management-policy', 'https://gba.georgia.gov/documents/emergency-management-policy', 'https://gba.georgia.gov/documents/emergency-management-policy#main-content', 'https://gba.georgia.gov/forms-publications-policies/emergency-management-policy#main-content']",['Emergency\xa0Management Policy'],Form,0.5045385956764221
ERGuide 10.6,https://gba.georgia.gov/document/document/emergency-reference-guide-1024/download,2.1MB,2162.302734375,2024-11-04 16:01:07,,,,2023-11-03 12:02:06,Adobe Express,17,0,10,PDF 1.7,"['https://gba.georgia.gov/forms-publications-policies/emergency-reference-guide', 'https://gba.georgia.gov/documents/emergency-reference-guide#main-content', 'https://gba.georgia.gov/documents/emergency-reference-guide', 'https://gba.georgia.gov/forms-publications-policies/emergency-reference-guide#main-content']",['Emergency\xa0Reference Guide 10.24'],Slides,0.3380279839038849
Capitol Hill Map 09.2023,https://gba.georgia.gov/document/document/capitol-hill-map-092023pdf/download,936.0KB,936.0,2023-09-06 12:03:07,Anna Schrews,,"""DAFtrzbFpoo,BAEtRiPEFRI""",2023-09-06 15:03:01,Canva,1,0,1,PDF 1.4,"['https://gba.georgia.gov/documents/capitol-hill-map#main-content', 'https://gba.georgia.gov/services/gba-map', 'https://gba.georgia.gov/services/capitol-hill-map#main-content', 'https://gba.georgia.gov/services/gba-map#main-content', 'https://gba.georgia.gov/services/capitol-hill-map', 'https://gba.georgia.gov/documents/capitol-hill-map']",['Capitol\xa0Hill Map 09.2023.pdf'],Diagram,0.9891985058784485
download,https://gba.georgia.gov/document/document/gba-film-licensing-guide-4424pdf/download,17.6MB,18030.96875,2024-04-04 16:05:03,,,,2020-10-28 13:03:06,Adobe PDF Library 9.9,15,2,69,PDF 1.7,"['https://gba.georgia.gov/film-production-licensing', 'https://gba.georgia.gov/film-production-licensing#main-content']",['Film\n \nLicensing Guide'],Brochure,0.5593305826187134
Microsoft Word - Capitol and Grounds Exhibit and Event Guidelines.docx,https://gba.georgia.gov/document/document/capitol-and-grounds-exhibit-and-event-guidelines/download,1.5MB,1513.0615234375,2025-01-16 07:01:09,hyork,,,2025-01-16 07:01:09,Adobe PDF Library 24.5.96,16,1,6,PDF 1.6,"['https://gba.georgia.gov/capitol-and-grounds-exhibit-and-event-guidelines#main-content', 'https://gba.georgia.gov/capitol-and-grounds-exhibit-and-event-guidelines']",['Capitol\xa0and Grounds Exhibit and Event Guidelines'],Policy,0.5429943799972534
SPACE UTILIZATION QUESTIONNAIRE,https://gba.georgia.gov/document/publication/gba-space-action-form-080114pdf/download,23.4KB,23.4404296875,2015-03-19 11:02:03,GA DOAS,,,2015-03-19 11:02:03,Microsoft® Word 2010,1,1,0,PDF 1.5,"['https://gba.georgia.gov/space-action-form', 'https://gba.georgia.gov/space-action-form#main-content']",['GBA\xa0Space Action Form - 080114.pdf'],Form,0.7633967995643616
SPACE UTILIZATION QUESTIONNAIRE,https://gba.georgia.gov/document/publication/gba-space-utilization-questionnaire-pdfpdf/download,158.7KB,158.7109375,2016-03-25 15:01:04,GA DOAS,,,2016-03-25 15:01:04,Microsoft® Word 2010,5,5,1,PDF 1.5,"['https://gba.georgia.gov/space-utilization-questionnaire', 'https://gba.georgia.gov/space-utilization-questionnaire#main-content']",['GBA\xa0Space Utilization Questionnaire (PDF).pdf'],Policy,0.2583603858947754
2025 Capitol Hill Accessibility Guide,https://gba.georgia.gov/media/6706/download,11.3MB,11575.3193359375,2024-12-02 16:05:02,State ADA Coordinator's Office,,,2022-12-20 12:00:01,Adobe PDF Library 16.0.3,12,1,20,PDF 1.6,"['https://gba.georgia.gov/forms-publications-policies/capitol-hill-accessibility-guide-visitors-disabilities', 'https://gba.georgia.gov/forms-publications-policies/capitol-hill-accessibility-guide-visitors-disabilities#main-content']",['2024\xa0Capitol\n \nHill Accessibility Guide'],Brochure,0.5860543847084045
download,https://gba.georgia.gov/document/document/2025-legislators-guidepdf/download,61.3MB,62733.279296875,2024-11-13 15:03:06,,,,2019-12-23 01:05:06,Adobe PDF Library 9.9,15,1,29,PDF 1.6,"['https://gba.georgia.gov/forms-publications-policies/legislators-guide-capitol-hill', 'https://gba.georgia.gov/forms-publications-policies/legislators-guide-capitol-hill#main-content']","[""2025\xa0Legislators' Guide.pdf""]",Brochure,0.45858919620513916
download,https://gba.georgia.gov/document/document/2025-lobbyists-guide-capitol-hill/download,5.9MB,6092.7705078125,2025-01-14 13:02:00,,,,2025-01-14 13:02:00,Adobe PDF Library 24.5.96,15,1,42,PDF 1.6,"['https://gba.georgia.gov/forms-publications-policies/lobbyists-guide-capitol-hill#main-content', 'https://gba.georgia.gov/forms-publications-policies/lobbyists-guide-capitol-hill']","[""2025\xa0Lobbyists' Guide to Capitol Hill""]",Brochure,0.5929205417633057
