file_name,url,file_size,file_size_kilobytes,last_modified_date,author,subject,keywords,creation_date,producer,number_of_pages,number_of_tables,number_of_images,version,source,text_around_link,predicted_category,predicted_category_confidence
Know Your Rights: Workplace Discrimination is Illegal,https://gceo.georgia.gov/document/publication/gceo-ga-fepa-posterpdf/download,227.7KB,227.7197265625,2022-12-18 22:02:06,U.S. Equal Employment Opportunity Commission (EEOC),,,2022-12-18 22:01:09,Adobe PDF Library 22.3.58,1,1,1,PDF 1.6,"['https://gceo.georgia.gov/employment-faq#main-content', 'https://gceo.georgia.gov/faqs/employment-faq#main-content', 'https://gceo.georgia.gov/faqs/employment-faq', 'https://gceo.georgia.gov/employment-faq']",['/document/publication/gceo-ga-fepa-posterpdf/download'],Diagram,0.30181989073753357
download,https://gceo.georgia.gov/document/document/hud-partners-gceo/download,207.6KB,207.607421875,2020-09-14 09:04:00,GCEO,,,2020-09-14 09:04:00,Adobe PDF Library 20.12.75,2,0,2,PDF 1.6,"['https://gceo.georgia.gov/press-releases/2020-09-14/hud-partners-gceo#main-content', 'https://gceo.georgia.gov/press-releases/2020-09-14/hud-partners-gceo']",['HUD\xa0Partners with GCEO'],Brochure,0.5746009349822998
download,https://gceo.georgia.gov/document/document/20150008-chargeofnotice-redactedpdf/download,121.3KB,121.3388671875,2020-07-31 18:04:08,,,,2020-07-31 18:04:08,,1,0,1,PDF 1.6,"['https://gceo.georgia.gov/news/2020-07-31/gceo-issues-charge-discrimination', 'https://gceo.georgia.gov/press-releases/2020-07-31/gceo-issues-charge-discrimination-2', 'https://gceo.georgia.gov/news/2020-07-31/gceo-issues-charge-discrimination#main-content', 'https://gceo.georgia.gov/press-releases/2020-07-31/gceo-issues-charge-discrimination-2#main-content']",['Read\n \nthe charge'],Brochure,0.405829519033432
download,https://gceo.georgia.gov/document/document/settlementagreement-redactedpdf/download,2.3MB,2311.3388671875,,,,,,,4,0,4,PDF 1.6,"['https://gceo.georgia.gov/news/2020-07-31/gceo-issues-charge-discrimination', 'https://gceo.georgia.gov/press-releases/2020-07-31/gceo-issues-charge-discrimination-2', 'https://gceo.georgia.gov/news/2020-07-31/gceo-issues-charge-discrimination#main-content', 'https://gceo.georgia.gov/press-releases/2020-07-31/gceo-issues-charge-discrimination-2#main-content']",['Read\n \nthe agreement'],Brochure,0.5472337007522583
download,https://gceo.georgia.gov/document/document/gceo-charge-settlement-press-release/download,163.6KB,163.587890625,2020-09-11 10:02:05,GCEO,,,2020-09-11 10:02:05,Adobe PDF Library 20.12.75,2,2,2,PDF 1.6,"['https://gceo.georgia.gov/press-releases/2020-07-31/gceo-issues-charge-discrimination-2', 'https://gceo.georgia.gov/press-releases/2020-07-31/gceo-issues-charge-discrimination-2#main-content']",['GCEO\xa0Charge-Settlement Press Release'],Brochure,0.49308183789253235
