file_name,url,file_size,file_size_kilobytes,last_modified_date,author,subject,keywords,creation_date,producer,number_of_pages,number_of_tables,number_of_images,version,source,text_around_link,predicted_category,predicted_category_confidence
FY 2023 Annual Report,https://gdac.georgia.gov/document/document/fy-2024-annual-report/download,1.5MB,1575.17578125,2024-06-12 16:03:07,"Monroe, Nicole",Annual Report,,2024-06-12 16:03:07,Microsoft® Word for Microsoft 365,18,2,10,PDF 1.7,"['https://gdac.georgia.gov/about-us/annual-reports#main-content', 'https://gdac.georgia.gov/about-us/annual-reports']",['FY\xa02024 Annual Report'],Report,0.9878795742988586
FY 2023 Annual Report,https://gdac.georgia.gov/document/document/fy-2023-annual-report/download,2.6MB,2638.05859375,2023-12-01 08:04:07,"Monroe, Nicole",Annual Report,,2023-12-01 08:04:07,Microsoft® Word for Microsoft 365,27,9,24,PDF 1.7,"['https://gdac.georgia.gov/about-us/annual-reports#main-content', 'https://gdac.georgia.gov/about-us/annual-reports']",['FY\xa02023 Annual Report'],Report,0.9865754246711731
Georgia Data Analytic Center (GDAC)                     FY 2022 Annual Report,https://gdac.georgia.gov/document/document/fy-2022-annual-report/download,1.5MB,1564.982421875,2024-03-27 09:04:09,"Monroe, Nicole",Annual Report,,2024-03-27 09:04:09,Microsoft® Word for Microsoft 365,26,9,12,PDF 1.7,"['https://gdac.georgia.gov/about-us/annual-reports#main-content', 'https://gdac.georgia.gov/about-us/annual-reports']",['FY\xa02022 Annual Report'],Report,0.9850067496299744
Microsoft Word - GDAC Annual Report 2021,https://gdac.georgia.gov/document/document/fy-2021-annual-report/download,1.1MB,1175.7919921875,2021-06-29 09:04:08,nichole.monroe,,,2021-06-29 09:04:08,Acrobat Distiller 10.0.0 (Windows),22,12,20,PDF 1.5,"['https://gdac.georgia.gov/about-us/annual-reports#main-content', 'https://gdac.georgia.gov/about-us/annual-reports']",['FY\xa02021 Annual Report'],Report,0.9438092708587646
download,https://gdac.georgia.gov/document/document/2024-mental-health-parity-complaints-reportpdf/download,124.0KB,123.958984375,,,,,2025-01-21 16:03:03,PDFium,1,0,1,PDF 1.7,"['https://gdac.georgia.gov/mental-health-parity-act#main-content', 'https://gdac.georgia.gov/mental-health-parity-act']",['2024\xa0Mental Health Parity Complaints Report.pdf'],Report,0.9336472749710083
