file_name,url,file_size,file_size_kilobytes,last_modified_date,author,subject,keywords,creation_date,producer,number_of_pages,number_of_tables,number_of_images,version,source,text_around_link,predicted_category,predicted_category_confidence
download,https://gdna.georgia.gov/document/document/bop-policy-14-statement-hurricane-ian/download,103.1KB,103.0859375,2022-09-28 17:00:03,James Joiner,,,2022-09-28 17:00:03,Microsoft® Word for Microsoft 365,1,0,0,PDF 1.7,"['https://gdna.georgia.gov/press-releases/2022-10-04/hurricane-ian-response-georgia-board-pharmacy', 'https://gdna.georgia.gov/press-releases/2022-10-04/hurricane-ian-response-georgia-board-pharmacy#main-content']",['BOP\n \nPolicy 14 Statement - Hurricane Ian'],Notice,0.38082537055015564
Model Rules for Public Health Emergencies,https://gdna.georgia.gov/document/document/policy-14-public-emergencies/download,78.1KB,78.1318359375,2022-09-28 17:00:02,rallen,,,2018-10-10 10:00:06,Nitro Pro 12 (12.3.0.240),3,0,0,PDF 1.4,"['https://gdna.georgia.gov/press-releases/2022-10-04/hurricane-ian-response-georgia-board-pharmacy', 'https://gdna.georgia.gov/press-releases/2022-10-04/hurricane-ian-response-georgia-board-pharmacy#main-content']",['Policy\n \n14 Public Emergencies'],Letter,0.35924282670021057
Microsoft Word - Guidance document on Gov's Exec Order 3-20-20,https://gdna.georgia.gov/document/document/guidance-document-march-20-2020-executive-order/download,87.9KB,87.927734375,2020-03-26 16:01:08,"Troughton, Dennis",,,2020-03-26 09:03:01,Nitro Pro 12 (12.3.0.240),2,0,0,PDF 1.4,"['https://gdna.georgia.gov/press-releases/2020-03-30/important-dispensing-guidance-related-march-20-2020-executive-order', 'https://gdna.georgia.gov/press-releases/2020-03-30/important-dispensing-guidance-related-march-20-2020-executive-order#main-content']","['Guidance\xa0Document on March 20, 2020 Executive Order']",Policy,0.2591160535812378
DPH Letterhead,https://gdna.georgia.gov/document/document/covid-19-exposure-guidance/download,264.9KB,264.9189453125,2020-03-23 11:05:01,"Beasley, Tammy",,,2020-03-23 11:05:01,Microsoft® Word for Office 365,4,3,0,PDF 1.7,"['https://gdna.georgia.gov/press-releases/2020-03-25/dph-guidance-covid-19-exposure', 'https://gdna.georgia.gov/press-releases/2020-03-25/dph-guidance-covid-19-exposure#main-content']",['COVID-19\xa0Exposure Guidance'],Brochure,0.5859877467155457
download,https://gdna.georgia.gov/document/document/gdna-response-covid-19/download,5.0MB,5101.08984375,,,,,2020-04-24 10:03:02,"6,2,0,77",1,0,1,PDF 1.4,"['https://gdna.georgia.gov/press-releases/2020-03-24/gdnas-response-covid-19', 'https://gdna.georgia.gov/press-releases/2020-03-24/gdnas-response-covid-19#main-content']",['GDNA\xa0Response to COVID-19'],Diagram,0.4469335377216339
