file_name,url,file_size,file_size_kilobytes,last_modified_date,author,subject,keywords,creation_date,producer,number_of_pages,number_of_tables,number_of_images,version,source,text_around_link,predicted_category,predicted_category_confidence
01.14.19.01.pdf,https://gov.georgia.gov/sites/gov.georgia.gov/files/related_files/document/01.14.19.01.pdf,216.5KB,216.482421875,2019-01-14 17:03:03,,,,2019-01-14 17:02:02,SAVIN MP C3003,2,0,2,PDF 1.4,"['https://georgiansfirst.georgia.gov/about-us#main-content', 'https://georgiansfirst.georgia.gov/about-us']",['Executive Order'],Brochure,0.6051715612411499
download,https://georgiansfirst.georgia.gov/document/document/meeting-minutes-september-27-2019/download,191.6KB,191.5654296875,2019-12-16 11:04:09,"Golden, Sydney",,,2019-12-16 11:04:09,Microsoft® Word for Office 365,7,0,0,PDF 1.7,"['https://georgiansfirst.georgia.gov/about-us#main-content', 'https://georgiansfirst.georgia.gov/about-us']","['Meeting\xa0Minutes (September 27, 2019)']",Policy,0.38564467430114746
download,https://georgiansfirst.georgia.gov/document/document/meeting-minutes-june-14-2019/download,148.5KB,148.4814453125,2019-09-26 08:00:02,"Golden, Sydney",,,2019-09-26 08:00:02,Microsoft® Word for Office 365,3,0,0,PDF 1.7,"['https://georgiansfirst.georgia.gov/about-us#main-content', 'https://georgiansfirst.georgia.gov/about-us']","['Meeting\xa0Minutes (June 14, 2019)']",Policy,0.2559165060520172
download,https://georgiansfirst.georgia.gov/document/document/meeting-minutes-march-27-2019/download,189.4KB,189.42578125,2019-06-13 08:05:07,"Scoggins, Cassie",,,2019-06-13 08:05:07,Microsoft® Word for Office 365,7,0,0,PDF 1.7,"['https://georgiansfirst.georgia.gov/about-us#main-content', 'https://georgiansfirst.georgia.gov/about-us']","['Meeting\xa0Minutes (March 27, 2019)']",Policy,0.39148059487342834
