file_name,url,file_size,file_size_kilobytes,last_modified_date,author,subject,keywords,creation_date,producer,number_of_pages,number_of_tables,number_of_images,version,source,text_around_link,predicted_category,predicted_category_confidence
Firm Registration #__________________,https://gsba.georgia.gov/document/publication/applicationforreinstatementofpublicaccountancyfirmlicense121218pdf/download,627.4KB,627.404296875,2018-12-12 13:04:02,PLB User,,,2018-12-12 13:03:09,Microsoft® Word 2016,7,2,0,PDF 1.5,"['https://gsba.georgia.gov#main-content', 'https://gsba.georgia.gov/forms', 'https://gsba.georgia.gov/forms/applications#main-content', 'https://gsba.georgia.gov/licensure#main-content', 'https://gsba.georgia.gov/cpa-license-services', 'https://gsba.georgia.gov/forms#main-content', 'https://gsba.georgia.gov/licensure', 'https://gsba.georgia.gov/forms/applications', 'https://gsba.georgia.gov/cpa-license-services#main-content', 'https://gsba.georgia.gov/services/cpa-license-services#main-content', 'https://gsba.georgia.gov/services/cpa-license-services', 'https://gsba.georgia.gov']","['Application\n \nfor Reinstatement of Public Accounting Firm', 'Application\n \nfor Reinstatement of Public Accounting Firm License Form', 'Reinstate\xa0CPA Firm License', 'Click\n \nhere']",Form,0.9952117800712585
download,https://gsba.georgia.gov/document/publication/complaint-process-and-details-7-17pdf/download,273.1KB,273.083984375,2017-07-19 15:04:06,"Durden, Lisa",,,2017-07-19 15:04:06,Microsoft® Word 2016,4,0,3,PDF 1.5,"['https://gsba.georgia.gov/forms', 'https://gsba.georgia.gov/other-services#main-content', 'https://gsba.georgia.gov/other-services', 'https://gsba.georgia.gov/organization/georgia-state-board-accountancy/contact-us#main-content', 'https://gsba.georgia.gov/organization/georgia-state-board-accountancy/contact-us', 'https://gsba.georgia.gov/services/other-services', 'https://gsba.georgia.gov/services/other-services#main-content', 'https://gsba.georgia.gov/forms#main-content']","['Complaint\n \nProcess Form', 'Complaint\n \nProcess and Forms']",Form,0.9340054988861084
download,https://gsba.georgia.gov/document/publication/gsba-board-policiespdf/download,3.7MB,3750.2939453125,2016-07-25 11:02:07,Sam,,,2016-06-29 10:02:07,Microsoft® Word 2013,27,0,0,PDF 1.6,"['https://gsba.georgia.gov/organization/georgia-state-board-accountancy/rules-laws-and-policies#main-content', 'https://gsba.georgia.gov/organization/georgia-state-board-accountancy/rules-laws-and-policies']",['GSBA\n \nBoard Policies'],Slides,0.5136926770210266
download,https://gsba.georgia.gov/document/document/signed-notice-intent-january-2024-cpa-exam--UNPUBLISHED-document--DO-NOT-SHARE-this-URL--/download,105.3KB,105.31640625,2023-12-20 10:05:05,,,,2023-12-20 10:04:08,Adobe PSL 1.3e for Canon,2,0,4,PDF 1.4,"['https://gsba.georgia.gov/organization/georgia-state-board-accountancy/rules-laws-and-policies#main-content', 'https://gsba.georgia.gov/organization/georgia-state-board-accountancy/rules-laws-and-policies']",['Signed\n \nNotice of Intent'],Policy,0.4259931147098541
download,https://gsba.georgia.gov/document/document/rule-synopses-january-2024-cpa-exam--UNPUBLISHED-document--DO-NOT-SHARE-this-URL--/download,58.7KB,58.701171875,2023-12-19 15:03:02,BAllen,,,2023-12-19 15:03:02,Microsoft® Word for Microsoft 365,1,0,0,PDF 1.7,"['https://gsba.georgia.gov/organization/georgia-state-board-accountancy/rules-laws-and-policies#main-content', 'https://gsba.georgia.gov/organization/georgia-state-board-accountancy/rules-laws-and-policies']",['Rule\n \nSynopses'],Notice,0.38135093450546265
download,https://gsba.georgia.gov/document/document/gsba-board-rules-january-2024-amendmentpdf--UNPUBLISHED-document--DO-NOT-SHARE-this-URL--/download,109.4KB,109.3583984375,2023-12-19 15:03:02,"LeGrand-Fleming, Sawanus",,,2023-12-19 15:03:02,Microsoft® Word for Microsoft 365,2,0,0,PDF 1.7,"['https://gsba.georgia.gov/organization/georgia-state-board-accountancy/rules-laws-and-policies#main-content', 'https://gsba.georgia.gov/organization/georgia-state-board-accountancy/rules-laws-and-policies']",['Board\n \nRule\xa0Amendment'],Policy,0.4512016177177429
"A meeting of the Georgia State Board of Accountancy was held on Thursday, May 4, 2000, at the Georgia International Convention and Trade Center, 1902 Sullivan Road, College Park, Georgia",https://gsba.georgia.gov/document/document/approved-accountancy-open-session-minutes-january-24-2024pdf--UNPUBLISHED-document--DO-NOT-SHARE-this-URL--/download,1.1MB,1090.58984375,2024-11-06 13:02:08,Sherry A Harrison,,,2024-11-06 13:02:08,Acrobat Distiller 24.0 (Windows),18,12,1,PDF 1.6,"['https://gsba.georgia.gov/organization/georgia-state-board-accountancy/board-meetings', 'https://gsba.georgia.gov/board-meetings#main-content', 'https://gsba.georgia.gov/organization/georgia-state-board-accountancy/board-meetings#main-content', 'https://gsba.georgia.gov/board-meetings']",['Minutes'],Policy,0.3887583017349243
"A meeting of the Georgia State Board of Accountancy was held on Thursday, May 4, 2000, at the Georgia International Convention and Trade Center, 1902 Sullivan Road, College Park, Georgia",https://gsba.georgia.gov/document/document/approved-accountancy-open-session-minutes-march-20-2024pdf--UNPUBLISHED-document--DO-NOT-SHARE-this-URL--/download,800.7KB,800.68359375,2024-11-13 10:01:09,Sherry A Harrison,,,2024-05-13 15:02:02,Adobe PDF Library 24.2.207,14,7,2,PDF 1.6,"['https://gsba.georgia.gov/organization/georgia-state-board-accountancy/board-meetings', 'https://gsba.georgia.gov/board-meetings#main-content', 'https://gsba.georgia.gov/organization/georgia-state-board-accountancy/board-meetings#main-content', 'https://gsba.georgia.gov/board-meetings']",['Minutes'],Policy,0.5701490044593811
"A meeting of the Georgia State Board of Accountancy was held on Thursday, May 4, 2000, at the Georgia International Convention and Trade Center, 1902 Sullivan Road, College Park, Georgia",https://gsba.georgia.gov/document/document/approved-accountancy-open-session-minutes-may-15-2024pdf--UNPUBLISHED-document--DO-NOT-SHARE-this-URL--/download,833.6KB,833.5693359375,2024-11-13 10:01:00,Sherry A Harrison,,,2024-07-09 14:02:08,Adobe PDF Library 24.2.159,14,7,2,PDF 1.6,"['https://gsba.georgia.gov/organization/georgia-state-board-accountancy/board-meetings', 'https://gsba.georgia.gov/board-meetings#main-content', 'https://gsba.georgia.gov/organization/georgia-state-board-accountancy/board-meetings#main-content', 'https://gsba.georgia.gov/board-meetings']",['Minutes'],Policy,0.5700291991233826
"A meeting of the Georgia State Board of Accountancy was held on Thursday, May 4, 2000, at the Georgia International Convention and Trade Center, 1902 Sullivan Road, College Park, Georgia",https://gsba.georgia.gov/document/document/approved-accountancy-open-session-minutes-july-10-2024pdf--UNPUBLISHED-document--DO-NOT-SHARE-this-URL--/download,766.8KB,766.802734375,2024-11-13 10:01:06,Sherry A Harrison,,,2024-09-18 08:05:04,Adobe PDF Library 24.3.144,11,5,2,PDF 1.6,"['https://gsba.georgia.gov/organization/georgia-state-board-accountancy/board-meetings', 'https://gsba.georgia.gov/board-meetings#main-content', 'https://gsba.georgia.gov/organization/georgia-state-board-accountancy/board-meetings#main-content', 'https://gsba.georgia.gov/board-meetings']",['Minutes'],Policy,0.5966324210166931
"A meeting of the Georgia State Board of Accountancy was held on Thursday, May 4, 2000, at the Georgia International Convention and Trade Center, 1902 Sullivan Road, College Park, Georgia",https://gsba.georgia.gov/document/document/approved-accountancy-open-session-september-18-2024pdf--UNPUBLISHED-document--DO-NOT-SHARE-this-URL--/download,944.3KB,944.3125,2024-11-20 14:00:03,Sherry A Harrison,,,2024-11-20 14:00:01,Acrobat Distiller 24.0 (Windows),12,5,2,PDF 1.6,"['https://gsba.georgia.gov/organization/georgia-state-board-accountancy/board-meetings', 'https://gsba.georgia.gov/board-meetings#main-content', 'https://gsba.georgia.gov/organization/georgia-state-board-accountancy/board-meetings#main-content', 'https://gsba.georgia.gov/board-meetings']",['Minutes'],Policy,0.5319643616676331
FOR BOARD USE ONLY,https://gsba.georgia.gov/document/document/application-reinstatement-individual-cpa-license-122025pdf--UNPUBLISHED-document--DO-NOT-SHARE-this-URL--/download,271.8KB,271.82421875,2024-12-31 12:05:03,Sherry A Harrison,,,2024-12-31 11:05:01,Microsoft® Word for Microsoft 365,8,11,0,PDF 1.7,"['https://gsba.georgia.gov/cpa-license-services', 'https://gsba.georgia.gov/services/cpa-license-services#main-content', 'https://gsba.georgia.gov/services/cpa-license-services', 'https://gsba.georgia.gov/cpa-license-services#main-content']",['Click\n \nhere'],Form,0.2637328803539276
download,https://gsba.georgia.gov/document/publication/ce-report-form-072514pdf/download,187.8KB,187.818359375,2014-07-25 12:01:06,"Schoubert, Joan",,,2014-07-25 12:01:06,Microsoft® Excel® 2010,2,1,0,PDF 1.5,"['https://gsba.georgia.gov/forms', 'https://gsba.georgia.gov/cpa-license-services', 'https://gsba.georgia.gov/cpa-license-services#main-content', 'https://gsba.georgia.gov/services/cpa-license-services#main-content', 'https://gsba.georgia.gov/services/cpa-license-services', 'https://gsba.georgia.gov/forms#main-content']",['Continuing\n \nEducation Report Form'],Form,0.6778428554534912
download,https://gsba.georgia.gov/document/publication/affidavitregardingcitizenshipform2017pdf/download,172.7KB,172.662109375,2017-06-21 09:04:07,"Schoubert, Joan",,,2017-06-21 09:04:07,Microsoft® Word 2016,1,0,0,PDF 1.5,"['https://gsba.georgia.gov/forms', 'https://gsba.georgia.gov/cpa-license-services', 'https://gsba.georgia.gov/cpa-license-services#main-content', 'https://gsba.georgia.gov/services/cpa-license-services#main-content', 'https://gsba.georgia.gov/services/cpa-license-services', 'https://gsba.georgia.gov/forms#main-content']",['Affidavit\n \nRegarding Citizenship Form'],Form,0.9576845765113831
FOR BOARD USE ONLY,https://gsba.georgia.gov/document/document/applicationforreinstatementofindividualcpalicense7102020pdf/download,498.8KB,498.755859375,2020-07-10 11:02:01,Sherry A Harrison,,,2020-07-10 11:01:08,Microsoft® Word 2016,8,11,0,PDF 1.5,"['https://gsba.georgia.gov/cpa-license-services', 'https://gsba.georgia.gov/services/cpa-license-services#main-content', 'https://gsba.georgia.gov/services/cpa-license-services', 'https://gsba.georgia.gov/cpa-license-services#main-content']",['Individual\n \nLicense Reinstatement'],Form,0.3850536346435547
Firm Registration #__________________,https://gsba.georgia.gov/document/publication/application-reinstatement-public-accountancy-firm-license-41316pdf/download,396.4KB,396.4189453125,2016-07-21 16:04:07,PLB User,,,2016-04-11 16:01:02,Microsoft® Word 2013,7,2,0,PDF 1.5,"['https://gsba.georgia.gov/cpa-license-services', 'https://gsba.georgia.gov/services/cpa-license-services#main-content', 'https://gsba.georgia.gov/services/cpa-license-services', 'https://gsba.georgia.gov/cpa-license-services#main-content']",['Firm\n \nLicense Reinstatement'],Form,0.40419673919677734
FOR BOARD USE ONLY,https://gsba.georgia.gov/document/document/application-reinstatement-individual-cpa-license-122025pdf/download,271.8KB,271.82421875,2024-12-31 12:05:03,Sherry A Harrison,,,2024-12-31 11:05:01,Microsoft® Word for Microsoft 365,8,11,0,PDF 1.7,"['https://gsba.georgia.gov/licensure#main-content', 'https://gsba.georgia.gov/forms', 'https://gsba.georgia.gov/forms/applications#main-content', 'https://gsba.georgia.gov/licensure', 'https://gsba.georgia.gov/forms/applications', 'https://gsba.georgia.gov/forms#main-content']","['Application\n \nfor Reinstatement of CPA License', 'Application\n \nfor Reinstatement of CPA License Form.']",Form,0.9854792356491089
GAAddressChangeForm.qxd,https://gsba.georgia.gov/document/publication/gsba-information-change-request-formpdf/download,80.0KB,79.96875,2014-10-10 09:04:05,rnelson,,,2014-10-10 09:04:05,Microsoft® Word 2010,1,0,0,PDF 1.5,"['https://gsba.georgia.gov/forms#main-content', 'https://gsba.georgia.gov/forms']",['Information\n \nChange Request Form'],Form,0.8864757418632507
Microsoft Word - 22 Authorization for Interstate Exchange of Examination and Licensure Information _Rev 4-6-09_,https://gsba.georgia.gov/document/publication/interstate-exchange-authorization-081114pdf/download,102.5KB,102.5234375,2014-10-23 08:05:03,sharrison,,,2014-08-12 08:01:06,Adobe PDF Library 10.0,2,21,0,PDF 1.6,"['https://gsba.georgia.gov/forms#main-content', 'https://gsba.georgia.gov/forms']",['Interstate\n \nExchange Authorization Form'],Form,0.8596917986869812
download,https://gsba.georgia.gov/document/publication/qualifiedalienstatusform22018pdf/download,20.0KB,19.9912109375,2018-02-13 09:02:04,,,,2018-02-09 08:00:03,Microsoft® Word 2016,1,0,0,PDF 1.7,"['https://gsba.georgia.gov/forms#main-content', 'https://gsba.georgia.gov/forms']",['Qualified\n \nAlien Status Form'],Form,0.9091030955314636
download,https://gsba.georgia.gov/document/publication/roster-request-form-080614pdf/download,31.5KB,31.4599609375,2014-08-06 14:04:08,SOS,,,2014-08-06 14:04:07,Adobe PDF Library 10.0,1,0,0,PDF 1.5,"['https://gsba.georgia.gov/forms#main-content', 'https://gsba.georgia.gov/forms']",['Roster\n \nRequest Order Form'],Form,0.9232970476150513
download,https://gsba.georgia.gov/document/publication/secure-and-verifiable-documents-listpdf/download,32.3KB,32.3330078125,2015-06-04 10:01:09,,,,2014-04-03 11:04:01,pdfDocs version 3.2.8.13 (www.docscorp.com),3,0,0,PDF 1.4,"['https://gsba.georgia.gov/forms#main-content', 'https://gsba.georgia.gov/forms']",['Secure\n \nand Verifiable Documents List'],Form,0.4847537875175476
download,https://gsba.georgia.gov/document/newsletter/georgianewsletterfeb2022pdf/download,471.7KB,471.7216796875,2022-02-24 09:04:03,,,,2022-02-24 09:04:03,Adobe PDF Library 16.0.5,5,2,11,PDF 1.7,"['https://gsba.georgia.gov/news/gsba-newsletter#main-content', 'https://gsba.georgia.gov/news#main-content', 'https://gsba.georgia.gov/news/gsba-newsletter', 'https://gsba.georgia.gov/news']",['Georgia_Newsletter_Feb_2022.pdf'],Brochure,0.5922841429710388
download,https://gsba.georgia.gov/document/newsletter/georgianewsletteroct2022pdf/download,787.5KB,787.5185546875,2022-11-18 09:01:07,,,,2022-10-11 07:05:03,Adobe PDF Library 16.0.7,3,0,15,PDF 1.7,"['https://gsba.georgia.gov/news/gsba-newsletter#main-content', 'https://gsba.georgia.gov/news#main-content', 'https://gsba.georgia.gov/news/gsba-newsletter', 'https://gsba.georgia.gov/news']",['Georgia_Newsletter_Oct_2022.pdf'],Brochure,0.8633273243904114
download,https://gsba.georgia.gov/document/newsletter/georgianewsletterseptember2021pdf/download,675.3KB,675.2626953125,2021-09-21 08:01:09,,,,2021-09-14 13:02:06,Adobe PDF Library 15.0,4,1,9,PDF 1.7,"['https://gsba.georgia.gov/news/gsba-newsletter#main-content', 'https://gsba.georgia.gov/news#main-content', 'https://gsba.georgia.gov/news/gsba-newsletter', 'https://gsba.georgia.gov/news']",['Georgia_Newsletter_September_2021.pdf'],Brochure,0.8446937203407288
download,https://gsba.georgia.gov/document/newsletter/july-2021/download,2.1MB,2105.181640625,2021-07-08 14:04:06,,,,2021-07-08 13:02:02,Adobe PDF Library 15.0,5,1,20,PDF 1.7,"['https://gsba.georgia.gov/news/gsba-newsletter#main-content', 'https://gsba.georgia.gov/news#main-content', 'https://gsba.georgia.gov/news/gsba-newsletter', 'https://gsba.georgia.gov/news']",['July\xa02021'],Brochure,0.30400803685188293
download,https://gsba.georgia.gov/document/newsletter/december-2018/download,898.3KB,898.2861328125,2018-12-03 09:03:02,,,,2018-12-03 09:03:02,Adobe PDF Library 15.0,6,7,10,PDF 1.7,"['https://gsba.georgia.gov/news/gsba-newsletter/newsletter-archive#main-content', 'https://gsba.georgia.gov/news/gsba-newsletter/newsletter-archive', 'https://gsba.georgia.gov/news#main-content', 'https://gsba.georgia.gov/news']","['December\n \n2018', 'December\xa02018']",Brochure,0.358747273683548
download,https://gsba.georgia.gov/document/document/georgianewsletterfeb2023pdf/download,372.2KB,372.224609375,2023-02-20 10:02:02,,,,2023-02-09 14:01:07,Adobe PDF Library 17.0,6,0,9,PDF 1.7,"['https://gsba.georgia.gov/news/gsba-newsletter#main-content', 'https://gsba.georgia.gov/news/gsba-newsletter']",['Georgia_Newsletter_Feb_2023.pdf'],Brochure,0.559232234954834
download,https://gsba.georgia.gov/document/document/website-cpe-rule-20-11-finalpdf/download,116.4KB,116.4287109375,2022-12-19 10:00:06,Dan Dustin,,,2022-12-19 10:00:06,Microsoft® Word for Microsoft 365,8,0,0,PDF 1.7,"['https://gsba.georgia.gov/cpe-requirements#main-content', 'https://gsba.georgia.gov/cpe-requirements']",['here'],Policy,0.5650216937065125
"A meeting of the Georgia State Board of Accountancy was held on Thursday, May 4, 2000, at the Georgia International Convention and Trade Center, 1902 Sullivan Road, College Park, Georgia",https://gsba.georgia.gov/document/document/approved-accountancy-open-session-minutes-january-25-2023pdf/download,750.4KB,750.3662109375,2023-03-23 16:02:02,Sherry A Harrison,,,2023-03-22 09:00:04,Microsoft® Word for Microsoft 365,11,5,2,PDF 1.7,"['https://gsba.georgia.gov/organization/georgia-state-board-accountancy/board-meetings/2013-2023-meeting-minutes-archive', 'https://gsba.georgia.gov/organization/georgia-state-board-accountancy/board-meetings/2013-2023-meeting-minutes-archive#main-content']","['January\n \n25, 2023']",Policy,0.778839647769928
"A meeting of the Georgia State Board of Accountancy was held on Thursday, May 4, 2000, at the Georgia International Convention and Trade Center, 1902 Sullivan Road, College Park, Georgia",https://gsba.georgia.gov/document/document/approved-accountancy-open-session-minutes-march-22-2023pdf/download,805.7KB,805.71875,2023-08-03 09:00:03,Sherry A Harrison,,,2023-05-10 10:01:09,Microsoft® Word for Microsoft 365,11,5,2,PDF 1.7,"['https://gsba.georgia.gov/organization/georgia-state-board-accountancy/board-meetings/2013-2023-meeting-minutes-archive', 'https://gsba.georgia.gov/organization/georgia-state-board-accountancy/board-meetings/2013-2023-meeting-minutes-archive#main-content']","['March\n \n22, 2023']",Policy,0.7765287756919861
"A meeting of the Georgia State Board of Accountancy was held on Thursday, May 4, 2000, at the Georgia International Convention and Trade Center, 1902 Sullivan Road, College Park, Georgia",https://gsba.georgia.gov/document/document/approved-accountancy-open-session-minutes-may-10-2023pdf/download,749.6KB,749.583984375,2023-11-16 12:02:00,Sherry A Harrison,,,2023-07-19 08:03:04,Microsoft® Word for Microsoft 365,9,3,2,PDF 1.7,"['https://gsba.georgia.gov/organization/georgia-state-board-accountancy/board-meetings/2013-2023-meeting-minutes-archive', 'https://gsba.georgia.gov/organization/georgia-state-board-accountancy/board-meetings/2013-2023-meeting-minutes-archive#main-content']","['May\n \n10, 2023']",Policy,0.7801045179367065
"A meeting of the Georgia State Board of Accountancy was held on Thursday, May 4, 2000, at the Georgia International Convention and Trade Center, 1902 Sullivan Road, College Park, Georgia",https://gsba.georgia.gov/document/document/approved-accountancy-open-session-minutes-july-19-2023pdf/download,1.2MB,1181.22265625,2023-11-16 12:02:07,Sherry A Harrison,,,2023-11-16 12:02:07,Acrobat Distiller 23.0 (Windows),14,7,2,PDF 1.6,"['https://gsba.georgia.gov/organization/georgia-state-board-accountancy/board-meetings/2013-2023-meeting-minutes-archive', 'https://gsba.georgia.gov/organization/georgia-state-board-accountancy/board-meetings/2013-2023-meeting-minutes-archive#main-content']","['July\n \n19, 2023']",Policy,0.7519597411155701
"A meeting of the Georgia State Board of Accountancy was held on Thursday, May 4, 2000, at the Georgia International Convention and Trade Center, 1902 Sullivan Road, College Park, Georgia",https://gsba.georgia.gov/document/document/approved-accountancy-open-sessionseptember-20-2023pdf/download,1.2MB,1184.7724609375,2023-11-29 11:01:05,Sherry A Harrison,,,2023-11-29 11:01:05,Acrobat Distiller 23.0 (Windows),10,4,2,PDF 1.6,"['https://gsba.georgia.gov/organization/georgia-state-board-accountancy/board-meetings/2013-2023-meeting-minutes-archive', 'https://gsba.georgia.gov/organization/georgia-state-board-accountancy/board-meetings/2013-2023-meeting-minutes-archive#main-content']","['September\n \n20, 2023']",Policy,0.7561719417572021
"A meeting of the Georgia State Board of Accountancy was held on Thursday, May 4, 2000, at the Georgia International Convention and Trade Center, 1902 Sullivan Road, College Park, Georgia",https://gsba.georgia.gov/document/document/approved-accountancy-open-sessionnovember-15-2023pdf/download,944.2KB,944.2451171875,2024-03-18 10:00:09,Sherry A Harrison,,,2024-03-18 10:00:07,Acrobat Distiller 24.0 (Windows),18,12,2,PDF 1.6,"['https://gsba.georgia.gov/organization/georgia-state-board-accountancy/board-meetings/2013-2023-meeting-minutes-archive', 'https://gsba.georgia.gov/organization/georgia-state-board-accountancy/board-meetings/2013-2023-meeting-minutes-archive#main-content']","['November\n \n15, 2023']",Policy,0.6098241209983826
"A meeting of the Georgia State Board of Accountancy was held on Thursday, May 4, 2000, at the Georgia International Convention and Trade Center, 1902 Sullivan Road, College Park, Georgia",https://gsba.georgia.gov/document/document/approved-accountancy-open-session-minutes-january-19-2022pdf/download,779.1KB,779.0712890625,2022-09-15 15:02:04,Sherry A Harrison,,,2022-03-23 09:00:01,Microsoft® Word for Microsoft 365,12,6,2,PDF 1.7,"['https://gsba.georgia.gov/organization/georgia-state-board-accountancy/board-meetings/2013-2023-meeting-minutes-archive', 'https://gsba.georgia.gov/organization/georgia-state-board-accountancy/board-meetings/2013-2023-meeting-minutes-archive#main-content']","['January\n \n19, 2022']",Policy,0.7626792192459106
"A meeting of the Georgia State Board of Accountancy was held on Thursday, May 4, 2000, at the Georgia International Convention and Trade Center, 1902 Sullivan Road, College Park, Georgia",https://gsba.georgia.gov/document/document/accountancy-open-session-minutes-march-23-2022pdf/download,797.1KB,797.09765625,2023-01-10 10:00:01,Sherry A Harrison,,,2022-05-23 12:02:06,Microsoft® Word for Microsoft 365,13,7,2,PDF 1.7,"['https://gsba.georgia.gov/organization/georgia-state-board-accountancy/board-meetings/2013-2023-meeting-minutes-archive', 'https://gsba.georgia.gov/organization/georgia-state-board-accountancy/board-meetings/2013-2023-meeting-minutes-archive#main-content']","['March\n \n23, 2022']",Policy,0.7683472037315369
"A meeting of the Georgia State Board of Accountancy was held on Thursday, May 4, 2000, at the Georgia International Convention and Trade Center, 1902 Sullivan Road, College Park, Georgia",https://gsba.georgia.gov/document/document/approved-accountancy-open-session-minutes-may-25-2022pdf/download,797.6KB,797.6103515625,2022-09-15 15:01:02,Sherry A Harrison,,,2022-07-13 09:02:06,Microsoft® Word for Microsoft 365,13,6,2,PDF 1.7,"['https://gsba.georgia.gov/organization/georgia-state-board-accountancy/board-meetings/2013-2023-meeting-minutes-archive', 'https://gsba.georgia.gov/organization/georgia-state-board-accountancy/board-meetings/2013-2023-meeting-minutes-archive#main-content']","['May\n \n25, 2022']",Policy,0.7683472037315369
"A meeting of the Georgia State Board of Accountancy was held on Thursday, May 4, 2000, at the Georgia International Convention and Trade Center, 1902 Sullivan Road, College Park, Georgia",https://gsba.georgia.gov/document/document/accountancy-open-session-minutes-july-13-2022pdf/download,730.6KB,730.6279296875,2023-01-10 10:01:04,Sherry A Harrison,,,2022-08-24 14:02:05,Microsoft® Word for Microsoft 365,9,3,2,PDF 1.7,"['https://gsba.georgia.gov/organization/georgia-state-board-accountancy/board-meetings/2013-2023-meeting-minutes-archive', 'https://gsba.georgia.gov/organization/georgia-state-board-accountancy/board-meetings/2013-2023-meeting-minutes-archive#main-content']","['July\n \n13, 2022']",Policy,0.7794579863548279
"A meeting of the Georgia State Board of Accountancy was held on Thursday, May 4, 2000, at the Georgia International Convention and Trade Center, 1902 Sullivan Road, College Park, Georgia",https://gsba.georgia.gov/document/document/approved-accountancy-open-session-minutes-september-21-2022pdf/download,765.8KB,765.775390625,2023-03-23 16:00:06,Sherry A Harrison,,,2022-11-10 09:04:09,Microsoft® Word for Microsoft 365,13,6,2,PDF 1.7,"['https://gsba.georgia.gov/organization/georgia-state-board-accountancy/board-meetings/2013-2023-meeting-minutes-archive', 'https://gsba.georgia.gov/organization/georgia-state-board-accountancy/board-meetings/2013-2023-meeting-minutes-archive#main-content']","['September\n \n21, 2022']",Policy,0.7688559293746948
"A meeting of the Georgia State Board of Accountancy was held on Thursday, May 4, 2000, at the Georgia International Convention and Trade Center, 1902 Sullivan Road, College Park, Georgia",https://gsba.georgia.gov/document/document/approved-accountancy-open-session-minutes-november-16-2022pdf/download,650.3KB,650.2548828125,2023-03-23 16:01:06,Sherry A Harrison,,,2023-03-23 16:01:04,Microsoft® Word for Microsoft 365,13,5,2,PDF 1.7,"['https://gsba.georgia.gov/organization/georgia-state-board-accountancy/board-meetings/2013-2023-meeting-minutes-archive', 'https://gsba.georgia.gov/organization/georgia-state-board-accountancy/board-meetings/2013-2023-meeting-minutes-archive#main-content']","['November\n \n16, 2022']",Policy,0.7763227224349976
"A meeting of the Georgia State Board of Accountancy was held on Thursday, May 4, 2000, at the Georgia International Convention and Trade Center, 1902 Sullivan Road, College Park, Georgia",https://gsba.georgia.gov/document/document/approvedaccountancyopensessionminutesjanuary272021pdf/download,785.3KB,785.34765625,2021-09-30 15:01:01,Sherry A Harrison,,,2021-05-17 11:03:02,Microsoft® Word for Office 365,11,4,2,PDF 1.7,"['https://gsba.georgia.gov/organization/georgia-state-board-accountancy/board-meetings/2013-2023-meeting-minutes-archive', 'https://gsba.georgia.gov/organization/georgia-state-board-accountancy/board-meetings/2013-2023-meeting-minutes-archive#main-content']","['January\n \n27, 2021']",Policy,0.7769715189933777
"A meeting of the Georgia State Board of Accountancy was held on Thursday, May 4, 2000, at the Georgia International Convention and Trade Center, 1902 Sullivan Road, College Park, Georgia",https://gsba.georgia.gov/document/document/approvedaccountancyopensessionminutesmarch242021pdf/download,809.3KB,809.263671875,2021-09-30 15:02:06,Sherry A Harrison,,,2021-05-18 15:04:07,Microsoft® Word for Office 365,12,6,2,PDF 1.7,"['https://gsba.georgia.gov/organization/georgia-state-board-accountancy/board-meetings/2013-2023-meeting-minutes-archive', 'https://gsba.georgia.gov/organization/georgia-state-board-accountancy/board-meetings/2013-2023-meeting-minutes-archive#main-content']","['March\n \n24, 2021']",Policy,0.7620537877082825
"A meeting of the Georgia State Board of Accountancy was held on Thursday, May 4, 2000, at the Georgia International Convention and Trade Center, 1902 Sullivan Road, College Park, Georgia",https://gsba.georgia.gov/document/document/approvedaccountancyopensessionminutesmay192021pdf/download,788.2KB,788.2490234375,2021-10-01 09:01:05,Sherry A Harrison,,,2021-07-26 10:05:06,Microsoft® Word for Office 365,11,5,2,PDF 1.7,"['https://gsba.georgia.gov/organization/georgia-state-board-accountancy/board-meetings/2013-2023-meeting-minutes-archive', 'https://gsba.georgia.gov/organization/georgia-state-board-accountancy/board-meetings/2013-2023-meeting-minutes-archive#main-content']","['May\n \n19, 2021']",Policy,0.7769715189933777
"A meeting of the Georgia State Board of Accountancy was held on Thursday, May 4, 2000, at the Georgia International Convention and Trade Center, 1902 Sullivan Road, College Park, Georgia",https://gsba.georgia.gov/document/document/approvedaccountancyopensessionminutesjuly282021pdf/download,650.0KB,649.9736328125,2021-10-01 10:01:08,Sherry A Harrison,,,2021-09-20 15:04:09,Microsoft® Word for Office 365,11,5,2,PDF 1.7,"['https://gsba.georgia.gov/organization/georgia-state-board-accountancy/board-meetings/2013-2023-meeting-minutes-archive', 'https://gsba.georgia.gov/organization/georgia-state-board-accountancy/board-meetings/2013-2023-meeting-minutes-archive#main-content']","['July\n \n28, 2021']",Policy,0.7862331867218018
"A meeting of the Georgia State Board of Accountancy was held on Thursday, May 4, 2000, at the Georgia International Convention and Trade Center, 1902 Sullivan Road, College Park, Georgia",https://gsba.georgia.gov/document/document/approved-accountancy-open-session-minutes-september-22-2021pdf/download,788.9KB,788.8974609375,2022-09-14 16:01:01,Sherry A Harrison,,,2021-11-17 09:03:05,Microsoft® Word for Office 365,12,6,2,PDF 1.7,"['https://gsba.georgia.gov/organization/georgia-state-board-accountancy/board-meetings/2013-2023-meeting-minutes-archive', 'https://gsba.georgia.gov/organization/georgia-state-board-accountancy/board-meetings/2013-2023-meeting-minutes-archive#main-content']","['September\n \n22, 2021']",Policy,0.7626792192459106
"A meeting of the Georgia State Board of Accountancy was held on Thursday, May 4, 2000, at the Georgia International Convention and Trade Center, 1902 Sullivan Road, College Park, Georgia",https://gsba.georgia.gov/document/document/approved-accountancy-open-session-minutes-november-17-2021pdf/download,765.0KB,764.9677734375,2022-09-15 10:04:02,Sherry A Harrison,,,2022-01-19 09:04:01,Microsoft® Word for Office 365,11,4,2,PDF 1.7,"['https://gsba.georgia.gov/organization/georgia-state-board-accountancy/board-meetings/2013-2023-meeting-minutes-archive', 'https://gsba.georgia.gov/organization/georgia-state-board-accountancy/board-meetings/2013-2023-meeting-minutes-archive#main-content']","['November\n \n17, 2021']",Policy,0.7769715189933777
"A meeting of the Georgia State Board of Accountancy was held on Thursday, May 4, 2000, at the Georgia International Convention and Trade Center, 1902 Sullivan Road, College Park, Georgia",https://gsba.georgia.gov/document/document/approved-accountancyopensessionminutesjanuary152020pdf-0/download,850.3KB,850.3046875,2020-12-09 10:05:00,Sherry A Harrison,,,2020-03-24 16:04:02,Microsoft® Word for Office 365,11,5,2,PDF 1.7,"['https://gsba.georgia.gov/organization/georgia-state-board-accountancy/board-meetings/2013-2023-meeting-minutes-archive', 'https://gsba.georgia.gov/organization/georgia-state-board-accountancy/board-meetings/2013-2023-meeting-minutes-archive#main-content']","['January\n \n15, 2020']",Policy,0.7809222340583801
"A meeting of the Georgia State Board of Accountancy was held on Thursday, May 4, 2000, at the Georgia International Convention and Trade Center, 1902 Sullivan Road, College Park, Georgia",https://gsba.georgia.gov/document/document/approved-accountancyopensessionminutesmarch252020pdf-0/download,840.6KB,840.6416015625,2020-12-09 10:03:06,Sherry A Harrison,,,2020-05-20 09:04:00,Microsoft® Word for Office 365,13,7,2,PDF 1.7,"['https://gsba.georgia.gov/organization/georgia-state-board-accountancy/board-meetings/2013-2023-meeting-minutes-archive', 'https://gsba.georgia.gov/organization/georgia-state-board-accountancy/board-meetings/2013-2023-meeting-minutes-archive#main-content']","['March\n \n25, 2020']",Policy,0.7682268023490906
"A meeting of the Georgia State Board of Accountancy was held on Thursday, May 4, 2000, at the Georgia International Convention and Trade Center, 1902 Sullivan Road, College Park, Georgia",https://gsba.georgia.gov/document/document/approved-accountancyopensessionminutesmay202020pdf-0/download,755.9KB,755.9140625,2020-12-09 10:04:02,Sherry A Harrison,,,2020-07-15 09:01:09,Microsoft® Word for Office 365,10,3,2,PDF 1.7,"['https://gsba.georgia.gov/organization/georgia-state-board-accountancy/board-meetings/2013-2023-meeting-minutes-archive', 'https://gsba.georgia.gov/organization/georgia-state-board-accountancy/board-meetings/2013-2023-meeting-minutes-archive#main-content']","['May\n \n20, 2020']",Policy,0.7750492691993713
"A meeting of the Georgia State Board of Accountancy was held on Thursday, May 4, 2000, at the Georgia International Convention and Trade Center, 1902 Sullivan Road, College Park, Georgia",https://gsba.georgia.gov/document/document/approved-accountancyopensessionminutesjuly152020pdf/download,742.0KB,742.015625,2020-12-09 10:05:07,Sherry A Harrison,,,2020-09-16 09:01:05,Microsoft® Word for Office 365,9,3,2,PDF 1.7,"['https://gsba.georgia.gov/organization/georgia-state-board-accountancy/board-meetings/2013-2023-meeting-minutes-archive', 'https://gsba.georgia.gov/organization/georgia-state-board-accountancy/board-meetings/2013-2023-meeting-minutes-archive#main-content']","['July\n \n25, 2020']",Policy,0.7801045179367065
"A meeting of the Georgia State Board of Accountancy was held on Thursday, May 4, 2000, at the Georgia International Convention and Trade Center, 1902 Sullivan Road, College Park, Georgia",https://gsba.georgia.gov/document/document/approved-accountancy-open-session-minutes-september-16-2020pdf/download,759.9KB,759.9296875,2021-09-30 14:04:04,Sherry A Harrison,,,2020-09-16 15:02:07,Microsoft® Word for Office 365,9,3,2,PDF 1.7,"['https://gsba.georgia.gov/organization/georgia-state-board-accountancy/board-meetings/2013-2023-meeting-minutes-archive', 'https://gsba.georgia.gov/organization/georgia-state-board-accountancy/board-meetings/2013-2023-meeting-minutes-archive#main-content']","['September\n \n16, 2020']",Policy,0.778664767742157
"A meeting of the Georgia State Board of Accountancy was held on Thursday, May 4, 2000, at the Georgia International Convention and Trade Center, 1902 Sullivan Road, College Park, Georgia",https://gsba.georgia.gov/document/document/approved-accountancy-open-session-minutes-november-18-2020pdf/download,842.9KB,842.91015625,2021-09-30 14:04:09,Sherry A Harrison,,,2021-01-27 09:01:08,Microsoft® Word for Office 365,15,8,2,PDF 1.7,"['https://gsba.georgia.gov/organization/georgia-state-board-accountancy/board-meetings/2013-2023-meeting-minutes-archive', 'https://gsba.georgia.gov/organization/georgia-state-board-accountancy/board-meetings/2013-2023-meeting-minutes-archive#main-content']","['November\n \n18, 2020']",Policy,0.7586072087287903
"A meeting of the Georgia State Board of Accountancy was held on Thursday, May 4, 2000, at the Georgia International Convention and Trade Center, 1902 Sullivan Road, College Park, Georgia",https://gsba.georgia.gov/document/publication/approved-accountancyopensessionminutesnovember202019pdf/download,713.2KB,713.234375,2020-01-15 13:03:03,Sherry A Harrison,,,2020-01-15 09:02:00,Adobe PDF Library 11.0,11,5,2,PDF 1.7,"['https://gsba.georgia.gov/organization/georgia-state-board-accountancy/board-meetings/2013-2023-meeting-minutes-archive', 'https://gsba.georgia.gov/organization/georgia-state-board-accountancy/board-meetings/2013-2023-meeting-minutes-archive#main-content']","['November\n \n20, 2019']",Policy,0.7782628536224365
"A meeting of the Georgia State Board of Accountancy was held on Thursday, May 4, 2000, at the Georgia International Convention and Trade Center, 1902 Sullivan Road, College Park, Georgia",https://gsba.georgia.gov/document/publication/approved-accountancyopensessionminutesseptember-18-2019pdf/download,785.7KB,785.673828125,2019-11-25 12:03:08,Sherry A Harrison,,,2019-11-25 12:03:01,Microsoft® Word for Office 365,12,6,2,PDF 1.7,"['https://gsba.georgia.gov/organization/georgia-state-board-accountancy/board-meetings/2013-2023-meeting-minutes-archive', 'https://gsba.georgia.gov/organization/georgia-state-board-accountancy/board-meetings/2013-2023-meeting-minutes-archive#main-content']","['September\n \n18, 2019']",Policy,0.7626792192459106
"A meeting of the Georgia State Board of Accountancy was held on Thursday, May 4, 2000, at the Georgia International Convention and Trade Center, 1902 Sullivan Road, College Park, Georgia",https://gsba.georgia.gov/document/publication/approved-accountancyopensessionminutesjuly17-2019pdf/download,777.0KB,776.9912109375,2019-09-18 16:01:09,Sherry A Harrison,,,2019-09-17 11:04:00,Microsoft® Word for Office 365,12,5,2,PDF 1.7,"['https://gsba.georgia.gov/organization/georgia-state-board-accountancy/board-meetings/2013-2023-meeting-minutes-archive', 'https://gsba.georgia.gov/organization/georgia-state-board-accountancy/board-meetings/2013-2023-meeting-minutes-archive#main-content']","['July\n \n17, 2019']",Policy,0.7626792192459106
"A meeting of the Georgia State Board of Accountancy was held on Thursday, May 4, 2000, at the Georgia International Convention and Trade Center, 1902 Sullivan Road, College Park, Georgia",https://gsba.georgia.gov/document/publication/approved-accountancyopensessionminutesmay82019pdf/download,756.9KB,756.91796875,2019-09-18 16:03:04,Sherry A Harrison,,,2019-07-16 16:04:02,Microsoft® Word for Office 365,11,5,2,PDF 1.7,"['https://gsba.georgia.gov/organization/georgia-state-board-accountancy/board-meetings/2013-2023-meeting-minutes-archive', 'https://gsba.georgia.gov/organization/georgia-state-board-accountancy/board-meetings/2013-2023-meeting-minutes-archive#main-content']","['May\n \n8, 2019']",Policy,0.778839647769928
download,https://gsba.georgia.gov/document/publication/approved-accountancyopensessionminutesmarch6-2019postedpdf/download,854.6KB,854.6171875,2019-05-31 14:05:06,,,,2019-05-31 14:04:07,RICOH Aficio MP 4002,13,0,13,PDF 1.4,"['https://gsba.georgia.gov/organization/georgia-state-board-accountancy/board-meetings/2013-2023-meeting-minutes-archive', 'https://gsba.georgia.gov/organization/georgia-state-board-accountancy/board-meetings/2013-2023-meeting-minutes-archive#main-content']","['March\n \n6, 2019']",Policy,0.44197264313697815
"A meeting of the Georgia State Board of Accountancy was held on Thursday, May 4, 2000, at the Georgia International Convention and Trade Center, 1902 Sullivan Road, College Park, Georgia",https://gsba.georgia.gov/document/publication/approved-accountancyopensessionminutesjanuary-16-2019pdf/download,1.0MB,1036.9296875,2019-03-07 16:02:05,Sherry A Harrison,,,2019-03-07 16:01:09,Microsoft® Word for Office 365,11,5,2,PDF 1.7,"['https://gsba.georgia.gov/organization/georgia-state-board-accountancy/board-meetings/2013-2023-meeting-minutes-archive', 'https://gsba.georgia.gov/organization/georgia-state-board-accountancy/board-meetings/2013-2023-meeting-minutes-archive#main-content']","['January\n \n16, 2019']",Policy,0.7639812231063843
"A meeting of the Georgia State Board of Accountancy was held on Thursday, May 4, 2000, at the Georgia International Convention and Trade Center, 1902 Sullivan Road, College Park, Georgia",https://gsba.georgia.gov/document/publication/november-14-2018/download,1.1MB,1106.6416015625,2019-01-16 16:02:03,Sherry A Harrison,,,2019-01-14 12:04:01,Microsoft® Word 2016,12,5,2,PDF 1.7,"['https://gsba.georgia.gov/organization/georgia-state-board-accountancy/board-meetings/2013-2023-meeting-minutes-archive', 'https://gsba.georgia.gov/organization/georgia-state-board-accountancy/board-meetings/2013-2023-meeting-minutes-archive#main-content']","['November\xa014, 2018']",Policy,0.7477039694786072
"A meeting of the Georgia State Board of Accountancy was held on Thursday, May 4, 2000, at the Georgia International Convention and Trade Center, 1902 Sullivan Road, College Park, Georgia",https://gsba.georgia.gov/document/publication/september-19-2018/download,1.1MB,1124.28515625,2018-11-15 14:02:03,Sherry A Harrison,,,2018-09-26 16:01:05,Microsoft® Word 2016,14,6,2,PDF 1.7,"['https://gsba.georgia.gov/organization/georgia-state-board-accountancy/board-meetings/2013-2023-meeting-minutes-archive', 'https://gsba.georgia.gov/organization/georgia-state-board-accountancy/board-meetings/2013-2023-meeting-minutes-archive#main-content']","['September\xa019, 2018']",Policy,0.7546243071556091
"A meeting of the Georgia State Board of Accountancy was held on Thursday, May 4, 2000, at the Georgia International Convention and Trade Center, 1902 Sullivan Road, College Park, Georgia",https://gsba.georgia.gov/document/publication/july-18-2018/download,599.2KB,599.1923828125,2018-09-21 14:03:08,Swan LeGrand-Fleming,Board Meeting minutes,,2018-09-20 09:00:04,Microsoft® Word 2016,8,3,1,PDF 1.7,"['https://gsba.georgia.gov/organization/georgia-state-board-accountancy/board-meetings/2013-2023-meeting-minutes-archive', 'https://gsba.georgia.gov/organization/georgia-state-board-accountancy/board-meetings/2013-2023-meeting-minutes-archive#main-content']","['July\xa018, 2018']",Policy,0.7905513048171997
"A meeting of the Georgia State Board of Accountancy was held on Thursday, May 4, 2000, at the Georgia International Convention and Trade Center, 1902 Sullivan Road, College Park, Georgia",https://gsba.georgia.gov/document/publication/may-23-2018/download,1.1MB,1093.751953125,2018-07-19 12:02:06,Sherry A Harrison,,,2018-07-18 09:00:03,Microsoft® Word 2016,13,6,2,PDF 1.7,"['https://gsba.georgia.gov/organization/georgia-state-board-accountancy/board-meetings/2013-2023-meeting-minutes-archive', 'https://gsba.georgia.gov/organization/georgia-state-board-accountancy/board-meetings/2013-2023-meeting-minutes-archive#main-content']","['May\xa023, 2018']",Policy,0.7547006011009216
"A meeting of the Georgia State Board of Accountancy was held on Thursday, May 4, 2000, at the Georgia International Convention and Trade Center, 1902 Sullivan Road, College Park, Georgia",https://gsba.georgia.gov/document/publication/march-21-2018/download,1.1MB,1083.3916015625,2018-05-23 15:04:08,Sherry A Harrison,,,2018-05-21 08:03:09,Microsoft® Word 2016,12,6,2,PDF 1.7,"['https://gsba.georgia.gov/organization/georgia-state-board-accountancy/board-meetings/2013-2023-meeting-minutes-archive', 'https://gsba.georgia.gov/organization/georgia-state-board-accountancy/board-meetings/2013-2023-meeting-minutes-archive#main-content']","['March\xa021, 2018']",Policy,0.7477039694786072
"A meeting of the Georgia State Board of Accountancy was held on Thursday, May 4, 2000, at the Georgia International Convention and Trade Center, 1902 Sullivan Road, College Park, Georgia",https://gsba.georgia.gov/document/publication/january-10-2018/download,965.6KB,965.56640625,2018-03-22 10:02:04,Sherry A Harrison,,,2018-02-06 08:04:03,Microsoft® Word 2016,16,7,2,PDF 1.7,"['https://gsba.georgia.gov/organization/georgia-state-board-accountancy/board-meetings/2013-2023-meeting-minutes-archive', 'https://gsba.georgia.gov/organization/georgia-state-board-accountancy/board-meetings/2013-2023-meeting-minutes-archive#main-content']","['January\xa010, 2018']",Policy,0.7339875102043152
"A meeting of the Georgia State Board of Accountancy was held on Thursday, May 4, 2000, at the Georgia International Convention and Trade Center, 1902 Sullivan Road, College Park, Georgia",https://gsba.georgia.gov/document/publication/november-15-2017/download,1.0MB,1058.376953125,2018-03-22 10:02:09,Sherry A Harrison,,,2018-01-10 16:01:07,Microsoft® Word 2016,10,4,2,PDF 1.6,"['https://gsba.georgia.gov/organization/georgia-state-board-accountancy/board-meetings/2013-2023-meeting-minutes-archive', 'https://gsba.georgia.gov/organization/georgia-state-board-accountancy/board-meetings/2013-2023-meeting-minutes-archive#main-content']","['November\xa015, 2017']",Policy,0.7590169906616211
"A meeting of the Georgia State Board of Accountancy was held on Thursday, May 4, 2000, at the Georgia International Convention and Trade Center, 1902 Sullivan Road, College Park, Georgia",https://gsba.georgia.gov/document/publication/september-20-2017/download,1.1MB,1159.6396484375,2017-11-16 08:05:08,Sherry A Harrison,,,2017-11-14 09:05:03,Microsoft® Word 2016,13,4,5,PDF 1.6,"['https://gsba.georgia.gov/organization/georgia-state-board-accountancy/board-meetings/2013-2023-meeting-minutes-archive', 'https://gsba.georgia.gov/organization/georgia-state-board-accountancy/board-meetings/2013-2023-meeting-minutes-archive#main-content']","['September\xa020, 2017']",Policy,0.7520354986190796
"A meeting of the Georgia State Board of Accountancy was held on Thursday, May 4, 2000, at the Georgia International Convention and Trade Center, 1902 Sullivan Road, College Park, Georgia",https://gsba.georgia.gov/document/publication/july-19-2017/download,1.0MB,1051.541015625,2018-03-22 10:02:08,Sherry A Harrison,,,2017-09-25 16:03:02,Microsoft® Word 2016,11,5,2,PDF 1.6,"['https://gsba.georgia.gov/organization/georgia-state-board-accountancy/board-meetings/2013-2023-meeting-minutes-archive', 'https://gsba.georgia.gov/organization/georgia-state-board-accountancy/board-meetings/2013-2023-meeting-minutes-archive#main-content']","['July\xa019, 2017']",Policy,0.7639812231063843
"A meeting of the Georgia State Board of Accountancy was held on Thursday, May 4, 2000, at the Georgia International Convention and Trade Center, 1902 Sullivan Road, College Park, Georgia",https://gsba.georgia.gov/document/publication/may-17-2017/download,932.1KB,932.1416015625,2017-07-19 14:04:05,Sherry A Harrison,,,2017-07-18 14:03:09,Microsoft® Word 2016,12,6,2,PDF 1.6,"['https://gsba.georgia.gov/organization/georgia-state-board-accountancy/board-meetings/2013-2023-meeting-minutes-archive', 'https://gsba.georgia.gov/organization/georgia-state-board-accountancy/board-meetings/2013-2023-meeting-minutes-archive#main-content']","['May\xa017, 2017']",Policy,0.7516148686408997
"A meeting of the Georgia State Board of Accountancy was held on Thursday, May 4, 2000, at the Georgia International Convention and Trade Center, 1902 Sullivan Road, College Park, Georgia",https://gsba.georgia.gov/document/publication/march-22-2017/download,966.0KB,965.99609375,2017-05-23 11:05:03,Sherry A Harrison,,,2017-05-23 11:05:01,Microsoft® Word 2016,13,7,2,PDF 1.6,"['https://gsba.georgia.gov/organization/georgia-state-board-accountancy/board-meetings/2013-2023-meeting-minutes-archive', 'https://gsba.georgia.gov/organization/georgia-state-board-accountancy/board-meetings/2013-2023-meeting-minutes-archive#main-content']","['March\xa022, 2017']",Policy,0.759335458278656
"A meeting of the Georgia State Board of Accountancy was held on Thursday, May 4, 2000, at the Georgia International Convention and Trade Center, 1902 Sullivan Road, College Park, Georgia",https://gsba.georgia.gov/document/publication/january-11-2017/download,853.1KB,853.087890625,2017-03-23 12:00:01,Sherry A Harrison,,,2017-03-21 09:02:06,Microsoft® Word 2016,12,6,2,PDF 1.6,"['https://gsba.georgia.gov/organization/georgia-state-board-accountancy/board-meetings/2013-2023-meeting-minutes-archive', 'https://gsba.georgia.gov/organization/georgia-state-board-accountancy/board-meetings/2013-2023-meeting-minutes-archive#main-content']","['January\xa011, 2017']",Policy,0.7663391828536987
"A meeting of the Georgia State Board of Accountancy was held on Thursday, May 4, 2000, at the Georgia International Convention and Trade Center, 1902 Sullivan Road, College Park, Georgia",https://gsba.georgia.gov/document/publication/november-9-2016/download,831.9KB,831.86328125,2017-02-13 15:04:03,Sherry A Harrison,,,2017-01-10 12:04:01,Microsoft® Word 2016,11,6,1,PDF 1.6,"['https://gsba.georgia.gov/organization/georgia-state-board-accountancy/board-meetings/2013-2023-meeting-minutes-archive', 'https://gsba.georgia.gov/organization/georgia-state-board-accountancy/board-meetings/2013-2023-meeting-minutes-archive#main-content']","['November\xa09, 2016']",Policy,0.7764045000076294
"A meeting of the Georgia State Board of Accountancy was held on Thursday, May 4, 2000, at the Georgia International Convention and Trade Center, 1902 Sullivan Road, College Park, Georgia",https://gsba.georgia.gov/document/publication/september-21-2016/download,970.2KB,970.24609375,2016-11-09 15:05:07,Sherry A Harrison,,,2016-09-22 11:01:08,Microsoft® Word 2016,13,6,2,PDF 1.6,"['https://gsba.georgia.gov/organization/georgia-state-board-accountancy/board-meetings/2013-2023-meeting-minutes-archive', 'https://gsba.georgia.gov/organization/georgia-state-board-accountancy/board-meetings/2013-2023-meeting-minutes-archive#main-content']","['September\xa021, 2016']",Policy,0.759335458278656
"A meeting of the Georgia State Board of Accountancy was held on Thursday, May 4, 2000, at the Georgia International Convention and Trade Center, 1902 Sullivan Road, College Park, Georgia",https://gsba.georgia.gov/document/publication/july-20-2016/download,827.4KB,827.421875,2016-09-26 09:03:09,Sherry A Harrison,,,2016-09-22 09:02:00,Microsoft® Word 2016,12,4,2,PDF 1.6,"['https://gsba.georgia.gov/organization/georgia-state-board-accountancy/board-meetings/2013-2023-meeting-minutes-archive', 'https://gsba.georgia.gov/organization/georgia-state-board-accountancy/board-meetings/2013-2023-meeting-minutes-archive#main-content']","['July\xa020, 2016']",Policy,0.7620537877082825
"A meeting of the Georgia State Board of Accountancy was held on Thursday, May 4, 2000, at the Georgia International Convention and Trade Center, 1902 Sullivan Road, College Park, Georgia",https://gsba.georgia.gov/document/publication/may-18-2016/download,1.0MB,1070.7939453125,2016-07-21 16:04:06,Sherry A Harrison,,,2016-07-20 14:05:05,Microsoft® Word 2016,12,5,2,PDF 1.6,"['https://gsba.georgia.gov/organization/georgia-state-board-accountancy/board-meetings/2013-2023-meeting-minutes-archive', 'https://gsba.georgia.gov/organization/georgia-state-board-accountancy/board-meetings/2013-2023-meeting-minutes-archive#main-content']","['May\xa018, 2016']",Policy,0.7477039694786072
"A meeting of the Georgia State Board of Accountancy was held on Thursday, May 4, 2000, at the Georgia International Convention and Trade Center, 1902 Sullivan Road, College Park, Georgia",https://gsba.georgia.gov/document/publication/march-23-2016/download,1.1MB,1153.298828125,2016-07-13 10:01:08,Sherry A Harrison,,,2016-07-12 14:05:03,Microsoft® Word 2016,22,9,2,PDF 1.6,"['https://gsba.georgia.gov/organization/georgia-state-board-accountancy/board-meetings/2013-2023-meeting-minutes-archive', 'https://gsba.georgia.gov/organization/georgia-state-board-accountancy/board-meetings/2013-2023-meeting-minutes-archive#main-content']","['March\xa023, 2016']",Slides,0.4909735918045044
"A meeting of the Georgia State Board of Accountancy was held on Thursday, May 4, 2000, at the Georgia International Convention and Trade Center, 1902 Sullivan Road, College Park, Georgia",https://gsba.georgia.gov/document/publication/january-13-2016/download,1.1MB,1080.7763671875,2016-03-29 09:03:03,Sherry A Harrison,,,2016-03-29 09:02:03,Microsoft® Word 2013,24,9,2,PDF 1.6,"['https://gsba.georgia.gov/organization/georgia-state-board-accountancy/board-meetings/2013-2023-meeting-minutes-archive', 'https://gsba.georgia.gov/organization/georgia-state-board-accountancy/board-meetings/2013-2023-meeting-minutes-archive#main-content']","['January\xa013, 2016']",Policy,0.47817015647888184
"A meeting of the Georgia State Board of Accountancy was held on Thursday, May 4, 2000, at the Georgia International Convention and Trade Center, 1902 Sullivan Road, College Park, Georgia",https://gsba.georgia.gov/document/publication/november-18-2015/download,1.1MB,1089.3505859375,2016-03-29 09:04:07,Sherry A Harrison,,,2016-03-29 09:04:05,Microsoft® Word 2013,13,5,2,PDF 1.6,"['https://gsba.georgia.gov/organization/georgia-state-board-accountancy/board-meetings/2013-2023-meeting-minutes-archive', 'https://gsba.georgia.gov/organization/georgia-state-board-accountancy/board-meetings/2013-2023-meeting-minutes-archive#main-content']","['November\xa018, 2015']",Policy,0.7547006011009216
"A meeting of the Georgia State Board of Accountancy was held on Thursday, May 4, 2000, at the Georgia International Convention and Trade Center, 1902 Sullivan Road, College Park, Georgia",https://gsba.georgia.gov/document/publication/september-23-2015/download,1020.3KB,1020.265625,2016-01-14 11:00:09,Sherry A Harrison,,,2016-01-14 11:00:05,Microsoft® Word 2013,14,6,2,PDF 1.6,"['https://gsba.georgia.gov/organization/georgia-state-board-accountancy/board-meetings/2013-2023-meeting-minutes-archive', 'https://gsba.georgia.gov/organization/georgia-state-board-accountancy/board-meetings/2013-2023-meeting-minutes-archive#main-content']","['September\xa023, 2015']",Policy,0.7545509934425354
"A meeting of the Georgia State Board of Accountancy was held on Thursday, May 4, 2000, at the Georgia International Convention and Trade Center, 1902 Sullivan Road, College Park, Georgia",https://gsba.georgia.gov/document/publication/july-22-2015/download,1013.1KB,1013.1123046875,2016-01-14 11:02:03,Sherry A Harrison,,,2015-09-24 10:02:01,Microsoft® Word 2013,16,5,2,PDF 1.6,"['https://gsba.georgia.gov/organization/georgia-state-board-accountancy/board-meetings/2013-2023-meeting-minutes-archive', 'https://gsba.georgia.gov/organization/georgia-state-board-accountancy/board-meetings/2013-2023-meeting-minutes-archive#main-content']","['July\xa022, 2015']",Policy,0.7260830998420715
"A meeting of the Georgia State Board of Accountancy was held on Thursday, May 4, 2000, at the Georgia International Convention and Trade Center, 1902 Sullivan Road, College Park, Georgia",https://gsba.georgia.gov/document/publication/may-20-2015/download,1022.1KB,1022.07421875,2016-01-14 11:01:06,Sherry A Harrison,,,2015-07-23 16:03:04,Microsoft® Word 2013,13,5,2,PDF 1.6,"['https://gsba.georgia.gov/organization/georgia-state-board-accountancy/board-meetings/2013-2023-meeting-minutes-archive', 'https://gsba.georgia.gov/organization/georgia-state-board-accountancy/board-meetings/2013-2023-meeting-minutes-archive#main-content']","['May\xa020, 2015']",Policy,0.7546252012252808
"A meeting of the Georgia State Board of Accountancy was held on Thursday, May 4, 2000, at the Georgia International Convention and Trade Center, 1902 Sullivan Road, College Park, Georgia",https://gsba.georgia.gov/document/publication/march-18-2015/download,1.0MB,1024.7265625,2015-05-27 12:04:03,Sherry A Harrison,,,2015-05-11 11:04:02,Microsoft® Word 2013,10,4,2,PDF 1.6,"['https://gsba.georgia.gov/organization/georgia-state-board-accountancy/board-meetings/2013-2023-meeting-minutes-archive', 'https://gsba.georgia.gov/organization/georgia-state-board-accountancy/board-meetings/2013-2023-meeting-minutes-archive#main-content']","['March\xa018, 2015']",Policy,0.7590169906616211
"A meeting of the Georgia State Board of Accountancy was held on Thursday, May 4, 2000, at the Georgia International Convention and Trade Center, 1902 Sullivan Road, College Park, Georgia",https://gsba.georgia.gov/document/publication/february-19-2015/download,653.1KB,653.1220703125,2015-05-27 12:04:02,Sherry A Harrison,,,2015-03-18 17:00:06,Microsoft® Word 2013,7,0,2,PDF 1.6,"['https://gsba.georgia.gov/organization/georgia-state-board-accountancy/board-meetings/2013-2023-meeting-minutes-archive', 'https://gsba.georgia.gov/organization/georgia-state-board-accountancy/board-meetings/2013-2023-meeting-minutes-archive#main-content']","['February\xa019, 2015']",Policy,0.8112695217132568
"A meeting of the Georgia State Board of Accountancy was held on Thursday, May 4, 2000, at the Georgia International Convention and Trade Center, 1902 Sullivan Road, College Park, Georgia",https://gsba.georgia.gov/document/publication/january-14-2015/download,1.0MB,1039.470703125,2015-03-19 10:00:09,Sherry A Harrison,,,2015-03-18 17:00:07,Microsoft® Word 2013,12,5,2,PDF 1.6,"['https://gsba.georgia.gov/organization/georgia-state-board-accountancy/board-meetings/2013-2023-meeting-minutes-archive', 'https://gsba.georgia.gov/organization/georgia-state-board-accountancy/board-meetings/2013-2023-meeting-minutes-archive#main-content']","['January\xa014, 2015']",Policy,0.7477039694786072
"A meeting of the Georgia State Board of Accountancy was held on Thursday, May 4, 2000, at the Georgia International Convention and Trade Center, 1902 Sullivan Road, College Park, Georgia",https://gsba.georgia.gov/document/publication/november-19-2014/download,673.3KB,673.2783203125,2015-01-20 13:05:00,Sherry A Harrison,,,2015-01-15 09:03:00,Microsoft® Word 2013,12,5,1,PDF 1.6,"['https://gsba.georgia.gov/organization/georgia-state-board-accountancy/board-meetings/2013-2023-meeting-minutes-archive', 'https://gsba.georgia.gov/organization/georgia-state-board-accountancy/board-meetings/2013-2023-meeting-minutes-archive#main-content']","['November\xa019, 2014']",Policy,0.7653262615203857
"A meeting of the Georgia State Board of Accountancy was held on Thursday, May 4, 2000, at the Georgia International Convention and Trade Center, 1902 Sullivan Road, College Park, Georgia",https://gsba.georgia.gov/document/publication/september-24-2014/download,772.8KB,772.7822265625,2014-11-19 17:02:03,Sherry A Harrison,,,2014-11-19 17:00:03,Microsoft® Word 2010,16,10,1,PDF 1.6,"['https://gsba.georgia.gov/organization/georgia-state-board-accountancy/board-meetings/2013-2023-meeting-minutes-archive', 'https://gsba.georgia.gov/organization/georgia-state-board-accountancy/board-meetings/2013-2023-meeting-minutes-archive#main-content']","['September\xa024, 2014']",Policy,0.7478934526443481
"A meeting of the Georgia State Board of Accountancy was held on Thursday, May 4, 2000, at the Georgia International Convention and Trade Center, 1902 Sullivan Road, College Park, Georgia",https://gsba.georgia.gov/document/publication/july-30-2014/download,76.9KB,76.9287109375,2014-11-13 15:03:07,Sherry A Harrison,,,2014-11-13 15:03:07,Microsoft® Word 2010,3,0,0,PDF 1.5,"['https://gsba.georgia.gov/organization/georgia-state-board-accountancy/board-meetings/2013-2023-meeting-minutes-archive', 'https://gsba.georgia.gov/organization/georgia-state-board-accountancy/board-meetings/2013-2023-meeting-minutes-archive#main-content']","['July\xa030, 2014']",Policy,0.801776111125946
"A meeting of the Georgia State Board of Accountancy was held on Thursday, May 4, 2000, at the Georgia International Convention and Trade Center, 1902 Sullivan Road, College Park, Georgia",https://gsba.georgia.gov/document/publication/may-21-2014/download,165.1KB,165.1435546875,2014-11-13 15:03:01,Sherry A Harrison,,,2014-11-13 15:03:01,Microsoft® Word 2010,4,0,0,PDF 1.5,"['https://gsba.georgia.gov/organization/georgia-state-board-accountancy/board-meetings/2013-2023-meeting-minutes-archive', 'https://gsba.georgia.gov/organization/georgia-state-board-accountancy/board-meetings/2013-2023-meeting-minutes-archive#main-content']","['May\xa021, 2014']",Policy,0.6516340970993042
"A meeting of the Georgia State Board of Accountancy was held on Thursday, May 4, 2000, at the Georgia International Convention and Trade Center, 1902 Sullivan Road, College Park, Georgia",https://gsba.georgia.gov/document/publication/march-26-2014/download,152.9KB,152.890625,2014-11-14 14:04:01,Sherry A Harrison,,,2014-11-13 16:00:00,Microsoft® Word 2010,5,0,0,PDF 1.5,"['https://gsba.georgia.gov/organization/georgia-state-board-accountancy/board-meetings/2013-2023-meeting-minutes-archive', 'https://gsba.georgia.gov/organization/georgia-state-board-accountancy/board-meetings/2013-2023-meeting-minutes-archive#main-content']","['March\xa026, 2014']",Policy,0.8593904376029968
"A meeting of the Georgia State Board of Accountancy was held on Thursday, May 4, 2000, at the Georgia International Convention and Trade Center, 1902 Sullivan Road, College Park, Georgia",https://gsba.georgia.gov/document/publication/february-27-2014/download,35.0KB,34.9716796875,2014-03-27 09:05:01,Sherry A Harrison,,,2014-03-27 09:05:01,Adobe PDF Library 11.0,6,0,0,PDF 1.5,"['https://gsba.georgia.gov/organization/georgia-state-board-accountancy/board-meetings/2013-2023-meeting-minutes-archive', 'https://gsba.georgia.gov/organization/georgia-state-board-accountancy/board-meetings/2013-2023-meeting-minutes-archive#main-content']","['February\xa027, 2014']",Policy,0.8041808009147644
"A meeting of the Georgia State Board of Accountancy was held on Thursday, May 4, 2000, at the Georgia International Convention and Trade Center, 1902 Sullivan Road, College Park, Georgia",https://gsba.georgia.gov/document/publication/november-20-2013/download,32.7KB,32.728515625,2014-03-27 09:05:05,Sherry A Harrison,,,2014-03-27 09:05:05,Adobe PDF Library 11.0,6,0,0,PDF 1.5,"['https://gsba.georgia.gov/organization/georgia-state-board-accountancy/board-meetings/2013-2023-meeting-minutes-archive', 'https://gsba.georgia.gov/organization/georgia-state-board-accountancy/board-meetings/2013-2023-meeting-minutes-archive#main-content']","['November\xa020, 2013']",Policy,0.8023765087127686
"A meeting of the Georgia State Board of Accountancy was held on Thursday, May 4, 2000, at the Georgia International Convention and Trade Center, 1902 Sullivan Road, College Park, Georgia",https://gsba.georgia.gov/document/publication/october-15-2013/download,14.5KB,14.4775390625,2014-03-27 10:00:07,Sherry A Harrison,,,2014-03-27 10:00:07,Adobe PDF Library 11.0,2,0,0,PDF 1.5,"['https://gsba.georgia.gov/organization/georgia-state-board-accountancy/board-meetings/2013-2023-meeting-minutes-archive', 'https://gsba.georgia.gov/organization/georgia-state-board-accountancy/board-meetings/2013-2023-meeting-minutes-archive#main-content']","['October\xa015, 2013']",Policy,0.6108575463294983
"A meeting of the Georgia State Board of Accountancy was held on Thursday, May 4, 2000, at the Georgia International Convention and Trade Center, 1902 Sullivan Road, College Park, Georgia",https://gsba.georgia.gov/document/publication/september-25-2013/download,30.9KB,30.8525390625,2014-03-27 09:04:08,Sherry A Harrison,,,2014-03-27 09:04:08,Adobe PDF Library 11.0,4,0,0,PDF 1.5,"['https://gsba.georgia.gov/organization/georgia-state-board-accountancy/board-meetings/2013-2023-meeting-minutes-archive', 'https://gsba.georgia.gov/organization/georgia-state-board-accountancy/board-meetings/2013-2023-meeting-minutes-archive#main-content']","['September\xa025, 2013']",Policy,0.7488929629325867
download,https://gsba.georgia.gov/document/publication/july-31-2013/download,66.0KB,66.0263671875,2014-03-27 10:00:09,"Fleming, Sawanus",,,2014-03-27 10:00:09,Adobe PDF Library 11.0,5,0,0,PDF 1.5,"['https://gsba.georgia.gov/organization/georgia-state-board-accountancy/board-meetings/2013-2023-meeting-minutes-archive', 'https://gsba.georgia.gov/organization/georgia-state-board-accountancy/board-meetings/2013-2023-meeting-minutes-archive#main-content']","['July\xa031, 2013']",Policy,0.4473419785499573
"A meeting of the Georgia State Board of Accountancy was held on Thursday, May 4, 2000, at the Georgia International Convention and Trade Center, 1902 Sullivan Road, College Park, Georgia",https://gsba.georgia.gov/document/publication/may-22-2013/download,234.4KB,234.3642578125,2013-08-06 12:02:09,Sherry A Harrison,,,2013-08-06 12:02:09,Microsoft® Word 2010,6,0,0,PDF 1.5,"['https://gsba.georgia.gov/organization/georgia-state-board-accountancy/board-meetings/2013-2023-meeting-minutes-archive', 'https://gsba.georgia.gov/organization/georgia-state-board-accountancy/board-meetings/2013-2023-meeting-minutes-archive#main-content']","['May\xa022, 2013']",Policy,0.8082841634750366
"A meeting of the Georgia State Board of Accountancy was held on Thursday, May 4, 2000, at the Georgia International Convention and Trade Center, 1902 Sullivan Road, College Park, Georgia",https://gsba.georgia.gov/document/publication/march-27-2013/download,152.4KB,152.4306640625,2013-05-22 10:02:03,Sherry A Harrison,,,2013-05-22 10:02:03,Microsoft® Office Word 2007,6,0,0,PDF 1.5,"['https://gsba.georgia.gov/organization/georgia-state-board-accountancy/board-meetings/2013-2023-meeting-minutes-archive', 'https://gsba.georgia.gov/organization/georgia-state-board-accountancy/board-meetings/2013-2023-meeting-minutes-archive#main-content']","['March\xa027, 2013']",Policy,0.8504490852355957
"A meeting of the Georgia State Board of Accountancy was held on Thursday, May 4, 2000, at the Georgia International Convention and Trade Center, 1902 Sullivan Road, College Park, Georgia",https://gsba.georgia.gov/document/publication/january-30-2013/download,140.9KB,140.8603515625,2013-03-27 10:00:02,Sherry A Harrison,,,2013-03-27 10:00:02,Microsoft® Office Word 2007,5,0,0,PDF 1.5,"['https://gsba.georgia.gov/organization/georgia-state-board-accountancy/board-meetings/2013-2023-meeting-minutes-archive', 'https://gsba.georgia.gov/organization/georgia-state-board-accountancy/board-meetings/2013-2023-meeting-minutes-archive#main-content']","['January\xa030, 2013']",Policy,0.8539962768554688
download,https://gsba.georgia.gov/document/newsletter/november-2017/download,450.8KB,450.84765625,2017-11-09 08:05:07,,,,2017-11-09 08:05:07,Adobe PDF Library 15.0,4,4,15,PDF 1.7,"['https://gsba.georgia.gov/news/gsba-newsletter/newsletter-archive', 'https://gsba.georgia.gov/news/gsba-newsletter/newsletter-archive#main-content']",['November\n \n2017'],Brochure,0.7377476096153259
download,https://gsba.georgia.gov/document/newsletter/july-2017/download,729.8KB,729.7734375,2017-07-13 16:02:07,,,,2017-07-13 15:00:07,Adobe PDF Library 15.0,8,8,24,PDF 1.7,"['https://gsba.georgia.gov/news/gsba-newsletter/newsletter-archive', 'https://gsba.georgia.gov/news/gsba-newsletter/newsletter-archive#main-content']",['July\n \n2017'],Brochure,0.2617695927619934
download,https://gsba.georgia.gov/document/newsletter/january-2017/download,913.8KB,913.8291015625,2017-01-25 14:01:05,,,,2017-01-25 13:00:08,Adobe PDF Library 15.0,5,5,23,PDF 1.7,"['https://gsba.georgia.gov/news/gsba-newsletter/newsletter-archive', 'https://gsba.georgia.gov/news/gsba-newsletter/newsletter-archive#main-content']",['January\n \n2017'],Brochure,0.3659783601760864
