file_name,url,file_size,file_size_kilobytes,last_modified_date,author,subject,keywords,creation_date,producer,number_of_pages,number_of_tables,number_of_images,version,source,text_around_link,predicted_category,predicted_category_confidence
Microsoft Word - Common Questions.docx,https://holocaust.georgia.gov/document/document/common-student-questions/download,103.0KB,102.9931640625,2020-10-27 13:00:07,,,,2017-06-02 16:05:04,Mac OS X 10.11.6 Quartz PDFContext,6,0,0,PDF 1.6,"['https://holocaust.georgia.gov/educational-resources#topics to teach', 'https://holocaust.georgia.gov/educational-resources#Encyclopedic', 'https://holocaust.georgia.gov/educational-resources#main-content', 'https://holocaust.georgia.gov/educational-resources#top', 'https://holocaust.georgia.gov/educational-resources#Primary Sources', 'https://holocaust.georgia.gov/educational-resources', 'https://holocaust.georgia.gov/teach/educational-resources', 'https://holocaust.georgia.gov/educational-resources#Animated maps', 'https://holocaust.georgia.gov/educational-resources#First Person Testimonial', 'https://holocaust.georgia.gov/teach/educational-resources#main-content', 'https://holocaust.georgia.gov/teach/educational-resources#top', 'https://holocaust.georgia.gov/educational-resources#films']",['Common\n \nStudent Questions'],Brochure,0.7148813605308533
7279dd_f81ea788bf2046c8a5fab0de507b4b09.pdf,https://e7bcbdf8-accf-4e54-9ae9-d1f8b0f11c1d.filesusr.com/ugd/7279dd_f81ea788bf2046c8a5fab0de507b4b09.pdf,2.7MB,2800.615234375,2016-07-19 15:05:02,,,,2016-07-19 15:05:01,Adobe PDF Library 9.9,11,11,7,PDF 1.4,"['https://holocaust.georgia.gov/study-guides#main-content', 'https://holocaust.georgia.gov/teach/educational-resources/study-guides#main-content', 'https://holocaust.georgia.gov/teach/educational-resources/study-guides', 'https://holocaust.georgia.gov/study-guides']","[""Reader's Companion to\xa0The Diary of Anne Frank""]",Slides,0.4511556625366211
download,https://holocaust.georgia.gov/document/document/doe-holocaust-chronology-1933-1945/download,315.4KB,315.40625,2023-08-22 15:05:01,,,,2023-08-22 15:05:01,macOS Version 13.5 (Build 22G74) Quartz PDFContext,4,0,4,PDF 1.3,"['https://holocaust.georgia.gov/doe-american-history#main-content', 'https://holocaust.georgia.gov/grade-7#main-content', 'https://holocaust.georgia.gov/doe-american-history', 'https://holocaust.georgia.gov/grade-5#main-content', 'https://holocaust.georgia.gov/doe-grade-6#main-content', 'https://holocaust.georgia.gov/doe-lesson-plans-support-materials', 'https://holocaust.georgia.gov/grade-7', 'https://holocaust.georgia.gov/doe-lesson-plans-support-materials#main-content', 'https://holocaust.georgia.gov/grade-5', 'https://holocaust.georgia.gov/doe-grade-6']","['Holocaust\xa0Chronology', 'Holocaust\xa0Chronology 1933 - 1945']",Brochure,0.5815450549125671
download,https://holocaust.georgia.gov/document/document/doe-holocaust-glossary/download,1.8MB,1841.2001953125,2023-08-03 11:01:01,Sally Levine,,,2022-01-25 15:05:00,Microsoft® Word 2016,3,0,2,PDF 1.5,"['https://holocaust.georgia.gov/doe-american-history#main-content', 'https://holocaust.georgia.gov/grade-7#main-content', 'https://holocaust.georgia.gov/doe-american-history', 'https://holocaust.georgia.gov/grade-5#main-content', 'https://holocaust.georgia.gov/doe-grade-6#main-content', 'https://holocaust.georgia.gov/doe-lesson-plans-support-materials', 'https://holocaust.georgia.gov/grade-7', 'https://holocaust.georgia.gov/doe-lesson-plans-support-materials#main-content', 'https://holocaust.georgia.gov/grade-5', 'https://holocaust.georgia.gov/doe-grade-6']","['DOE\xa0Holocaust Glossary', 'Holocaust\xa0Glossary']",Brochure,0.6514812707901001
LESSON PLAN - A COUPLE'S MISSION,https://holocaust.georgia.gov/document/document/doe-lesson-plan-couples-mission/download,2.2MB,2289.98828125,2023-08-22 15:05:03,Patrice Weaver,,,2023-08-22 15:05:03,macOS Version 13.5 (Build 22G74) Quartz PDFContext,2,1,6,PDF 1.3,"['https://holocaust.georgia.gov/doe-american-history#main-content', 'https://holocaust.georgia.gov/doe-american-history']","[""DOE\xa0Lesson Plan - A Couple's Mission""]",Brochure,0.5481641888618469
download,https://holocaust.georgia.gov/document/document/doe-lesson-plan-professors-plea/download,1.3MB,1286.357421875,2023-08-22 15:05:03,,,,2023-08-22 15:05:03,macOS Version 13.5 (Build 22G74) Quartz PDFContext,2,0,6,PDF 1.3,"['https://holocaust.georgia.gov/doe-american-history#main-content', 'https://holocaust.georgia.gov/doe-american-history']","[""DOE\xa0Lesson Plan - A Professor's Plea""]",Brochure,0.7310434579849243
download,https://holocaust.georgia.gov/document/document/doe-lesson-plan-american-history/download,303.9KB,303.859375,2023-08-22 15:05:04,,,,2023-08-22 15:05:04,macOS Version 13.5 (Build 22G74) Quartz PDFContext,2,0,2,PDF 1.3,"['https://holocaust.georgia.gov/doe-american-history#main-content', 'https://holocaust.georgia.gov/doe-american-history']",['DOE\xa0Lesson Plan - American History'],Brochure,0.6731482744216919
download,https://holocaust.georgia.gov/document/document/doe-lesson-plan-marianne-jane/download,1.3MB,1373.751953125,2023-08-22 15:05:04,,,,2023-08-22 15:05:04,macOS Version 13.5 (Build 22G74) Quartz PDFContext,3,0,7,PDF 1.3,"['https://holocaust.georgia.gov/doe-american-history#main-content', 'https://holocaust.georgia.gov/doe-american-history']",['DOE\xa0Lesson Plan - Marianne & Jane'],Brochure,0.6851075887680054
download,https://holocaust.georgia.gov/document/document/doe-lesson-plan-timeline-activity/download,582.3KB,582.2998046875,2023-08-22 15:05:05,,,,2023-08-22 15:05:05,macOS Version 13.5 (Build 22G74) Quartz PDFContext,3,0,4,PDF 1.3,"['https://holocaust.georgia.gov/grade-7#main-content', 'https://holocaust.georgia.gov/doe-american-history', 'https://holocaust.georgia.gov/grade-7', 'https://holocaust.georgia.gov/grade8', 'https://holocaust.georgia.gov/grade8#main-content', 'https://holocaust.georgia.gov/doe-american-history#main-content']","['DOE\xa0Lesson Plan - Timeline Activity', 'Lesson\xa0Plan - Timeline Activity', 'Timeline\xa0Activity']",Brochure,0.560843825340271
download,https://holocaust.georgia.gov/document/document/doe-lesson-plan-tony-soldiers-journey/download,1.9MB,1930.4248046875,2023-08-22 15:05:05,,,,2023-08-22 15:05:05,macOS Version 13.5 (Build 22G74) Quartz PDFContext,3,1,8,PDF 1.3,"['https://holocaust.georgia.gov/doe-american-history#main-content', 'https://holocaust.georgia.gov/doe-american-history']","[""DOE\xa0Lesson Plan - Tony, A Soldier's Journey""]",Brochure,0.6255010962486267
download,https://holocaust.georgia.gov/document/document/doe-lesson-plan-historic-figures/download,2.1MB,2122.04296875,2023-08-22 16:00:00,,,,2023-08-22 16:00:00,macOS Version 13.5 (Build 22G74) Quartz PDFContext,12,3,23,PDF 1.3,"['https://holocaust.georgia.gov/grade-5#main-content', 'https://holocaust.georgia.gov/grade-5']",['Historic\xa0Figures'],Report,0.35222432017326355
download,https://holocaust.georgia.gov/document/document/doe-how-write-obituary/download,435.2KB,435.1962890625,2023-08-22 16:00:02,,,,2023-08-22 16:00:02,macOS Version 13.5 (Build 22G74) Quartz PDFContext,5,0,6,PDF 1.3,"['https://holocaust.georgia.gov/grade-5#main-content', 'https://holocaust.georgia.gov/grade-5']",['How\xa0to Write an Obituary'],Brochure,0.31117668747901917
download,https://holocaust.georgia.gov/document/document/doe-id-card-activity-grades-5-8/download,554.5KB,554.517578125,2023-08-22 16:00:02,,,,2023-08-22 16:00:02,macOS Version 13.5 (Build 22G74) Quartz PDFContext,4,0,6,PDF 1.3,"['https://holocaust.georgia.gov/grade-7#main-content', 'https://holocaust.georgia.gov/grade-5#main-content', 'https://holocaust.georgia.gov/doe-grade-6#main-content', 'https://holocaust.georgia.gov/grade-7', 'https://holocaust.georgia.gov/grade8', 'https://holocaust.georgia.gov/grade8#main-content', 'https://holocaust.georgia.gov/grade-5', 'https://holocaust.georgia.gov/doe-grade-6']","['DOE\xa0ID Card Activity Grades 5 - 8', 'ID\xa0Card Activity Grades 5 - 8', 'ID\xa0Card Activity - Grades 5 -8']",Brochure,0.570292055606842
download,https://holocaust.georgia.gov/document/document/doe-introduction-holocaust/download,332.3KB,332.30078125,2023-08-22 21:02:07,,,,2023-08-22 21:02:07,macOS Version 13.5 (Build 22G74) Quartz PDFContext,3,0,3,PDF 1.4,"['https://holocaust.georgia.gov/grade-7#main-content', 'https://holocaust.georgia.gov/doe-grade-6#main-content', 'https://holocaust.georgia.gov/doe-lesson-plans-support-materials', 'https://holocaust.georgia.gov/grade-7', 'https://holocaust.georgia.gov/grade8', 'https://holocaust.georgia.gov/grade8#main-content', 'https://holocaust.georgia.gov/doe-lesson-plans-support-materials#main-content', 'https://holocaust.georgia.gov/doe-grade-6']",['Introduction\xa0to the Holocaust'],Brochure,0.6812601089477539
download,https://holocaust.georgia.gov/document/document/doe-lesson-plan-grade-6-timeline-activity/download,2.4MB,2439.8564453125,2023-08-22 21:02:07,,,,2023-08-22 21:02:07,macOS Version 13.5 (Build 22G74) Quartz PDFContext,3,0,4,PDF 1.3,"['https://holocaust.georgia.gov/doe-grade-6#main-content', 'https://holocaust.georgia.gov/doe-grade-6']",['Timeline\xa0Activity Grade 6'],Brochure,0.48091670870780945
download,https://holocaust.georgia.gov/document/document/doe-nazi-ideology/download,364.3KB,364.318359375,2023-08-22 21:02:07,,,,2023-08-22 21:02:07,macOS Version 13.5 (Build 22G74) Quartz PDFContext,4,2,4,PDF 1.3,"['https://holocaust.georgia.gov/doe-grade-6#main-content', 'https://holocaust.georgia.gov/doe-grade-6']",['Lesson\xa0Plan - Nazi Ideology'],Brochure,0.528658390045166
download,https://holocaust.georgia.gov/document/document/doe-lesson-plan-nazi-propaganda/download,506.0KB,506.0390625,2023-08-22 21:02:08,,,,2023-08-22 21:02:08,macOS Version 13.5 (Build 22G74) Quartz PDFContext,9,0,14,PDF 1.3,"['https://holocaust.georgia.gov/doe-grade-6#main-content', 'https://holocaust.georgia.gov/doe-lesson-plans-world-history#main-content', 'https://holocaust.georgia.gov/doe-grade-6', 'https://holocaust.georgia.gov/doe-lesson-plans-world-history']","['Lesson\xa0Plan - Nazi Propaganda', 'DOE\xa0Lesson Plan - Nazi Propaganda']",Report,0.3302876949310303
download,https://holocaust.georgia.gov/document/document/doe-lesson-plan-establishment-modern-state-israel/download,4.3MB,4439.7119140625,2023-08-22 21:03:06,,,,2023-08-22 21:03:06,macOS Version 13.5 (Build 22G74) Quartz PDFContext,17,0,43,PDF 1.3,"['https://holocaust.georgia.gov/grade-7#main-content', 'https://holocaust.georgia.gov/grade-7']",['Lesson\xa0Plan - Establishment of the Modern State of Israel'],Report,0.45656144618988037
download,https://holocaust.georgia.gov/document/document/doe-modern-israel/download,5.5MB,5589.8583984375,2023-08-22 21:03:08,,,,2023-08-22 21:03:08,macOS Version 13.5 (Build 22G74) Quartz PDFContext,24,0,36,PDF 1.4,"['https://holocaust.georgia.gov/grade-7#main-content', 'https://holocaust.georgia.gov/grade-7']",['DOE\xa0- Modern Israel'],Slides,0.6645159125328064
download,https://holocaust.georgia.gov/document/document/doe-worksheet-balfour-declaration/download,487.1KB,487.146484375,2023-08-22 21:03:09,,,,2023-08-22 21:03:09,macOS Version 13.5 (Build 22G74) Quartz PDFContext,2,0,3,PDF 1.3,"['https://holocaust.georgia.gov/grade-7#main-content', 'https://holocaust.georgia.gov/grade-7']",['DOE\xa0Worksheet - The Balfour Declaration'],Brochure,0.7271242141723633
download,https://holocaust.georgia.gov/document/document/doe-worksheet-british-mandate/download,425.4KB,425.4296875,2023-08-22 21:03:09,,,,2023-08-22 21:03:09,macOS Version 13.5 (Build 22G74) Quartz PDFContext,2,0,3,PDF 1.3,"['https://holocaust.georgia.gov/grade-7#main-content', 'https://holocaust.georgia.gov/grade-7']",['DOE\xa0Worksheet - The British Mandate'],Brochure,0.7198178768157959
download,https://holocaust.georgia.gov/document/document/doe-8th-grade-critical-thinking-questions/download,82.4KB,82.353515625,2023-08-30 13:02:04,Sally Levine,,,2023-08-30 13:02:04,Microsoft® Word for Microsoft 365,2,0,0,PDF 1.7,"['https://holocaust.georgia.gov/grade8', 'https://holocaust.georgia.gov/grade8#main-content']",['Critical\xa0Thinking Questions'],Letter,0.2569686472415924
download,https://holocaust.georgia.gov/document/document/doe-lesson-plan-grade-8/download,97.5KB,97.47265625,2023-08-30 13:02:04,Sally Levine,,,2023-08-30 13:02:04,Microsoft® Word for Microsoft 365,1,0,1,PDF 1.7,"['https://holocaust.georgia.gov/grade8', 'https://holocaust.georgia.gov/grade8#main-content']",['Grade\xa08 Lesson Plan'],Letter,0.20656228065490723
download,https://holocaust.georgia.gov/document/document/doe-holocaust-overview/download,787.4KB,787.3828125,2023-08-30 13:02:05,Sally Levine,,,2023-08-30 13:02:05,Microsoft® Word for Microsoft 365,4,3,10,PDF 1.7,"['https://holocaust.georgia.gov/grade8', 'https://holocaust.georgia.gov/grade8#main-content']",['Holocaust\xa0Overview'],Brochure,0.623066782951355
download,https://holocaust.georgia.gov/document/document/doe-lesson-plan-georgias-connection-holocaust/download,157.9KB,157.9326171875,2023-08-30 13:02:06,Sally Levine,,,2023-08-30 13:02:06,Microsoft® Word for Microsoft 365,3,0,1,PDF 1.7,"['https://holocaust.georgia.gov/grade8', 'https://holocaust.georgia.gov/grade8#main-content']","[""Lesson\xa0Plan - Georgia's Connection to the Holocaust""]",Brochure,0.47789376974105835
download,https://holocaust.georgia.gov/document/document/doe-creating-museum-exhibit/download,2.5MB,2521.7802734375,2023-08-22 21:04:00,,,,2023-08-22 21:04:00,macOS Version 13.5 (Build 22G74) Quartz PDFContext,2,0,5,PDF 1.3,"['https://holocaust.georgia.gov/doe-lesson-plans-support-materials#main-content', 'https://holocaust.georgia.gov/doe-lesson-plans-support-materials']",['Creating\xa0a Museum Exhibit'],Brochure,0.5559432506561279
download,https://holocaust.georgia.gov/document/document/doe-georgia-standards-excellence-social-studies/download,369.8KB,369.80859375,2023-08-22 21:04:01,,,,2023-08-22 21:04:01,macOS Version 13.5 (Build 22G74) Quartz PDFContext,2,0,2,PDF 1.3,"['https://holocaust.georgia.gov/doe-lesson-plans-support-materials#main-content', 'https://holocaust.georgia.gov/doe-lesson-plans-support-materials']",['Georgia\xa0Standards of Excellence - Social Studies'],Brochure,0.7324510812759399
download,https://holocaust.georgia.gov/document/document/doe-chart-worksheet-fascism-germany/download,289.9KB,289.8642578125,2023-08-22 21:04:03,,,,2023-08-22 21:04:03,macOS Version 13.5 (Build 22G74) Quartz PDFContext,2,2,2,PDF 1.3,"['https://holocaust.georgia.gov/doe-lesson-plans-world-history#main-content', 'https://holocaust.georgia.gov/doe-lesson-plans-world-history']",['DOE\xa0Worksheet - Fascism in Germany'],Brochure,0.6957035064697266
download,https://holocaust.georgia.gov/document/document/doe-chart-worksheet-fascism-italy/download,287.9KB,287.90625,2023-08-22 21:04:03,,,,2023-08-22 21:04:03,macOS Version 13.5 (Build 22G74) Quartz PDFContext,2,2,2,PDF 1.3,"['https://holocaust.georgia.gov/doe-lesson-plans-world-history#main-content', 'https://holocaust.georgia.gov/doe-lesson-plans-world-history']",['DOE\xa0Chart Worksheet - Fascism in Italy'],Brochure,0.6957035064697266
download,https://holocaust.georgia.gov/document/document/doe-exhibit-panel-herbert-kohn/download,213.7KB,213.6943359375,2023-08-30 15:01:09,Sally Levine,,,2023-08-30 15:01:09,Microsoft® Word for Microsoft 365,2,1,4,PDF 1.7,"['https://holocaust.georgia.gov/doe-lesson-plans-georgias-connection-holocaust-gch-biographies', 'https://holocaust.georgia.gov/doe-lesson-plans-georgias-connection-holocaust-gch-biographies#main-content', 'https://holocaust.georgia.gov/doe-lesson-plans-world-history#main-content', 'https://holocaust.georgia.gov/doe-lesson-plans-world-history']","['Herbert\xa0Kohn - Survivor', 'DOE\xa0Bio - Herbert Kohn']",Brochure,0.5843863487243652
download,https://holocaust.georgia.gov/document/document/doe-lesson-plan-fascism/download,732.3KB,732.3056640625,2023-08-22 21:04:04,,,,2023-08-22 21:04:04,macOS Version 13.5 (Build 22G74) Quartz PDFContext,3,1,4,PDF 1.4,"['https://holocaust.georgia.gov/doe-lesson-plans-world-history#main-content', 'https://holocaust.georgia.gov/doe-lesson-plans-world-history']",['DOE\xa0Lesson Plan - Fascism'],Brochure,0.6270861625671387
download,https://holocaust.georgia.gov/document/document/doe-lesson-plan-nazi-ideology-policy/download,740.4KB,740.3583984375,2023-08-22 21:04:04,,,,2023-08-22 21:04:04,macOS Version 13.5 (Build 22G74) Quartz PDFContext,3,0,8,PDF 1.3,"['https://holocaust.georgia.gov/doe-lesson-plans-world-history#main-content', 'https://holocaust.georgia.gov/doe-lesson-plans-world-history']",['DOE\xa0Lesson Plan - Nazi Ideology & Policy'],Brochure,0.5537533760070801
download,https://holocaust.georgia.gov/document/document/doe-lesson-plan-world-history/download,460.4KB,460.439453125,2023-08-22 21:04:05,,,,2023-08-22 21:04:05,macOS Version 13.5 (Build 22G74) Quartz PDFContext,3,1,4,PDF 1.3,"['https://holocaust.georgia.gov/doe-lesson-plans-world-history#main-content', 'https://holocaust.georgia.gov/doe-lesson-plans-world-history']",['DOE\xa0Lesson Plan - World History'],Brochure,0.5986016392707825
download,https://holocaust.georgia.gov/document/document/doe-worksheet-ushmm-propaganda-analysis/download,4.1MB,4149.4052734375,2023-08-22 11:03:06,,,,2015-07-02 16:01:03,Adobe PDF Library 15.0,6,0,7,PDF 1.7,"['https://holocaust.georgia.gov/doe-lesson-plans-world-history#main-content', 'https://holocaust.georgia.gov/doe-lesson-plans-world-history']",['DOE\xa0Worksheet - USHMM Propaganda Analysis'],Policy,0.19598080217838287
C:\pdf\139843.wpd,http://www.legis.ga.gov/Legislation/20132014/139843.pdf,10.8KB,10.83984375,2014-02-17 14:04:09,LMSTask.Service,,,2014-02-17 14:04:09,Acrobat Distiller 9.0.0 (Windows),3,0,0,PDF 1.5,"['https://holocaust.georgia.gov/april-declared-genocide-prevention-and-awareness-month-georgia#main-content', 'https://holocaust.georgia.gov/blog/2014-03-07/april-declared-genocide-prevention-and-awareness-month-georgia', 'https://holocaust.georgia.gov/april-declared-genocide-prevention-and-awareness-month-georgia', 'https://holocaust.georgia.gov/blog/2014-03-07/april-declared-genocide-prevention-and-awareness-month-georgia#main-content']",['House Resolution 1350'],Spreadsheet,0.3051866590976715
download,https://holocaust.georgia.gov/document/document/doe-exhibit-panel-albert-baron/download,231.0KB,230.9775390625,2023-08-30 15:01:04,Sally Levine,,,2023-08-30 15:01:04,Microsoft® Word for Microsoft 365,2,0,4,PDF 1.7,"['https://holocaust.georgia.gov/doe-lesson-plans-georgias-connection-holocaust-gch-biographies', 'https://holocaust.georgia.gov/doe-lesson-plans-georgias-connection-holocaust-gch-biographies#main-content']",['Albert\xa0Baron - Survivor'],Brochure,0.6683332324028015
download,https://holocaust.georgia.gov/document/document/doe-exhibit-panel-ben-walker/download,244.3KB,244.255859375,2023-08-30 15:01:04,Sally Levine,,,2023-08-30 15:01:04,Microsoft® Word for Microsoft 365,2,0,5,PDF 1.7,"['https://holocaust.georgia.gov/doe-lesson-plans-georgias-connection-holocaust-gch-biographies', 'https://holocaust.georgia.gov/doe-lesson-plans-georgias-connection-holocaust-gch-biographies#main-content']",['Ben\xa0Walker - Survivor'],Brochure,0.6721549034118652
download,https://holocaust.georgia.gov/document/document/doe-exhibit-panel-benjamin-hirsch/download,246.1KB,246.099609375,2023-08-30 15:01:05,Sally Levine,,,2023-08-30 15:01:05,Microsoft® Word for Microsoft 365,2,1,4,PDF 1.7,"['https://holocaust.georgia.gov/doe-lesson-plans-georgias-connection-holocaust-gch-biographies', 'https://holocaust.georgia.gov/doe-lesson-plans-georgias-connection-holocaust-gch-biographies#main-content']",['Benjamin\xa0Hirsch - Survivor'],Brochure,0.6721549034118652
download,https://holocaust.georgia.gov/document/document/doe-exhibit-panel-eva-iteld/download,197.1KB,197.0732421875,2023-08-30 15:01:06,Sally Levine,,,2023-08-30 15:01:06,Microsoft® Word for Microsoft 365,2,0,4,PDF 1.7,"['https://holocaust.georgia.gov/doe-lesson-plans-georgias-connection-holocaust-gch-biographies', 'https://holocaust.georgia.gov/doe-lesson-plans-georgias-connection-holocaust-gch-biographies#main-content']",['Eva\xa0Iteld - Survivor'],Brochure,0.5599812269210815
download,https://holocaust.georgia.gov/document/document/doe-exhibit-panel-frank-benson/download,311.2KB,311.16015625,2023-08-30 15:01:06,Sally Levine,,,2023-08-30 15:01:06,Microsoft® Word for Microsoft 365,2,1,5,PDF 1.7,"['https://holocaust.georgia.gov/doe-lesson-plans-georgias-connection-holocaust-gch-biographies', 'https://holocaust.georgia.gov/doe-lesson-plans-georgias-connection-holocaust-gch-biographies#main-content']",['Frank\xa0Benson - Survivor'],Brochure,0.6835936903953552
download,https://holocaust.georgia.gov/document/document/doe-exhibit-panel-george-aigen/download,281.5KB,281.46484375,2023-08-30 15:01:07,Sally Levine,,,2023-08-30 15:01:07,Microsoft® Word for Microsoft 365,3,1,4,PDF 1.7,"['https://holocaust.georgia.gov/doe-lesson-plans-georgias-connection-holocaust-gch-biographies', 'https://holocaust.georgia.gov/doe-lesson-plans-georgias-connection-holocaust-gch-biographies#main-content']",['George\xa0Aigen - Liberator'],Brochure,0.6190124750137329
download,https://holocaust.georgia.gov/document/document/doe-exhibit-panel-henry-birnbrey/download,279.4KB,279.3740234375,2023-08-30 15:01:08,Sally Levine,,,2023-08-30 15:01:08,Microsoft® Word for Microsoft 365,2,0,4,PDF 1.7,"['https://holocaust.georgia.gov/doe-lesson-plans-georgias-connection-holocaust-gch-biographies', 'https://holocaust.georgia.gov/doe-lesson-plans-georgias-connection-holocaust-gch-biographies#main-content']",['Henry\xa0Birnbrey - Survivor & Liberator'],Brochure,0.6971765160560608
download,https://holocaust.georgia.gov/document/document/doe-exhibit-panel-henry-gallant/download,239.9KB,239.9345703125,2023-08-30 15:01:08,Sally Levine,,,2023-08-30 15:01:08,Microsoft® Word for Microsoft 365,2,0,4,PDF 1.7,"['https://holocaust.georgia.gov/doe-lesson-plans-georgias-connection-holocaust-gch-biographies', 'https://holocaust.georgia.gov/doe-lesson-plans-georgias-connection-holocaust-gch-biographies#main-content']",['Henry\xa0Gallant - Survivor'],Brochure,0.6726242303848267
download,https://holocaust.georgia.gov/document/document/doe-exhibit-panel-hershel-greenblat/download,319.3KB,319.30859375,2023-08-30 15:02:00,Sally Levine,,,2023-08-30 15:02:00,Microsoft® Word for Microsoft 365,2,0,4,PDF 1.7,"['https://holocaust.georgia.gov/doe-lesson-plans-georgias-connection-holocaust-gch-biographies', 'https://holocaust.georgia.gov/doe-lesson-plans-georgias-connection-holocaust-gch-biographies#main-content']",['Hershel\xa0Greenblat - Survivor'],Brochure,0.6835936903953552
download,https://holocaust.georgia.gov/document/document/doe-exhibit-panel-john-yates/download,277.7KB,277.734375,2023-08-30 15:02:00,Sally Levine,,,2023-08-30 15:02:00,Microsoft® Word for Microsoft 365,2,0,5,PDF 1.7,"['https://holocaust.georgia.gov/doe-lesson-plans-georgias-connection-holocaust-gch-biographies', 'https://holocaust.georgia.gov/doe-lesson-plans-georgias-connection-holocaust-gch-biographies#main-content']",['John\xa0Yates - Liberator'],Brochure,0.6971765160560608
download,https://holocaust.georgia.gov/document/document/doe-exhibit-panel-lanskys/download,221.0KB,220.9619140625,2023-08-30 15:02:01,Sally Levine,,,2023-08-30 15:02:01,Microsoft® Word for Microsoft 365,2,0,4,PDF 1.7,"['https://holocaust.georgia.gov/doe-lesson-plans-georgias-connection-holocaust-gch-biographies', 'https://holocaust.georgia.gov/doe-lesson-plans-georgias-connection-holocaust-gch-biographies#main-content']",['Lola\xa0& Rubin Lansky - Survivors'],Brochure,0.6507191061973572
download,https://holocaust.georgia.gov/document/document/doe-exhibit-panel-manuela-bornstein/download,217.2KB,217.1962890625,2023-08-31 09:04:09,Sally Levine,,,2023-08-31 09:04:09,Microsoft® Word for Microsoft 365,2,3,4,PDF 1.7,"['https://holocaust.georgia.gov/doe-lesson-plans-georgias-connection-holocaust-gch-biographies', 'https://holocaust.georgia.gov/doe-lesson-plans-georgias-connection-holocaust-gch-biographies#main-content']",['Manuela\xa0Bornstein - Survivor'],Brochure,0.5823303461074829
download,https://holocaust.georgia.gov/document/document/doe-exhibit-panel-murray-lynn/download,246.1KB,246.12890625,2023-08-31 09:05:00,Sally Levine,,,2023-08-31 09:05:00,Microsoft® Word for Microsoft 365,3,1,4,PDF 1.7,"['https://holocaust.georgia.gov/doe-lesson-plans-georgias-connection-holocaust-gch-biographies', 'https://holocaust.georgia.gov/doe-lesson-plans-georgias-connection-holocaust-gch-biographies#main-content']",['Murray\xa0Lynn - Survivor'],Brochure,0.5990830063819885
download,https://holocaust.georgia.gov/document/document/doe-exhibit-panel-tosia-schneider/download,256.8KB,256.763671875,2023-08-31 09:05:00,Sally Levine,,,2023-08-31 09:05:00,Microsoft® Word for Microsoft 365,2,1,4,PDF 1.7,"['https://holocaust.georgia.gov/doe-lesson-plans-georgias-connection-holocaust-gch-biographies', 'https://holocaust.georgia.gov/doe-lesson-plans-georgias-connection-holocaust-gch-biographies#main-content']",['Tosia\xa0Schneider - Survivor'],Brochure,0.6918662786483765
download,https://holocaust.georgia.gov/document/document/doe-exhibit-panel-wm-alexander-scott-iii/download,309.9KB,309.9423828125,2023-08-31 09:05:01,Sally Levine,,,2023-08-31 09:05:01,Microsoft® Word for Microsoft 365,3,0,5,PDF 1.7,"['https://holocaust.georgia.gov/doe-lesson-plans-georgias-connection-holocaust-gch-biographies', 'https://holocaust.georgia.gov/doe-lesson-plans-georgias-connection-holocaust-gch-biographies#main-content']",['William\xa0Alexander Scott III - Liberator'],Brochure,0.6093569397926331
download,https://holocaust.georgia.gov/document/publication/what-were-we-watching-atlanta-promotional-flyerpdf/download,497.5KB,497.4833984375,2019-03-22 11:05:05,Alex Lemon,,,2019-03-22 11:05:05,Microsoft® Word 2016,1,2,1,PDF 1.7,"['https://holocaust.georgia.gov/events/2019-05-14/what-were-we-watching#main-content', 'https://holocaust.georgia.gov/events/2019-05-14/what-were-we-watching']",['What\xa0Were We Watching Atlanta Promotional Flyer.pdf'],Diagram,0.7742716670036316
