file_name,url,file_size,file_size_kilobytes,last_modified_date,author,subject,keywords,creation_date,producer,number_of_pages,number_of_tables,number_of_images,version,source,text_around_link,predicted_category,predicted_category_confidence
Elder Abuse Investigation Checklist,https://investigative-gbi.georgia.gov/document/document/risk-adult-abuse-investigation-checklistpdf/download,162.6KB,162.619140625,2020-07-13 15:05:06,"King, Pat S",,,2020-07-13 15:05:06,Microsoft® Word for Office 365,2,1,0,PDF 1.7,"['https://investigative-gbi.georgia.gov/investigative-offices-and-services/other-services/risk-adult-abuse', 'https://investigative-gbi.georgia.gov/investigative-offices-and-services/other-services/risk-adult-abuse#main-content']",['At-Risk\xa0Adult Investigations Checklist'],Brochure,0.42623433470726013
download,https://investigative-gbi.georgia.gov/document/publication/gane-app-law-enforcementpdf/download,578.9KB,578.8515625,2016-09-07 12:04:07,,,,2016-06-06 08:03:02,Adobe PDF Library 15.0,2,2,6,PDF 1.5,"['https://investigative-gbi.georgia.gov/investigative-offices-and-services/other-services/risk-adult-abuse', 'https://investigative-gbi.georgia.gov/investigative-offices-and-services/other-services/risk-adult-abuse#main-content']",['GANE\xa0App for Law Enforcement.pdf'],Brochure,0.6832773089408875
download,https://investigative-gbi.georgia.gov/document/document/laws-relating-risk-adults/download,86.5KB,86.533203125,2020-07-07 10:04:07,"Strickland, Heather",,,2020-07-07 10:04:07,Microsoft® Word for Office 365,1,1,0,PDF 1.7,"['https://investigative-gbi.georgia.gov/investigative-offices-and-services/other-services/risk-adult-abuse', 'https://investigative-gbi.georgia.gov/investigative-offices-and-services/other-services/risk-adult-abuse#main-content']",['Laws\xa0Relating to At-Risk Adults'],Spreadsheet,0.22302022576332092
download,https://investigative-gbi.georgia.gov/document/document/unlicensed-facility-exploitation-checklist/download,197.8KB,197.76953125,2020-07-13 13:05:06,Pat King,,,2020-07-13 13:05:06,Microsoft® Word for Office 365,2,0,0,PDF 1.7,"['https://investigative-gbi.georgia.gov/investigative-offices-and-services/other-services/risk-adult-abuse', 'https://investigative-gbi.georgia.gov/investigative-offices-and-services/other-services/risk-adult-abuse#main-content']",['Unlicensed\xa0Facility Exploitation Checklist'],Brochure,0.48579490184783936
ID1-23Feb2002final,https://investigative-gbi.georgia.gov/document/document/ftc-identity-theft-information-and-forms/download,808.1KB,808.1025390625,2002-10-01 10:04:09,criley,ID1-23Feb2002final,,2002-08-15 14:02:06,Acrobat Distiller 5.0 (Windows),37,5,0,PDF 1.4,"['https://investigative-gbi.georgia.gov/investigative-offices-and-services/other-services/identity-theft#main-content', 'https://investigative-gbi.georgia.gov/investigative-offices-and-services/other-services/identity-theft']",['FTC\n \nIdentity Theft Information and Forms'],Report,0.6479931473731995
download,https://investigative-gbi.georgia.gov/document/document/lifelock-optout-lawenforcement/download,195.9KB,195.9091796875,2009-12-16 12:05:07,,,,2009-12-16 12:05:07,Adobe PDF Library 8.0,4,0,0,PDF 1.4,"['https://investigative-gbi.georgia.gov/other-services/identity-theft/iacp-tool-kits#main-content', 'https://investigative-gbi.georgia.gov/other-services/identity-theft/iacp-tool-kits']",['Lifelock\n \nOptOut for LawEnforcement'],Brochure,0.5359455943107605
download,https://investigative-gbi.georgia.gov/document/document/iacp-police-toolkitpdf/download,3.1MB,3153.6025390625,2007-10-26 09:05:03,,,,2007-10-25 18:05:08,Creo Normalizer JTP,36,0,22,PDF 1.6,"['https://investigative-gbi.georgia.gov/other-services/identity-theft/iacp-tool-kits#main-content', 'https://investigative-gbi.georgia.gov/other-services/identity-theft/iacp-tool-kits']",['IACP\n \nPolice Toolkit'],Report,0.6307297348976135
download,https://investigative-gbi.georgia.gov/document/document/iacp-victim-prevention-toolkitpdf/download,2.1MB,2196.7998046875,2007-10-26 10:02:04,,,,2007-10-25 18:00:09,Creo Normalizer JTP,16,0,20,PDF 1.6,"['https://investigative-gbi.georgia.gov/other-services/identity-theft/iacp-tool-kits#main-content', 'https://investigative-gbi.georgia.gov/other-services/identity-theft/iacp-tool-kits']",['IACP\n \nVictim Prevention Toolkit'],Report,0.38811928033828735
download,https://investigative-gbi.georgia.gov/document/document/iacp-victim-recovery-toolkitpdf/download,2.3MB,2387.3818359375,2007-10-26 10:02:05,,,,2007-10-25 18:01:00,Creo Normalizer JTP,16,0,26,PDF 1.6,"['https://investigative-gbi.georgia.gov/other-services/identity-theft/iacp-tool-kits#main-content', 'https://investigative-gbi.georgia.gov/other-services/identity-theft/iacp-tool-kits']",['IACP\n \nVictim Recovery Toolkit'],Report,0.33832046389579773
download,https://investigative-gbi.georgia.gov/document/document/ftc-affidavit/download,236.7KB,236.6513671875,2007-04-04 13:05:01,,,,2007-04-04 13:05:01,Adobe PDF Library 7.0,8,3,0,PDF 1.4,"['https://investigative-gbi.georgia.gov/other-services/identity-theft/victims-what-do/step-2-contact-credit-report-agencies#main-content', 'https://investigative-gbi.georgia.gov/other-services/identity-theft/victims-what-do/step-2-contact-credit-report-agencies']",['FTC\xa0AFFIDAVIT'],Policy,0.2688717842102051
download,https://investigative-gbi.georgia.gov/document/document/gbi-609e-request-formpdf/download,31.7KB,31.73828125,2009-10-13 16:02:04,Terry Sosebee,,,2009-10-13 16:02:04,Acrobat Distiller 8.1.0 (Windows),4,0,0,PDF 1.4,"['https://investigative-gbi.georgia.gov/step-3-contact-banking-and-credit-card-companies#main-content', 'https://investigative-gbi.georgia.gov/step-3-contact-banking-and-credit-card-companies']",['GBI\xa0609(e) Request Form.pdf'],Form,0.6804714798927307
Form 14039 (Rev. 5-2024),http://www.irs.gov/pub/irs-pdf/f14039.pdf,98.6KB,98.6337890625,2024-11-04 09:00:05,SE:W:CAS:AM:IPSO:IP,Identity Theft Affidavit,,2024-11-04 09:00:05,Designer 6.5,2,7,0,PDF 1.7,"['https://investigative-gbi.georgia.gov/step-5-other-helpful-resources', 'https://investigative-gbi.georgia.gov/step-5-other-helpful-resources#main-content']",['Form 14039'],Form,0.9922826886177063
