file_name,url,file_size,file_size_kilobytes,last_modified_date,author,subject,keywords,creation_date,producer,number_of_pages,number_of_tables,number_of_images,version,source,text_around_link,predicted_category,predicted_category_confidence
Microsoft Word - App Info Sheet,https://jpc.georgia.gov/document/document/membership-application/download,1.8MB,1828.83203125,2023-06-09 10:04:04,aarmstrong,,,2020-09-10 09:05:02,Microsoft: Print To PDF,3,2,0,PDF 1.7,"['https://jpc.georgia.gov/join-fund', 'https://jpc.georgia.gov/join-fund#main-content']",['Probate\xa0Judges Application Packet.pdf'],Form,0.7637006044387817
download,https://jpc.georgia.gov/document/form/ach-form/download,191.9KB,191.9462890625,2021-08-26 11:02:03,Aleah Armstrong,,,2020-09-17 08:02:00,Adobe PDF Library 20.12.75,1,0,0,PDF 1.6,"['https://jpc.georgia.gov/join-fund/dues-information#main-content', 'https://jpc.georgia.gov/join-fund/dues-information']",['Automatic\n \nWithdrawal Authorization Form'],Form,0.657173216342926
Microsoft Word - Payroll Deduction Form,https://jpc.georgia.gov/document/form/payroll-deduction-authorization/download,970.6KB,970.556640625,2023-01-11 13:05:00,aarmstrong,,,2023-01-11 13:05:00,Microsoft: Print To PDF,1,0,0,PDF 1.7,"['https://jpc.georgia.gov/join-fund/dues-information#main-content', 'https://jpc.georgia.gov/join-fund/dues-information']",['Payroll\n \nDeduction Form'],Form,0.9850420355796814
Microsoft Word - Refund Request Form,https://jpc.georgia.gov/document/form/refund-request-form/download,355.9KB,355.8505859375,2023-06-09 14:01:01,aarmstrong,,,2023-06-09 14:01:01,Microsoft: Print To PDF,1,0,0,PDF 1.7,"['https://jpc.georgia.gov/join-fund/dues-information#main-content', 'https://jpc.georgia.gov/join-fund/dues-information']",['Refund\xa0Request Form'],Form,0.9726331830024719
Microsoft Word - Pre-Retirement Option Choice - 2 Choices,https://jpc.georgia.gov/media/1686/download,192.6KB,192.6494140625,2023-06-09 10:04:02,aarmstrong,,,2023-06-01 11:03:04,Acrobat Distiller 23.0 (Windows),1,2,0,PDF 1.6,"['https://jpc.georgia.gov/benefits/pre-retirement-survivor-designation#main-content', 'https://jpc.georgia.gov/benefits/pre-retirement-survivor-designation']",['Pre-Retirement\n \nOption Choice Form'],Form,0.846932590007782
Monthly Probate Remittance Master.xlsx,https://jpc.georgia.gov/document/form/remittance-form/download,100.2KB,100.158203125,2022-01-10 09:05:09,gjones,,,2022-01-10 09:05:09,Acrobat Distiller 21.0 (Windows),1,1,0,PDF 1.6,"['https://jpc.georgia.gov/courts', 'https://jpc.georgia.gov/courts#main-content']",['Monthly\xa0Remittance Form'],Form,0.5143861770629883
JPC  2024 Annual Report,https://jpc.georgia.gov/document/2024-financial-statements/fy-2024-annual-report/download,5.9MB,6049.37890625,2024-11-15 19:02:04,Aleah Armstrong,,"DAGSV2okFHU,BADxChs68nY",2024-11-15 19:02:04,Canva,16,0,17,PDF 1.4,"['https://jpc.georgia.gov/organization/purpose/financial-statements#main-content', 'https://jpc.georgia.gov/organization/purpose/financial-statements']",['FY\xa02024 Annual Report'],Report,0.9745573997497559
A9ueut0c_1c66my8_ic8.tmp,https://jpc.georgia.gov/document/2023-financial-statements/fye-2023-audit-report/download,1.1MB,1127.8642578125,2024-07-23 12:02:08,DOAA,,,2024-07-23 12:02:07,Acrobat Distiller 24.0 (Windows),32,0,9,PDF 1.6,"['https://jpc.georgia.gov/organization/purpose/financial-statements#main-content', 'https://jpc.georgia.gov/organization/purpose/financial-statements']",['FYE\xa02023 Audit Report'],Report,0.9525506496429443
FAD-23-949-G68.pdf,https://jpc.georgia.gov/document/2023-financial-statements/fye-2023-gasb-audit-report/download,1.1MB,1167.1455078125,2024-07-23 12:04:01,Catherine Greene,,,2024-07-23 12:04:00,Acrobat Distiller 24.0 (Windows),12,0,8,PDF 1.6,"['https://jpc.georgia.gov/organization/purpose/financial-statements#main-content', 'https://jpc.georgia.gov/organization/purpose/financial-statements']",['FYE\xa02023 GASB Audit Report'],Report,0.9817033410072327
JPC - 2023 Annual Report ,https://jpc.georgia.gov/document/2023-financial-statements/2023-annual-report/download,8.8MB,9058.380859375,2023-09-12 14:05:06,Aleah Armstrong,,"DAFj73IYPls,BADxChs68nY",2023-09-12 14:05:06,Canva,12,3,25,PDF 1.4,"['https://jpc.georgia.gov/news/2023-10-13/2023-annual-report', 'https://jpc.georgia.gov/news/2023-10-13/2023-annual-report#main-content', 'https://jpc.georgia.gov/organization/purpose/financial-statements#main-content', 'https://jpc.georgia.gov/organization/purpose/financial-statements']","['FY\n \n2023 Annual Report', '2023\xa0Annual Report']",Report,0.9793850183486938
download,https://jpc.georgia.gov/document/2022-financial-statements/fy2022-audit-report/download,488.8KB,488.798828125,2023-06-20 13:04:00,DOAA,,,2023-06-20 11:05:00,Adobe Acrobat Pro (32-bit) 23.1.20174,32,0,5,PDF 1.7,"['https://jpc.georgia.gov/organization/purpose/financial-statements#main-content', 'https://jpc.georgia.gov/organization/purpose/financial-statements']",['FY2022\xa0Audit Report'],Report,0.9735573530197144
download,https://jpc.georgia.gov/document/2022-financial-statements/fy2022-gasb-schedule/download,707.0KB,707.0185546875,2023-06-21 09:04:02,Catherine Greene,,,2023-06-20 11:04:04,Adobe Acrobat Pro (32-bit) 23.1.20174,12,0,4,PDF 1.7,"['https://jpc.georgia.gov/organization/purpose/financial-statements#main-content', 'https://jpc.georgia.gov/organization/purpose/financial-statements']",['FY2022\xa0GASB Schedule'],Report,0.25017446279525757
download,https://jpc.georgia.gov/document/2022-financial-statements/2022-annual-report/download,461.0KB,460.9580078125,2022-09-16 14:03:07,Brandt Barlow,,,2022-09-16 14:03:01,Adobe PDF Library 22.2.244,5,4,8,PDF 1.6,"['https://jpc.georgia.gov/organization/purpose/financial-statements#main-content', 'https://jpc.georgia.gov/organization/purpose/financial-statements']",['2022\xa0Annual Report'],Report,0.9639392495155334
download,https://jpc.georgia.gov/document/2021-financial-statements/fy2021-audit-report/download,625.7KB,625.7138671875,,,,,2022-05-19 10:04:05,PDFium,37,0,5,PDF 1.7,"['https://jpc.georgia.gov/organization/purpose/financial-statements#main-content', 'https://jpc.georgia.gov/organization/purpose/financial-statements']",['FY2021\xa0Audit Report'],Report,0.972878634929657
download,https://jpc.georgia.gov/document/2021-financial-statements/fy2021-gasb-schedule/download,580.7KB,580.701171875,,,,,2022-05-19 10:04:04,PDFium,11,0,4,PDF 1.7,"['https://jpc.georgia.gov/organization/purpose/financial-statements#main-content', 'https://jpc.georgia.gov/organization/purpose/financial-statements']",['FY2021\xa0GASB Schedule'],Spreadsheet,0.2515938878059387
Microsoft Word - Judges of the Probate Courts Retirement Fund of Georgia Financial Statements FY 2020,https://jpc.georgia.gov/document/2020-financial-statements/fy2020-audit-report/download,697.8KB,697.82421875,2021-08-11 10:02:03,delvallen,,,2021-08-11 10:01:09,Acrobat Distiller 21.0 (Windows),32,1,3,PDF 1.6,"['https://jpc.georgia.gov/organization/purpose/financial-statements#main-content', 'https://jpc.georgia.gov/organization/purpose/financial-statements']",['FY2020\xa0Audit Report'],Report,0.9371098279953003
Microsoft Word - Judges of the Probate Courts Retirement Fund of Georgia GASB 68 Audit Report FY 2020,https://jpc.georgia.gov/document/2020-financial-statements/fy2020-gasb68-schedule/download,241.2KB,241.2001953125,2021-08-11 10:02:06,delvallen,,,2021-08-11 10:02:05,Acrobat Distiller 21.0 (Windows),11,0,1,PDF 1.6,"['https://jpc.georgia.gov/organization/purpose/financial-statements#main-content', 'https://jpc.georgia.gov/organization/purpose/financial-statements']",['FY2020\xa0GASB68 Schedule'],Report,0.9734722375869751
Microsoft Word - JPC 2019 Financial Statements - 4.13.2020,https://jpc.georgia.gov/document/2019-financial-statements/fy2019-audit-report/download,680.5KB,680.4794921875,2020-05-19 09:00:07,bakers,,,2020-05-12 17:01:01,Acrobat Distiller 20.0 (Windows),38,0,3,PDF 1.6,"['https://jpc.georgia.gov/organization/purpose/financial-statements#main-content', 'https://jpc.georgia.gov/organization/purpose/financial-statements']",['FY2019\xa0Audit Report'],Report,0.9747142195701599
Microsoft Word - FY 19 JPC GASB 68 Cover Page,https://jpc.georgia.gov/document/2019-financial-statements/fy2019-gasb68-schedule/download,569.9KB,569.9072265625,2020-05-15 09:02:03,,,,2020-04-29 16:01:05,Amyuni PDF Converter version 6.0.1.5a,13,0,1,PDF 1.7,"['https://jpc.georgia.gov/organization/purpose/financial-statements#main-content', 'https://jpc.georgia.gov/organization/purpose/financial-statements']",['FY2019\xa0GASB68 Schedule'],Report,0.5493952035903931
download,https://jpc.georgia.gov/document/2018-financial-statements/fy2018-audit-report/download,1.2MB,1258.8388671875,2019-06-10 14:02:03,,,,2019-06-10 14:01:05,Xerox Color C70,40,0,40,PDF 1.4,"['https://jpc.georgia.gov/organization/purpose/financial-statements#main-content', 'https://jpc.georgia.gov/organization/purpose/financial-statements']",['FY2018\xa0Audit Report'],Report,0.9700333476066589
download,https://jpc.georgia.gov/document/2018-financial-statements/fy2018-gasb68-schedule/download,552.3KB,552.279296875,2019-06-10 14:00:06,,,,2019-06-10 13:02:09,Xerox Color C70,11,0,11,PDF 1.4,"['https://jpc.georgia.gov/organization/purpose/financial-statements#main-content', 'https://jpc.georgia.gov/organization/purpose/financial-statements']",['FY2018\xa0GASB68 Schedule'],Spreadsheet,0.2511226534843445
Judges of the Probate Courts Retirement Fund of Georgia Fiscal Year 2017 Audit Report,https://jpc.georgia.gov/document/2017-financial-statements/fy2017-audit-report/download,554.6KB,554.56640625,2018-04-30 07:01:03,DOAA,Audit Report,"fy17, fiscal year 2017, audit report, judges, probate, courts, retirement, fund, Georgia",2018-04-30 06:05:02,Foxit PhantomPDF Printer Version 8.0.2.0718,43,0,4,PDF 1.7,"['https://jpc.georgia.gov/organization/purpose/financial-statements#main-content', 'https://jpc.georgia.gov/organization/purpose/financial-statements']",['FY2017\xa0Audit Report'],Report,0.9584906101226807
Judges of the Probate Courts Retirement Fund of Georgia Fiscal Year 2017 GASB Audit Report,https://jpc.georgia.gov/document/2017-financial-statements/fy2017-gasb68-schedule/download,528.7KB,528.7109375,2018-06-01 16:01:08,DOAA,GASB 68 Audit Report,"judges, probate, courts, retirement, fund, georgia, fiscal year 2017, gasb 68, audit, report",2018-06-01 16:01:05,Foxit PhantomPDF Printer Version 8.0.2.0718,10,0,0,PDF 1.7,"['https://jpc.georgia.gov/organization/purpose/financial-statements#main-content', 'https://jpc.georgia.gov/organization/purpose/financial-statements']",['FY2017\xa0GASB68 Schedule'],Report,0.9621339440345764
Judges of the Probate Courts Retirement Fund of Georgia Fiscal Year 2016 Audit Report,https://jpc.georgia.gov/document/2016-financial-statements/fy2016-audit-report/download,1.2MB,1198.08203125,2017-07-20 07:02:02,DOAA,Audit Report,"judges, probate, courts, retirement, fund, FY16, 2016, pension, georgia, audit, fiscal year 2016, audit, report",2017-07-14 09:03:04,Adobe Acrobat Pro 11.0.19 Paper Capture Plug-in,40,0,40,PDF 1.6,"['https://jpc.georgia.gov/organization/purpose/financial-statements#main-content', 'https://jpc.georgia.gov/organization/purpose/financial-statements']",['FY2016\xa0Audit Report'],Report,0.9635851383209229
download,https://jpc.georgia.gov/document/2016-financial-statements/fy2016-gasb68-schedule/download,568.4KB,568.4111328125,2017-07-14 09:02:08,,,,2017-07-14 09:02:05,Adobe PSL 1.2e for Canon,10,0,21,PDF 1.7,"['https://jpc.georgia.gov/organization/purpose/financial-statements#main-content', 'https://jpc.georgia.gov/organization/purpose/financial-statements']",['FY2016\xa0GASB68 Schedule'],Spreadsheet,0.23419643938541412
download,https://jpc.georgia.gov/document/2015-financial-statements/fy2015-audit-report/download,1.1MB,1128.90234375,,,,,2021-03-08 15:02:04, ,30,0,30,PDF 1.3,"['https://jpc.georgia.gov/organization/purpose/financial-statements#main-content', 'https://jpc.georgia.gov/organization/purpose/financial-statements']",['FY2015\xa0Audit Report'],Report,0.950812816619873
download,https://jpc.georgia.gov/document/2015-financial-statements/fy2015-gasb68-schedule/download,299.4KB,299.3505859375,2016-09-30 14:03:00,,,,2016-09-23 14:04:04,Canon iR2545,10,0,10,PDF 1.7,"['https://jpc.georgia.gov/organization/purpose/financial-statements#main-content', 'https://jpc.georgia.gov/organization/purpose/financial-statements']",['FY2015\xa0GASB68 Schedule'],Spreadsheet,0.37060922384262085
download,https://jpc.georgia.gov/document/2014-financial-statements/fy2014-gasb68-schedule/download,779.7KB,779.7314453125,2015-10-21 13:05:03,,,,2015-10-09 14:05:04,Foxit PhantomPDF Printer Version 7.1.0.112,9,0,1,PDF 1.7,"['https://jpc.georgia.gov/organization/purpose/financial-statements#main-content', 'https://jpc.georgia.gov/organization/purpose/financial-statements']",['FY2014\xa0GASB68 Schedule'],Spreadsheet,0.22577959299087524
download,https://jpc.georgia.gov/document/2014-financial-statements/fy2014-audit-report/download,1.2MB,1232.4306640625,,,,,2021-03-08 15:02:05, ,38,0,38,PDF 1.3,"['https://jpc.georgia.gov/organization/purpose/financial-statements#main-content', 'https://jpc.georgia.gov/organization/purpose/financial-statements']",['FY2014\xa0Audit Report'],Report,0.9680524468421936
Microsoft Word - 5-8-24 Probate Agenda,https://jpc.georgia.gov/document/agenda/agenda-05082025/download,433.7KB,433.6552734375,2025-05-06 10:04:01,Jebby Votaw,,,2025-05-06 09:02:03,Microsoft: Print To PDF,1,0,0,PDF 1.7,"['https://jpc.georgia.gov/organization/purpose/board-meetings#main-content', 'https://jpc.georgia.gov/organization/purpose/board-meetings']",['Agenda\xa005/08/2025'],Agenda,0.9467714428901672
download,https://jpc.georgia.gov/document/2024-minutes/minutes-11142024/download,2.0MB,2070.5908203125,,,,,2025-02-14 11:01:05,,3,0,3,PDF 1.3,"['https://jpc.georgia.gov/organization/purpose/board-meetings#main-content', 'https://jpc.georgia.gov/past-board-meeting-minutes#main-content', 'https://jpc.georgia.gov/past-board-meeting-minutes', 'https://jpc.georgia.gov/organization/purpose/board-meetings']",['Minutes\xa011/14/2024'],Policy,0.23992884159088135
download,https://jpc.georgia.gov/document/2024-minutes/minutes-882024/download,1.5MB,1553.806640625,,,,,2024-11-15 07:05:00,,2,0,2,PDF 1.3,"['https://jpc.georgia.gov/organization/purpose/board-meetings#main-content', 'https://jpc.georgia.gov/past-board-meeting-minutes#main-content', 'https://jpc.georgia.gov/past-board-meeting-minutes', 'https://jpc.georgia.gov/organization/purpose/board-meetings']",['Minutes\xa08/8/2024'],Brochure,0.26060137152671814
download,https://jpc.georgia.gov/document/2024-minutes/minutes-05092024/download,1.7MB,1770.8544921875,,,,,2024-08-12 09:03:03,,3,0,3,PDF 1.3,"['https://jpc.georgia.gov/organization/purpose/board-meetings#main-content', 'https://jpc.georgia.gov/past-board-meeting-minutes#main-content', 'https://jpc.georgia.gov/past-board-meeting-minutes', 'https://jpc.georgia.gov/organization/purpose/board-meetings']",['Minutes\xa005/09/2024'],Policy,0.2481023371219635
download,https://jpc.georgia.gov/document/2024-minutes/minutes-02082024/download,2.3MB,2371.5390625,,,,,2024-05-14 11:01:09,,3,0,3,PDF 1.3,"['https://jpc.georgia.gov/organization/purpose/board-meetings#main-content', 'https://jpc.georgia.gov/past-board-meeting-minutes#main-content', 'https://jpc.georgia.gov/past-board-meeting-minutes', 'https://jpc.georgia.gov/organization/purpose/board-meetings']",['Minutes\xa002/08/2024'],Policy,0.23654234409332275
download,https://jpc.georgia.gov/document/2024-minutes/minutes-01042024-special-called-meeting/download,321.1KB,321.13671875,,,,,2024-02-08 12:02:07,,1,0,1,PDF 1.3,"['https://jpc.georgia.gov/organization/purpose/board-meetings#main-content', 'https://jpc.georgia.gov/past-board-meeting-minutes#main-content', 'https://jpc.georgia.gov/past-board-meeting-minutes', 'https://jpc.georgia.gov/organization/purpose/board-meetings']",['Minutes\xa001/04/2024 - Special Called Meeting'],Diagram,0.6840351819992065
download,https://jpc.georgia.gov/document/form/probate-judges-change-information-formpdf/download,163.8KB,163.84375,2021-08-26 11:02:09,Aleah Armstrong,,,2020-09-17 08:02:00,Adobe PDF Library 20.12.75,1,0,0,PDF 1.6,"['https://jpc.georgia.gov/change-my-personal-information-name-address', 'https://jpc.georgia.gov/change-my-personal-information-name-address#main-content']",['Probate\xa0Judges Change of Information form.pdf'],Form,0.5141987204551697
download,https://jpc.georgia.gov/document/2023-minutes/minutes-11092023/download,878.3KB,878.3076171875,,,,,2024-02-08 12:02:08,,3,0,3,PDF 1.3,"['https://jpc.georgia.gov/past-board-meeting-minutes#main-content', 'https://jpc.georgia.gov/past-board-meeting-minutes']",['Minutes\xa011/09/2023'],Brochure,0.5766249895095825
download,https://jpc.georgia.gov/document/2023-minutes/minutes-08102023/download,846.7KB,846.736328125,,,,,2023-11-09 14:00:04,,3,0,3,PDF 1.3,"['https://jpc.georgia.gov/past-board-meeting-minutes#main-content', 'https://jpc.georgia.gov/past-board-meeting-minutes']",['Minutes\xa008/10/2023'],Brochure,0.5771614909172058
download,https://jpc.georgia.gov/document/2023-minutes/minutes-05112023/download,808.3KB,808.3232421875,,,,,2023-08-10 12:00:05,,3,0,3,PDF 1.3,"['https://jpc.georgia.gov/past-board-meeting-minutes#main-content', 'https://jpc.georgia.gov/past-board-meeting-minutes']",['Minutes\xa005/11/2023'],Brochure,0.5646591782569885
download,https://jpc.georgia.gov/document/2023-minutes/04032023-investment-managers-meeting/download,253.4KB,253.4111328125,,,,,2023-05-11 14:03:01,,1,0,1,PDF 1.3,"['https://jpc.georgia.gov/past-board-meeting-minutes#main-content', 'https://jpc.georgia.gov/past-board-meeting-minutes']",['04/03/2023\xa0Investment Managers Meeting'],Notice,0.3419875204563141
download,https://jpc.georgia.gov/document/2023-minutes/minutes-02092023/download,1.3MB,1290.7412109375,,,,,2023-05-11 14:03:00,,4,0,4,PDF 1.3,"['https://jpc.georgia.gov/past-board-meeting-minutes#main-content', 'https://jpc.georgia.gov/past-board-meeting-minutes']",['Minutes\xa002/09/2023'],Brochure,0.6075777411460876
download,https://jpc.georgia.gov/document/2022-minutes/minutes-11102022/download,788.5KB,788.513671875,2023-02-10 09:05:04,,,,2023-02-10 07:04:04,,3,0,3,PDF 1.3,"['https://jpc.georgia.gov/past-board-meeting-minutes#main-content', 'https://jpc.georgia.gov/past-board-meeting-minutes']",['Minutes\xa011/10/2022'],Brochure,0.5623658299446106
download,https://jpc.georgia.gov/document/2022-minutes/minutes-08112022/download,817.6KB,817.611328125,,,,,2022-11-14 15:03:04,,3,0,3,PDF 1.3,"['https://jpc.georgia.gov/past-board-meeting-minutes#main-content', 'https://jpc.georgia.gov/past-board-meeting-minutes']",['Minutes\xa008/11/2022'],Brochure,0.5630142688751221
download,https://jpc.georgia.gov/document/2022-minutes/minutes-05122022/download,797.7KB,797.7421875,,,,,2022-08-11 12:02:02,,3,0,3,PDF 1.3,"['https://jpc.georgia.gov/past-board-meeting-minutes#main-content', 'https://jpc.georgia.gov/past-board-meeting-minutes']",['Minutes\xa005/12/2022'],Brochure,0.5646591782569885
Full page photo,https://jpc.georgia.gov/document/2022-minutes/minutes-02102022/download,1.3MB,1344.470703125,2022-05-16 15:02:04,jvotaw,,,2022-05-16 15:02:04,Microsoft: Print To PDF,2,0,14,PDF 1.7,"['https://jpc.georgia.gov/past-board-meeting-minutes#main-content', 'https://jpc.georgia.gov/past-board-meeting-minutes']",['Minutes\xa002/10/2022'],Brochure,0.6714285016059875
download,https://jpc.georgia.gov/document/2021-minutes/minutes-05132021/download,209.0KB,209.0322265625,2021-06-09 15:05:01,,,,2021-05-13 17:04:08,,3,0,3,PDF 1.6,"['https://jpc.georgia.gov/past-board-meeting-minutes#main-content', 'https://jpc.georgia.gov/past-board-meeting-minutes']",['Minutes\xa002/11/2021'],Brochure,0.41920873522758484
download,https://jpc.georgia.gov/document/2021-minutes/minutes-05132021-0/download,132.3KB,132.34765625,2108-01-07 12:47:36,,,,2108-01-07 12:47:36,,3,0,3,PDF 1.5,"['https://jpc.georgia.gov/past-board-meeting-minutes#main-content', 'https://jpc.georgia.gov/past-board-meeting-minutes']",['Minutes\xa005/13/2021'],Policy,0.40010541677474976
download,https://jpc.georgia.gov/document/2021-minutes/minutes-08122021/download,916.6KB,916.638671875,2111-12-14 06:05:06,,,,2111-12-14 06:05:06,,3,0,3,PDF 1.5,"['https://jpc.georgia.gov/past-board-meeting-minutes#main-content', 'https://jpc.georgia.gov/past-board-meeting-minutes']",['Minutes\xa008/12/2021'],Brochure,0.5764629244804382
ScanImage.pdf,https://jpc.georgia.gov/document/2021-minutes/minutes-11102021/download,821.9KB,821.90625,2022-02-18 15:00:04,jvotaw,,,2022-02-18 10:00:04,Microsoft: Print To PDF,3,0,16,PDF 1.7,"['https://jpc.georgia.gov/past-board-meeting-minutes#main-content', 'https://jpc.georgia.gov/past-board-meeting-minutes']",['Minutes\xa011/10/2021'],Brochure,0.5630142688751221
download,https://jpc.georgia.gov/document/2020-minutes/minutes-02132020/download,189.4KB,189.3623046875,2005-01-09 14:05:44,,,,2005-01-09 14:05:44,,3,0,3,PDF 1.5,"['https://jpc.georgia.gov/past-board-meeting-minutes#main-content', 'https://jpc.georgia.gov/past-board-meeting-minutes']",['Minutes\xa002/13/2020'],Brochure,0.40957924723625183
download,https://jpc.georgia.gov/document/2020-minutes/minutes-05142020/download,380.4KB,380.4296875,2008-01-04 13:31:37,,,,2008-01-04 13:31:37,,2,0,2,PDF 1.5,"['https://jpc.georgia.gov/past-board-meeting-minutes#main-content', 'https://jpc.georgia.gov/past-board-meeting-minutes']",['Minutes\xa005/14/2020'],Brochure,0.624361515045166
download,https://jpc.georgia.gov/document/2020-minutes/minutes-08132020/download,56.4KB,56.390625,2011-01-07 14:31:05,,,,2011-01-07 14:31:05,,3,0,3,PDF 1.5,"['https://jpc.georgia.gov/past-board-meeting-minutes#main-content', 'https://jpc.georgia.gov/past-board-meeting-minutes']",['Minutes\xa008/13/2020'],Form,0.28346318006515503
download,https://jpc.georgia.gov/document/2020-minutes/minutes-11122020/download,128.8KB,128.77734375,2102-11-19 03:03:02,,,,2102-11-19 03:03:02,,3,0,3,PDF 1.5,"['https://jpc.georgia.gov/past-board-meeting-minutes#main-content', 'https://jpc.georgia.gov/past-board-meeting-minutes']",['Minutes\xa011/12/2020'],Policy,0.41147229075431824
download,https://jpc.georgia.gov/document/2019-minutes/minutes-02142019/download,156.9KB,156.9013671875,2019-06-14 18:05:06,,,,2019-06-14 18:05:06,PDFTron PDFNet,3,0,45,PDF 1.4,"['https://jpc.georgia.gov/past-board-meeting-minutes#main-content', 'https://jpc.georgia.gov/past-board-meeting-minutes']",['Minutes\xa002/14/2019'],Policy,0.30879467725753784
Fortis-S00340E3.MAG,https://jpc.georgia.gov/document/2019-minutes/minutes-05092019/download,59.9KB,59.923828125,2019-08-20 08:03:04,Judy,,,2019-08-20 08:03:04,Acrobat Distiller 19.0 (Windows),2,0,2,PDF 1.6,"['https://jpc.georgia.gov/past-board-meeting-minutes#main-content', 'https://jpc.georgia.gov/past-board-meeting-minutes']",['Minutes\xa005/09/2019'],Form,0.30681803822517395
Fortis-SDB323E2.MAG,https://jpc.georgia.gov/document/2019-minutes/minutes-08082019/download,208.5KB,208.4931640625,2019-11-18 15:04:07,Judy,,,2019-11-18 15:04:07,Acrobat Distiller 19.0 (Windows),3,0,3,PDF 1.6,"['https://jpc.georgia.gov/past-board-meeting-minutes#main-content', 'https://jpc.georgia.gov/past-board-meeting-minutes']",['Minutes\xa008/08/2019'],Brochure,0.41920873522758484
download,https://jpc.georgia.gov/document/2019-minutes/minutes-11142019/download,250.2KB,250.1767578125,2002-01-04 14:30:59,,,,2002-01-04 14:30:59,,3,0,3,PDF 1.5,"['https://jpc.georgia.gov/past-board-meeting-minutes#main-content', 'https://jpc.georgia.gov/past-board-meeting-minutes']",['Minutes\xa011/14/2019'],Brochure,0.5298131704330444
download,https://jpc.georgia.gov/document/2018-minutes/minutes-02082018/download,118.4KB,118.3583984375,2018-04-09 13:03:07,,,,2018-04-09 13:03:07,PDFTron PDFNet,2,0,30,PDF 1.4,"['https://jpc.georgia.gov/past-board-meeting-minutes#main-content', 'https://jpc.georgia.gov/past-board-meeting-minutes']",['Minutes\xa002/08/2018'],Policy,0.29142671823501587
download,https://jpc.georgia.gov/document/2018-minutes/minutes-03192018/download,64.2KB,64.1767578125,2018-05-14 13:02:02,,,,2018-05-14 13:02:02,PDFTron PDFNet,2,0,30,PDF 1.4,"['https://jpc.georgia.gov/past-board-meeting-minutes#main-content', 'https://jpc.georgia.gov/past-board-meeting-minutes']",['Minutes\xa003/19/2018'],Policy,0.28610095381736755
download,https://jpc.georgia.gov/document/2018-minutes/minutes-05102018/download,303.3KB,303.3193359375,2018-08-16 13:05:04,,,,2018-08-16 13:05:04,PDFTron PDFNet,7,0,105,PDF 1.4,"['https://jpc.georgia.gov/past-board-meeting-minutes#main-content', 'https://jpc.georgia.gov/past-board-meeting-minutes']",['Minutes\xa005/10/2018'],Policy,0.43891942501068115
download,https://jpc.georgia.gov/document/2018-minutes/minutes-08092018/download,102.8KB,102.8466796875,2018-11-20 19:03:01,,,,2018-11-20 19:03:01,PDFTron PDFNet,2,0,30,PDF 1.4,"['https://jpc.georgia.gov/past-board-meeting-minutes#main-content', 'https://jpc.georgia.gov/past-board-meeting-minutes']",['Minutes\xa008/09/2018'],Policy,0.2900771498680115
download,https://jpc.georgia.gov/document/2018-minutes/minutes-11082018/download,84.8KB,84.8349609375,2019-03-01 14:04:07,,,,2019-03-01 14:04:07,PDFTron PDFNet,2,0,30,PDF 1.4,"['https://jpc.georgia.gov/past-board-meeting-minutes#main-content', 'https://jpc.georgia.gov/past-board-meeting-minutes']",['Minutes\xa011/08/2018'],Policy,0.28821414709091187
download,https://jpc.georgia.gov/document/2017-minutes/minutes-02092017/download,136.9KB,136.9033203125,2017-05-18 18:03:03,,,,2017-05-18 18:03:03,PDFTron PDFNet,3,0,45,PDF 1.4,"['https://jpc.georgia.gov/past-board-meeting-minutes#main-content', 'https://jpc.georgia.gov/past-board-meeting-minutes']",['Minutes\xa002/09/2017'],Policy,0.3964425325393677
download,https://jpc.georgia.gov/document/2017-minutes/minutes-05112017/download,85.8KB,85.798828125,2017-08-15 18:01:07,,,,2017-08-15 18:01:07,PDFTron PDFNet,2,0,30,PDF 1.4,"['https://jpc.georgia.gov/past-board-meeting-minutes#main-content', 'https://jpc.georgia.gov/past-board-meeting-minutes']",['Minutes\xa005/11/2017'],Policy,0.28821414709091187
download,https://jpc.georgia.gov/document/2017-minutes/minutes-08102017/download,136.2KB,136.1787109375,2017-11-22 17:04:00,,,,2017-11-22 17:04:00,PDFTron PDFNet,3,0,45,PDF 1.4,"['https://jpc.georgia.gov/past-board-meeting-minutes#main-content', 'https://jpc.georgia.gov/past-board-meeting-minutes']",['Minutes\xa008/10/2017'],Policy,0.3964425325393677
download,https://jpc.georgia.gov/document/2017-minutes/minutes-11092017/download,108.1KB,108.1337890625,2018-02-09 19:02:09,,,,2018-02-09 19:02:09,PDFTron PDFNet,2,0,30,PDF 1.4,"['https://jpc.georgia.gov/past-board-meeting-minutes#main-content', 'https://jpc.georgia.gov/past-board-meeting-minutes']",['Minutes\xa011/09/2017'],Policy,0.29298460483551025
Fortis-S367DBCD.MAG,https://jpc.georgia.gov/document/2016-minutes/minutes-02112016/download,140.3KB,140.34765625,,,,,2016-05-19 09:05:07,Amyuni PDF Converter version 3.03,3,0,45,PDF 1.3,"['https://jpc.georgia.gov/past-board-meeting-minutes#main-content', 'https://jpc.georgia.gov/past-board-meeting-minutes']",['Minutes\xa002/11/2016'],Policy,0.4044237434864044
Fortis-S23327B7.MAG,https://jpc.georgia.gov/document/agendas-and-minutes/probate-minutes-5-12-16pdf/download,151.9KB,151.890625,2021-06-09 15:02:01,,,,2016-08-12 08:04:00,Amyuni PDF Converter version 3.03,2,0,16,PDF 1.6,"['https://jpc.georgia.gov/past-board-meeting-minutes#main-content', 'https://jpc.georgia.gov/past-board-meeting-minutes']",['Minutes\xa005/12/2016'],Policy,0.2917146682739258
download,https://jpc.georgia.gov/document/2016-minutes/minutes-08112016/download,34.0KB,33.99609375,2016-11-01 15:02:06,,,,2016-11-01 15:02:06,Corel PDF Engine Version 11.2.0.238,2,0,0,PDF 1.4,"['https://jpc.georgia.gov/past-board-meeting-minutes#main-content', 'https://jpc.georgia.gov/past-board-meeting-minutes']",['Minutes\xa008/11/2016'],Policy,0.22048157453536987
Fortis-SD34047D.MAG,https://jpc.georgia.gov/document/2016-minutes/minutes-11102016/download,110.0KB,109.9736328125,,,,,2017-02-10 15:02:03,Amyuni PDF Converter version 3.03,2,0,30,PDF 1.3,"['https://jpc.georgia.gov/past-board-meeting-minutes#main-content', 'https://jpc.georgia.gov/past-board-meeting-minutes']",['Minutes\xa011/10/2016'],Policy,0.29244256019592285
download,https://jpc.georgia.gov/document/2015-minutes/minutes-01222015/download,38.0KB,38.0322265625,2015-04-17 10:05:01,,,,2015-04-17 10:05:01,Corel PDF Engine Version 11.2.0.238,2,0,0,PDF 1.4,"['https://jpc.georgia.gov/past-board-meeting-minutes#main-content', 'https://jpc.georgia.gov/past-board-meeting-minutes']",['Minutes\xa001/22/2015'],Notice,0.21832159161567688
download,https://jpc.georgia.gov/document/2015-minutes/minutes-04232015/download,47.4KB,47.4345703125,2015-07-17 09:03:03,,,,2015-07-17 09:03:03,Corel PDF Engine Version 11.2.0.238,2,0,0,PDF 1.4,"['https://jpc.georgia.gov/past-board-meeting-minutes#main-content', 'https://jpc.georgia.gov/past-board-meeting-minutes']",['Minutes\xa004/23/2015'],Policy,0.25352731347084045
Fortis-S6D10725.MAG,https://jpc.georgia.gov/document/2015-minutes/minutes-07232015/download,140.6KB,140.5654296875,,,,,2015-12-15 09:05:01,Amyuni PDF Converter version 3.03,3,0,45,PDF 1.3,"['https://jpc.georgia.gov/past-board-meeting-minutes#main-content', 'https://jpc.georgia.gov/past-board-meeting-minutes']",['Minutes\xa007/23/2015'],Policy,0.4044237434864044
Fortis-S6D1742A.MAG,https://jpc.georgia.gov/document/2015-minutes/minutes-09252015/download,103.8KB,103.7666015625,,,,,2015-12-15 09:05:00,Amyuni PDF Converter version 3.03,2,0,30,PDF 1.3,"['https://jpc.georgia.gov/past-board-meeting-minutes#main-content', 'https://jpc.georgia.gov/past-board-meeting-minutes']",['Minutes\xa009/25/2015'],Policy,0.2896198630332947
Fortis-SDD7EBAF.MAG,https://jpc.georgia.gov/document/2015-minutes/minutes-10222015/download,127.9KB,127.8544921875,,,,,2016-02-19 14:05:02,Amyuni PDF Converter version 3.03,3,0,45,PDF 1.3,"['https://jpc.georgia.gov/past-board-meeting-minutes#main-content', 'https://jpc.georgia.gov/past-board-meeting-minutes']",['Minutes\xa010/22/2015'],Policy,0.39488688111305237
download,https://jpc.georgia.gov/document/form/income-tax-withholding-declaration-form/download,208.7KB,208.677734375,2021-08-26 11:02:08,Aleah Armstrong,,,2020-09-17 08:01:08,Adobe PDF Library 20.12.75,1,0,0,PDF 1.6,"['https://jpc.georgia.gov/news/2023-06-08/cola-effective-7123', 'https://jpc.georgia.gov/news/2024-06-04/cola-effective-7124#main-content', 'https://jpc.georgia.gov/news/2024-06-04/cola-effective-7124', 'https://jpc.georgia.gov/news/2023-06-08/cola-effective-7123#main-content']",['Income\n \nTax Withholding Declaration Form'],Form,0.558520495891571
