file_name,url,file_size,file_size_kilobytes,last_modified_date,author,subject,keywords,creation_date,producer,number_of_pages,number_of_tables,number_of_images,version,source,text_around_link,predicted_category,predicted_category_confidence
download,https://llida.georgia.gov/document/meeting-minutessummary/december-10-2024-meeting-summary/download,76.8KB,76.8134765625,2024-12-11 13:02:06,Brenda McMillian,,,2024-12-11 13:02:06,Adobe PDF Library 24.4.48,1,0,0,PDF 1.6,"['https://llida.georgia.gov/board-directors/meeting-minutes#main-content', 'https://llida.georgia.gov/board-directors/meeting-minutes']","['December\xa010, 2024 Meeting Summary']",Notice,0.4657711982727051
download,https://llida.georgia.gov/document/meeting-minutessummary/september-10-2024-meeting-minutes/download,135.2KB,135.1923828125,2024-12-11 13:02:04,Brenda Anderson,,,2024-12-11 13:02:04,Adobe PDF Library 24.4.48,2,0,0,PDF 1.6,"['https://llida.georgia.gov/board-directors/meeting-minutes#main-content', 'https://llida.georgia.gov/board-directors/meeting-minutes']","['September\xa010, 2024 Meeting Minutes']",Policy,0.2547103762626648
download,https://llida.georgia.gov/document/meeting-minutessummary/july-18-2024-meeting-minutes/download,80.7KB,80.6923828125,2024-08-20 07:05:05,Brenda McMillian,,,2024-08-20 07:05:05,Adobe PDF Library 24.2.255,1,0,0,PDF 1.6,"['https://llida.georgia.gov/board-directors/meeting-minutes#main-content', 'https://llida.georgia.gov/board-directors/meeting-minutes']","['July\xa018, 2024 Meeting Minutes']",Notice,0.46796366572380066
download,https://llida.georgia.gov/document/meeting-minutessummary/june-11-2024-meeting-minutes/download,114.4KB,114.43359375,2024-12-11 13:02:00,Brenda McMillian,,,2024-12-11 13:02:00,Adobe PDF Library 24.4.48,2,0,0,PDF 1.6,"['https://llida.georgia.gov/board-directors/meeting-minutes#main-content', 'https://llida.georgia.gov/board-directors/meeting-minutes']","['June\xa011, 2024 Meeting Minutes']",Policy,0.2600105404853821
download,https://llida.georgia.gov/document/meeting-minutessummary/march-12-2024-meeting-minutes/download,86.1KB,86.0888671875,2024-03-19 09:01:02,Brenda McMillian,,,2024-03-19 09:01:02,Adobe PDF Library 24.1.124,2,0,0,PDF 1.6,"['https://llida.georgia.gov/board-directors/meeting-minutes#main-content', 'https://llida.georgia.gov/board-directors/meeting-minutes']","['March\xa012, 2024 Meeting Minutes']",Policy,0.26408079266548157
download,https://llida.georgia.gov/document/meeting-minutessummary/december-12-2023-meeting-minutes/download,137.4KB,137.4208984375,2024-03-19 09:00:09,Brenda McMillian,,,2024-03-06 15:00:03,Adobe PDF Library 23.8.75,2,0,0,PDF 1.6,"['https://llida.georgia.gov/board-directors/meeting-minutes#main-content', 'https://llida.georgia.gov/board-directors/meeting-minutes']","['December\xa012, 2023 Meeting Minutes']",Policy,0.25586241483688354
download,https://llida.georgia.gov/document/meeting-minutessummary/october-10-2023-meeting-minutes/download,84.5KB,84.46875,2023-12-01 09:04:00,Brenda McMillian,,,2023-12-01 09:04:00,Adobe PDF Library 23.6.156,2,0,0,PDF 1.6,"['https://llida.georgia.gov/board-directors/meeting-minutes#main-content', 'https://llida.georgia.gov/board-directors/meeting-minutes']","['October\xa010, 2023 Meeting Minutes']",Policy,0.26408079266548157
download,https://llida.georgia.gov/document/meeting-minutessummary/june-6-2023-meeting-minutes/download,103.9KB,103.927734375,2023-09-27 14:05:07,Brenda McMillian,,,2023-09-27 14:05:07,Adobe PDF Library 23.6.96,2,0,0,PDF 1.6,"['https://llida.georgia.gov/board-directors/meeting-minutes#main-content', 'https://llida.georgia.gov/board-directors/meeting-minutes']",['June\xa06 2023 Meeting Minutes'],Policy,0.2582203149795532
download,https://llida.georgia.gov/document/meeting-minutessummary/may-15-2023-meeting-minutes/download,84.1KB,84.14453125,2023-05-30 11:03:00,Brenda McMillian,,,2023-05-30 11:03:00,Adobe PDF Library 23.1.206,2,0,0,PDF 1.6,"['https://llida.georgia.gov/board-directors/meeting-minutes#main-content', 'https://llida.georgia.gov/board-directors/meeting-minutes']","['May\xa015, 2023 Meeting Minutes']",Policy,0.26408079266548157
download,https://llida.georgia.gov/document/meeting-minutessummary/april-11-2023-meeting-minutes/download,89.0KB,88.9677734375,2023-06-14 10:00:06,Brenda McMillian,,,2023-06-14 10:00:06,Adobe PDF Library 23.1.206,2,0,0,PDF 1.6,"['https://llida.georgia.gov/board-directors/meeting-minutes#main-content', 'https://llida.georgia.gov/board-directors/meeting-minutes']","['April\xa011, 2023 Meeting Minutes']",Policy,0.2521558105945587
download,https://llida.georgia.gov/document/meeting-minutessummary/january-10-2023-meeting-minutes/download,81.1KB,81.1298828125,2023-02-08 16:05:05,Brenda McMillian,,,2023-02-08 16:05:05,Adobe PDF Library 22.3.86,1,0,0,PDF 1.6,"['https://llida.georgia.gov/board-directors/meeting-minutes#main-content', 'https://llida.georgia.gov/board-directors/meeting-minutes']","['January\xa010, 2023 Meeting Minutes']",Notice,0.4555615782737732
download,https://llida.georgia.gov/document/meeting-minutessummary/december-13-2022-meeting-minutes/download,88.1KB,88.1357421875,2023-02-08 16:05:08,Brenda McMillian,,,2023-02-08 16:05:08,Adobe PDF Library 22.3.86,2,0,0,PDF 1.6,"['https://llida.georgia.gov/board-directors/meeting-minutes#main-content', 'https://llida.georgia.gov/board-directors/meeting-minutes']","['December\xa013, 2022 Meeting Minutes']",Policy,0.2521558105945587
download,https://llida.georgia.gov/document/meeting-minutessummary/october-18-2022-meeting-minutes/download,90.6KB,90.583984375,2023-01-03 16:01:08,Brenda McMillian,,,2023-01-03 16:01:08,Adobe PDF Library 22.3.58,3,0,0,PDF 1.6,"['https://llida.georgia.gov/board-directors/meeting-minutes#main-content', 'https://llida.georgia.gov/board-directors/meeting-minutes']","['October\xa018, 2022 Meeting Minutes']",Policy,0.334197998046875
download,https://llida.georgia.gov/document/meeting-minutessummary/august-9-2022-meeting-minutes/download,82.7KB,82.7021484375,2022-10-12 10:04:07,Brenda McMillian,,,2022-10-12 10:04:07,Adobe PDF Library 22.2.244,2,0,0,PDF 1.6,"['https://llida.georgia.gov/board-directors/meeting-minutes#main-content', 'https://llida.georgia.gov/board-directors/meeting-minutes']","['August\xa09, 2022 Meeting Minutes']",Policy,0.26408079266548157
download,https://llida.georgia.gov/document/meeting-minutessummary/june-14-2022-meeting-minutes/download,80.8KB,80.791015625,2022-08-02 16:02:01,Brenda McMillian,,,2022-08-02 16:02:01,Adobe PDF Library 22.1.201,2,0,0,PDF 1.6,"['https://llida.georgia.gov/board-directors/meeting-minutes#main-content', 'https://llida.georgia.gov/board-directors/meeting-minutes']","['June\xa014, 2022 Meeting Minutes']",Policy,0.276492714881897
download,https://llida.georgia.gov/document/meeting-minutessummary/may-18-2022-meeting-minutes/download,80.8KB,80.7783203125,2022-06-07 11:04:08,Brenda McMillian,,,2022-06-07 11:04:08,Adobe PDF Library 22.1.149,2,0,0,PDF 1.6,"['https://llida.georgia.gov/board-directors/meeting-minutes#main-content', 'https://llida.georgia.gov/board-directors/meeting-minutes']","['May\xa018, 2022 Meeting Minutes']",Policy,0.276492714881897
download,https://llida.georgia.gov/document/meeting-minutessummary/april-12-2022-meeting-minutes/download,84.7KB,84.740234375,2022-04-14 09:05:03,Brenda McMillian,,,2022-04-14 09:05:03,Adobe PDF Library 22.1.149,2,0,0,PDF 1.6,"['https://llida.georgia.gov/board-directors/meeting-minutes#main-content', 'https://llida.georgia.gov/board-directors/meeting-minutes']","['April\xa012, 2022 Meeting Minutes']",Policy,0.26408079266548157
download,https://llida.georgia.gov/document/meeting-minutessummary/february-8-2022-meeting-minutes/download,84.8KB,84.7939453125,2022-03-29 15:00:04,Brenda McMillian,,,2022-03-29 15:00:04,Adobe PDF Library 22.1.117,2,0,0,PDF 1.6,"['https://llida.georgia.gov/board-directors/meeting-minutes#main-content', 'https://llida.georgia.gov/board-directors/meeting-minutes']","['February\xa08, 2022 Meeting Minutes']",Policy,0.26408079266548157
download,https://llida.georgia.gov/document/meeting-minutessummary/december-14-2021-meeting-minutes/download,104.5KB,104.5078125,2022-03-03 16:05:09,Brenda McMillian,,,2022-03-03 16:05:08,Adobe PDF Library 21.11.71,2,0,0,PDF 1.6,"['https://llida.georgia.gov/board-directors/meeting-minutes#main-content', 'https://llida.georgia.gov/board-directors/meeting-minutes']","['December\xa014, 2021 Meeting Minutes']",Policy,0.2604389488697052
download,https://llida.georgia.gov/document/meeting-minutessummary/october-12-2021-meeting-minutes/download,124.3KB,124.3388671875,2021-10-21 11:01:07,Brenda McMillian,,,2021-10-21 11:01:07,Adobe PDF Library 21.7.131,2,0,0,PDF 1.6,"['https://llida.georgia.gov/board-directors/meeting-minutes#main-content', 'https://llida.georgia.gov/board-directors/meeting-minutes']","['October\xa012, 2021 Meeting Minutes']",Policy,0.2468913048505783
RFQ for ArchSvsc- VSB-126,https://llida.georgia.gov/document/document/llida-ada-rfq-final/download,311.6KB,311.5693359375,2024-12-11 11:05:04,Richard Sawyer,Request for Qualifications & Proposals for CM at Risk,,2024-12-11 11:05:04,Microsoft® Word for Microsoft 365,17,4,1,PDF 1.7,"['https://llida.georgia.gov/announcement/2024-12-11/rfq-update-llidas-ada-transition-plan#main-content', 'https://llida.georgia.gov/announcement/2024-12-11/rfq-update-llidas-ada-transition-plan']",['/document/document/llida-ada-rfq-final/download'],Report,0.264902263879776
