file_name,url,file_size,file_size_kilobytes,last_modified_date,author,subject,keywords,creation_date,producer,number_of_pages,number_of_tables,number_of_images,version,source,text_around_link,predicted_category,predicted_category_confidence
Untitled,https://ltgov.georgia.gov/document/document/statewide-field-representatives-program-2024/download,1.5MB,1579.4794921875,2024-01-04 10:02:05,Gina.Wright,,,2024-01-04 10:02:05,Microsoft: Print To PDF,1,0,18,PDF 1.7,"['https://ltgov.georgia.gov/constituent-services/statewide-field-representatives', 'https://ltgov.georgia.gov/constituent-services-0/statewide-field-representatives#main-content', 'https://ltgov.georgia.gov/constituent-services/statewide-field-representatives#main-content', 'https://ltgov.georgia.gov/constituent-services-0/statewide-field-representatives']",['here'],Diagram,0.46951889991760254
Microsoft Word - LGO Page Interest Form_2023,https://ltgov.georgia.gov/document/document/lgo-page-interest-form/download,257.4KB,257.37109375,2023-04-11 13:01:00,Denese.Sampson,,,2023-04-11 13:01:00,Microsoft: Print To PDF,1,0,1,PDF 1.7,"['https://ltgov.georgia.gov/constituent-services/about-page-program#main-content', 'https://ltgov.georgia.gov/constituent-services/about-page-program']",['here'],Form,0.9119930863380432
April Newsletter Volume 22,https://ltgov.georgia.gov/document/newsletter/newsletter-volume-22april/download,9.4MB,9671.2509765625,2025-04-17 17:03:06,Ines Owens,,"DAGkzqlAIDY,BACJWUp2HaI,0",2025-04-17 17:03:06,Canva,3,0,18,PDF 1.4,"['https://ltgov.georgia.gov/press-releases/newsletters#main-content', 'https://ltgov.georgia.gov/press-releases/newsletters', 'https://ltgov.georgia.gov/press-releases/newsletters?instance_overrides_key=PC76mQ4MuChi61QaHQubb43XY4X8wYfCIXLk1JNM8To&page=0', 'https://ltgov.georgia.gov/press-releases/newsletters?instance_overrides_key=PC76mQ4MuChi61QaHQubb43XY4X8wYfCIXLk1JNM8To&page=0#main-content']",['Newsletter:\xa0Volume 22/April'],Press,0.9859857559204102
March 14 Newsletter Volume 21,https://ltgov.georgia.gov/document/newsletter/newsletter-volume-21march/download,11.2MB,11422.5986328125,2025-03-14 15:01:03,Ines Owens,,"DAGhdDwP75s,BACJWUp2HaI,0",2025-03-14 15:01:03,Canva,3,1,21,PDF 1.4,"['https://ltgov.georgia.gov/press-releases/newsletters#main-content', 'https://ltgov.georgia.gov/press-releases/newsletters', 'https://ltgov.georgia.gov/press-releases/newsletters?instance_overrides_key=PC76mQ4MuChi61QaHQubb43XY4X8wYfCIXLk1JNM8To&page=0', 'https://ltgov.georgia.gov/press-releases/newsletters?instance_overrides_key=PC76mQ4MuChi61QaHQubb43XY4X8wYfCIXLk1JNM8To&page=0#main-content']",['Newsletter:\xa0Volume 21/March'],Press,0.98593670129776
February 21 Newsletter Volume 20,https://ltgov.georgia.gov/document/newsletter/newsletter-volume-20february/download,7.8MB,8021.630859375,2025-02-21 15:01:01,Ines Owens,,"DAGe6yUc0sk,BACJWUp2HaI,0",2025-02-21 15:01:02,Canva,3,1,18,PDF 1.4,"['https://ltgov.georgia.gov/press-releases/newsletters#main-content', 'https://ltgov.georgia.gov/press-releases/newsletters', 'https://ltgov.georgia.gov/press-releases/newsletters?instance_overrides_key=PC76mQ4MuChi61QaHQubb43XY4X8wYfCIXLk1JNM8To&page=0', 'https://ltgov.georgia.gov/press-releases/newsletters?instance_overrides_key=PC76mQ4MuChi61QaHQubb43XY4X8wYfCIXLk1JNM8To&page=0#main-content']",['Newsletter:\xa0Volume 20/February'],Press,0.9865908622741699
January 23 Newsletter Vol 19,https://ltgov.georgia.gov/document/newsletter/newsletter-volume-19january/download,5.6MB,5708.685546875,2025-01-24 15:01:04,Ines Owens,,"DAGc1l_b9Rc,BACJWUp2HaI",2025-01-24 15:01:04,Canva,3,1,15,PDF 1.4,"['https://ltgov.georgia.gov/press-releases/newsletters#main-content', 'https://ltgov.georgia.gov/press-releases/newsletters', 'https://ltgov.georgia.gov/press-releases/newsletters?instance_overrides_key=PC76mQ4MuChi61QaHQubb43XY4X8wYfCIXLk1JNM8To&page=0', 'https://ltgov.georgia.gov/press-releases/newsletters?instance_overrides_key=PC76mQ4MuChi61QaHQubb43XY4X8wYfCIXLk1JNM8To&page=0#main-content']",['Newsletter:\xa0Volume 19/January'],Press,0.9698207378387451
December 19 Newsletter Vol 18,https://ltgov.georgia.gov/document/newsletter/newsletter-volume-18december/download,10.9MB,11170.49609375,2024-12-18 21:01:06,Ines Owens,,"DAGZkHc03Rw,BACJWUp2HaI",2024-12-18 21:01:06,Canva,3,3,18,PDF 1.4,"['https://ltgov.georgia.gov/press-releases/newsletters#main-content', 'https://ltgov.georgia.gov/press-releases/newsletters', 'https://ltgov.georgia.gov/press-releases/newsletters?instance_overrides_key=PC76mQ4MuChi61QaHQubb43XY4X8wYfCIXLk1JNM8To&page=0', 'https://ltgov.georgia.gov/press-releases/newsletters?instance_overrides_key=PC76mQ4MuChi61QaHQubb43XY4X8wYfCIXLk1JNM8To&page=0#main-content']",['Newsletter:\xa0Volume 18/December'],Press,0.98593670129776
October 30 Newsletter Vol 17,https://ltgov.georgia.gov/document/newsletter/newsletter-volume-17october/download,9.6MB,9830.05078125,2024-10-24 17:05:07,Ines Owens,,"DAGQ8z5J_kI,BACJWUp2HaI",2024-10-24 17:05:07,Canva,3,0,19,PDF 1.4,"['https://ltgov.georgia.gov/press-releases/newsletters#main-content', 'https://ltgov.georgia.gov/press-releases/newsletters', 'https://ltgov.georgia.gov/press-releases/newsletters?instance_overrides_key=PC76mQ4MuChi61QaHQubb43XY4X8wYfCIXLk1JNM8To&page=0', 'https://ltgov.georgia.gov/press-releases/newsletters?instance_overrides_key=PC76mQ4MuChi61QaHQubb43XY4X8wYfCIXLk1JNM8To&page=0#main-content']",['Newsletter:\xa0Volume 17/October'],Press,0.9859857559204102
October 1 Newsletter Vol 16,https://ltgov.georgia.gov/document/newsletter/newsletter-volume-16october/download,8.7MB,8949.3291015625,2024-10-08 15:05:06,Ines Owens,,"DAGQ8z5J_kI,BACJWUp2HaI",2024-10-08 15:05:06,Canva,3,0,17,PDF 1.4,"['https://ltgov.georgia.gov/press-releases/newsletters#main-content', 'https://ltgov.georgia.gov/press-releases/newsletters', 'https://ltgov.georgia.gov/press-releases/newsletters?instance_overrides_key=PC76mQ4MuChi61QaHQubb43XY4X8wYfCIXLk1JNM8To&page=0', 'https://ltgov.georgia.gov/press-releases/newsletters?instance_overrides_key=PC76mQ4MuChi61QaHQubb43XY4X8wYfCIXLk1JNM8To&page=0#main-content']",['Newsletter:\xa0Volume 16/October'],Press,0.9860499501228333
August Newsletter Vol 15,https://ltgov.georgia.gov/document/newsletter/newsletter-volume-15august/download,9.3MB,9568.337890625,2024-08-14 12:00:05,Ines Owens,,"DAGNv0Vb92I,BACJWUp2HaI",2024-08-14 12:00:06,Canva,3,0,19,PDF 1.4,"['https://ltgov.georgia.gov/press-releases/newsletters#main-content', 'https://ltgov.georgia.gov/press-releases/newsletters', 'https://ltgov.georgia.gov/press-releases/newsletters?instance_overrides_key=PC76mQ4MuChi61QaHQubb43XY4X8wYfCIXLk1JNM8To&page=0', 'https://ltgov.georgia.gov/press-releases/newsletters?instance_overrides_key=PC76mQ4MuChi61QaHQubb43XY4X8wYfCIXLk1JNM8To&page=0#main-content']",['Newsletter:\xa0Volume 15/August'],Press,0.9859857559204102
July Newsletter Vol 14,https://ltgov.georgia.gov/document/newsletter/newsletter-volume-14july/download,7.1MB,7303.46484375,2024-07-18 16:04:00,Ines Owens,,"DAGLBv4AJ2A,BACJWUp2HaI",2024-07-18 16:04:00,Canva,3,0,19,PDF 1.4,"['https://ltgov.georgia.gov/press-releases/newsletters#main-content', 'https://ltgov.georgia.gov/press-releases/newsletters', 'https://ltgov.georgia.gov/press-releases/newsletters?instance_overrides_key=PC76mQ4MuChi61QaHQubb43XY4X8wYfCIXLk1JNM8To&page=0', 'https://ltgov.georgia.gov/press-releases/newsletters?instance_overrides_key=PC76mQ4MuChi61QaHQubb43XY4X8wYfCIXLk1JNM8To&page=0#main-content']",['Newsletter:\xa0Volume 14/July'],Press,0.9865908622741699
June Newsletter Vol 12,https://ltgov.georgia.gov/document/newsletter/newsletter-volume-13june/download,8.6MB,8797.9541015625,2024-06-20 17:03:06,Ines Owens,,"DAGIhM4shug,BACJWUp2HaI",2024-06-20 17:03:07,Canva,3,0,18,PDF 1.4,"['https://ltgov.georgia.gov/press-releases/newsletters#main-content', 'https://ltgov.georgia.gov/press-releases/newsletters', 'https://ltgov.georgia.gov/press-releases/newsletters?instance_overrides_key=PC76mQ4MuChi61QaHQubb43XY4X8wYfCIXLk1JNM8To&page=0', 'https://ltgov.georgia.gov/press-releases/newsletters?instance_overrides_key=PC76mQ4MuChi61QaHQubb43XY4X8wYfCIXLk1JNM8To&page=0#main-content']",['Newsletter:\xa0Volume 13/June'],Press,0.9860499501228333
download,https://ltgov.georgia.gov/document/document/social-media-blocking-reporting-and-hiding-2023pdf/download,449.4KB,449.3916015625,2023-01-20 10:03:05,"Fletcher, Elisabeth",,,2023-01-20 10:03:05,Microsoft® Word 2016,1,0,1,PDF 1.5,"['https://ltgov.georgia.gov/press-releases/social-media#main-content', 'https://ltgov.georgia.gov/press-releases/social-media']",['Read\n \nthe Guidelines'],Diagram,0.7208186984062195
May Newsletter Vol 12,https://ltgov.georgia.gov/document/newsletter/newsletter-volume-12may/download,8.1MB,8345.49609375,2024-05-16 13:01:02,Ines Owens,,"DAGEvjpxfng,BACJWUp2HaI",2024-05-16 13:01:02,Canva,3,0,17,PDF 1.4,"['https://ltgov.georgia.gov/press-releases/newsletters?instance_overrides_key=PC76mQ4MuChi61QaHQubb43XY4X8wYfCIXLk1JNM8To&page=1#main-content', 'https://ltgov.georgia.gov/press-releases/newsletters?instance_overrides_key=PC76mQ4MuChi61QaHQubb43XY4X8wYfCIXLk1JNM8To&page=1']",['Newsletter:\xa0Volume 12/May'],Press,0.9865908622741699
April Sine Die Newsletter Vol 11,https://ltgov.georgia.gov/document/newsletter/newsletter-volume-11april/download,3.7MB,3828.2412109375,2024-04-12 15:05:08,Ines Owens,,"DAGB72nSP9A,BACJWUp2HaI",2024-04-12 15:05:08,Canva,3,0,21,PDF 1.4,"['https://ltgov.georgia.gov/press-releases/newsletters?instance_overrides_key=PC76mQ4MuChi61QaHQubb43XY4X8wYfCIXLk1JNM8To&page=1#main-content', 'https://ltgov.georgia.gov/press-releases/newsletters?instance_overrides_key=PC76mQ4MuChi61QaHQubb43XY4X8wYfCIXLk1JNM8To&page=1']",['Newsletter:\xa0Volume 11/April'],Press,0.9699975848197937
FINAL February Newsletter Vol 10,https://ltgov.georgia.gov/document/newsletter/newsletter-volume-10february/download,3.4MB,3504.2099609375,2024-02-16 17:01:03,Ines Owens,,"DAF8Uv9gEaQ,BACJWUp2HaI",2024-02-16 17:01:03,Canva,3,0,19,PDF 1.4,"['https://ltgov.georgia.gov/press-releases/newsletters?instance_overrides_key=PC76mQ4MuChi61QaHQubb43XY4X8wYfCIXLk1JNM8To&page=1#main-content', 'https://ltgov.georgia.gov/press-releases/newsletters?instance_overrides_key=PC76mQ4MuChi61QaHQubb43XY4X8wYfCIXLk1JNM8To&page=1']",['Newsletter:\xa0Volume 10/February'],Press,0.9687860608100891
January Newsletter Vol 9,https://ltgov.georgia.gov/document/newsletter/newsletter-volume-9january/download,4.0MB,4094.865234375,2024-01-19 15:05:00,Ines Owens,,"DAF6EBgbFrU,BACJWUp2HaI",2024-01-19 15:05:00,Canva,3,0,22,PDF 1.4,"['https://ltgov.georgia.gov/press-releases/newsletters?instance_overrides_key=PC76mQ4MuChi61QaHQubb43XY4X8wYfCIXLk1JNM8To&page=1#main-content', 'https://ltgov.georgia.gov/press-releases/newsletters?instance_overrides_key=PC76mQ4MuChi61QaHQubb43XY4X8wYfCIXLk1JNM8To&page=1']",['Newsletter:\xa0Volume 9/January'],Press,0.9700369834899902
Newsletter December Vol 8,https://ltgov.georgia.gov/document/newsletter/newsletter-volume-8december/download,2.5MB,2594.61328125,2023-12-20 14:03:03,Ines Owens,,"DAFzmtkfM-g,BACJWUp2HaI",2023-12-20 14:03:03,Canva,3,0,19,PDF 1.4,"['https://ltgov.georgia.gov/press-releases/newsletters?instance_overrides_key=PC76mQ4MuChi61QaHQubb43XY4X8wYfCIXLk1JNM8To&page=1#main-content', 'https://ltgov.georgia.gov/press-releases/newsletters?instance_overrides_key=PC76mQ4MuChi61QaHQubb43XY4X8wYfCIXLk1JNM8To&page=1']",['Newsletter:\xa0Volume 8/December'],Press,0.9675248861312866
Newsletter November Vol 7,https://ltgov.georgia.gov/document/newsletter/newsletter-volume-7november/download,3.7MB,3792.224609375,2023-12-07 14:04:08,Ines Owens,,"DAFzmtkfM-g,BACJWUp2HaI",2023-12-07 14:04:08,Canva,3,0,19,PDF 1.4,"['https://ltgov.georgia.gov/press-releases/newsletters?instance_overrides_key=PC76mQ4MuChi61QaHQubb43XY4X8wYfCIXLk1JNM8To&page=1#main-content', 'https://ltgov.georgia.gov/press-releases/newsletters?instance_overrides_key=PC76mQ4MuChi61QaHQubb43XY4X8wYfCIXLk1JNM8To&page=1']",['Newsletter:\xa0Volume 7/November'],Press,0.9699975848197937
Newsletter September Vol. 6,https://ltgov.georgia.gov/document/newsletter/newsletter-volume-6october/download,5.0MB,5141.0673828125,2023-10-17 20:01:08,Ines Owens,,"DAFxDmCFpoo,BACJWUp2HaI",2023-10-17 20:01:08,Canva,4,0,28,PDF 1.4,"['https://ltgov.georgia.gov/press-releases/newsletters?instance_overrides_key=PC76mQ4MuChi61QaHQubb43XY4X8wYfCIXLk1JNM8To&page=1#main-content', 'https://ltgov.georgia.gov/press-releases/newsletters?instance_overrides_key=PC76mQ4MuChi61QaHQubb43XY4X8wYfCIXLk1JNM8To&page=1']",['Newsletter:\xa0Volume 6/October'],Press,0.9670568704605103
Newsletter August Vol. 5,https://ltgov.georgia.gov/document/newsletter/newsletter-volume-5september/download,3.5MB,3561.3212890625,2023-09-20 20:01:06,Ines Owens,,"DAFu0GXvM_o,BACJWUp2HaI",2023-09-20 20:01:06,Canva,3,0,16,PDF 1.4,"['https://ltgov.georgia.gov/press-releases/newsletters?instance_overrides_key=PC76mQ4MuChi61QaHQubb43XY4X8wYfCIXLk1JNM8To&page=1#main-content', 'https://ltgov.georgia.gov/press-releases/newsletters?instance_overrides_key=PC76mQ4MuChi61QaHQubb43XY4X8wYfCIXLk1JNM8To&page=1']",['Newsletter:\xa0Volume 5/September'],Press,0.9685969948768616
Newsletter July Vol. 4,https://ltgov.georgia.gov/document/newsletter/newsletter-volume-4august/download,4.7MB,4778.93359375,2023-08-21 14:00:05,Ines Owens,,"DAFr0fRawIE,BACJWUp2HaI",2023-08-21 14:00:05,Canva,3,0,20,PDF 1.4,"['https://ltgov.georgia.gov/press-releases/newsletters?instance_overrides_key=PC76mQ4MuChi61QaHQubb43XY4X8wYfCIXLk1JNM8To&page=1#main-content', 'https://ltgov.georgia.gov/press-releases/newsletters?instance_overrides_key=PC76mQ4MuChi61QaHQubb43XY4X8wYfCIXLk1JNM8To&page=1']",['Newsletter:\xa0Volume 4/August'],Press,0.9699497818946838
Newsletter July Vol. 3,https://ltgov.georgia.gov/document/newsletter/newsletter-volume-3july/download,3.0MB,3035.6162109375,2023-07-20 14:00:07,Ines Owens,,"DAFooGmfZso,BACJWUp2HaI",2023-07-20 14:00:07,Canva,3,0,18,PDF 1.4,"['https://ltgov.georgia.gov/press-releases/newsletters?instance_overrides_key=PC76mQ4MuChi61QaHQubb43XY4X8wYfCIXLk1JNM8To&page=1#main-content', 'https://ltgov.georgia.gov/press-releases/newsletters?instance_overrides_key=PC76mQ4MuChi61QaHQubb43XY4X8wYfCIXLk1JNM8To&page=1']",['Newsletter:\xa0Volume 3/July'],Press,0.9759032726287842
Copy of newsletter,https://ltgov.georgia.gov/document/newsletter/newsletter-volume-2june/download,3.2MB,3242.25390625,2023-06-20 20:01:00,Ines Owens,,"DAFmYLIZbus,BACJWUp2HaI",2023-06-20 20:01:00,Canva,3,0,18,PDF 1.4,"['https://ltgov.georgia.gov/press-releases/newsletters?instance_overrides_key=PC76mQ4MuChi61QaHQubb43XY4X8wYfCIXLk1JNM8To&page=2', 'https://ltgov.georgia.gov/press-releases/newsletters?instance_overrides_key=PC76mQ4MuChi61QaHQubb43XY4X8wYfCIXLk1JNM8To&page=2#main-content']",['Newsletter:\xa0Volume 2/June'],Press,0.9860364198684692
newsletter,https://ltgov.georgia.gov/document/newsletter/newsletter-volume-1may/download,2.8MB,2856.19921875,2023-05-23 12:00:01,Ines Owens,,"DAFiDzwzgtE,BACJWUp2HaI",2023-05-23 15:03:01,Canva,3,0,15,PDF 1.4,"['https://ltgov.georgia.gov/press-releases/newsletters?instance_overrides_key=PC76mQ4MuChi61QaHQubb43XY4X8wYfCIXLk1JNM8To&page=2', 'https://ltgov.georgia.gov/press-releases/newsletters?instance_overrides_key=PC76mQ4MuChi61QaHQubb43XY4X8wYfCIXLk1JNM8To&page=2#main-content']",['Newsletter:\xa0Volume 1/May'],Press,0.9702329635620117
download,https://ltgov.georgia.gov/document/document/statewide-field-representative-constituent-program-pr/download,298.9KB,298.9345703125,2023-02-13 15:00:03,"Owens, Ines",,,2023-02-13 15:00:03,Microsoft® Word 2016,1,0,1,PDF 1.5,"['https://ltgov.georgia.gov/press-releases/2023-02-13/constituent-program', 'https://ltgov.georgia.gov/press-releases/2023-02-13/constituent-program#main-content']",['Statewide\xa0Field Representative Constituent Program PR'],Diagram,0.5633465647697449
download,https://ltgov.georgia.gov/document/document/legislation-supporting-georgias-children-introduced/download,301.0KB,300.9931640625,2023-02-09 12:04:03,"McFall, Macy",,,2023-02-09 12:04:03,Microsoft® Word 2016,2,0,2,PDF 1.5,"['https://ltgov.georgia.gov/press-releases/2023-02-09/georgias-children#main-content', 'https://ltgov.georgia.gov/press-releases/2023-02-09/georgias-children']",['Legislation\xa0Supporting Georgia’s Children Introduced'],Brochure,0.8299560546875
download,https://ltgov.georgia.gov/document/document/cracking-down-organized-dogfighting/download,316.8KB,316.80859375,2023-02-01 16:01:07,"McFall, Macy",,,2023-02-01 16:01:07,Microsoft® Word 2016,1,0,1,PDF 1.5,"['https://ltgov.georgia.gov/press-releases/2023-02-02/cracking-down-organized-dogfighting', 'https://ltgov.georgia.gov/press-releases/2023-02-02/cracking-down-organized-dogfighting#main-content']",['Cracking\xa0Down on Organized Dogfighting'],Diagram,0.7994115948677063
download,https://ltgov.georgia.gov/document/document/senate-bill-63-bail-reform-introduced/download,297.6KB,297.6416015625,2023-01-31 16:04:04,"McFall, Macy",,,2023-01-31 16:04:04,Microsoft® Word 2016,1,0,1,PDF 1.5,"['https://ltgov.georgia.gov/press-releases/2023-01-31/senate-bill-63-bail-reform-introduced#main-content', 'https://ltgov.georgia.gov/press-releases/2023-01-31/senate-bill-63-bail-reform-introduced']","['Senate\xa0Bill 63, Bail Reform, Introduced']",Diagram,0.6824303865432739
download,https://ltgov.georgia.gov/document/document/gang-enforcement-legislation-introduced-01302023/download,297.6KB,297.6025390625,2023-01-30 17:04:00,"McFall, Macy",,,2023-01-30 17:04:00,Microsoft® Word 2016,1,0,1,PDF 1.5,"['https://ltgov.georgia.gov/press-releases/2023-01-30/gang-enforcement-legislation-introduced#main-content', 'https://ltgov.georgia.gov/press-releases/2023-01-30/gang-enforcement-legislation-introduced']",['Gang\xa0Enforcement Legislation Introduced 01302023'],Diagram,0.6824303865432739
download,https://ltgov.georgia.gov/document/document/senate-announces-new-committee-chairs-01122023/download,305.1KB,305.0986328125,2023-01-12 13:04:09,"McFall, Macy",,,2023-01-12 13:04:09,Microsoft® Word 2016,2,0,2,PDF 1.5,"['https://ltgov.georgia.gov/press-releases/2023-01-12/senate-announces-new-committee-chairs#main-content', 'https://ltgov.georgia.gov/press-releases/2023-01-12/senate-announces-new-committee-chairs']",['Senate\xa0Announces New Committee Chairs 01122023'],Brochure,0.6392832398414612
