file_name,url,file_size,file_size_kilobytes,last_modified_date,author,subject,keywords,creation_date,producer,number_of_pages,number_of_tables,number_of_images,version,source,text_around_link,predicted_category,predicted_category_confidence
Microsoft Word - Pre-Retirement Option Choice,https://mrf.georgia.gov/document/publication/mrf-new-member-packetpdf/download,1.7MB,1755.087890625,2023-06-07 09:04:09,aarmstrong,,,2022-07-22 09:05:09,Acrobat Distiller 22.0 (Windows),4,3,4,PDF 1.7,"['https://mrf.georgia.gov/join-fund', 'https://mrf.georgia.gov/https%3A/mrf.georgia.gov/join-fund/join-fund#main-content', 'https://mrf.georgia.gov/https%3A/mrf.georgia.gov/join-fund/join-fund', 'https://mrf.georgia.gov/join-fund#main-content']","['New\xa0Member Application Packet', 'MRF\xa0New Member Packet.pdf']",Form,0.7323902249336243
Microsoft Word - Salary Affidavit - Online,https://mrf.georgia.gov/document/form/mrf-salary-verification-affidavitpdf/download,344.3KB,344.294921875,2023-06-09 14:05:01,aarmstrong,,,2022-07-22 10:00:03,Acrobat Distiller 22.0 (Windows),1,0,1,PDF 1.6,"['https://mrf.georgia.gov/join-fund/dues-payment#main-content', 'https://mrf.georgia.gov/join-fund/dues-payment']",['Annual\n \nSalary Affidavits'],Diagram,0.706079363822937
Microsoft Word - ACH Form,https://mrf.georgia.gov/document/form/bank-draft-authorization/download,749.2KB,749.1787109375,2021-08-26 11:01:08,aarmstrong,,,2020-09-14 14:04:04,Microsoft: Print To PDF,1,0,0,PDF 1.7,"['https://mrf.georgia.gov/join-fund/dues-payment#main-content', 'https://mrf.georgia.gov/join-fund/dues-payment']",['Automatic\n \nWithdrawal Authorization Form'],Form,0.9601883888244629
Fortis-0000AC9D.MAG,https://mrf.georgia.gov/document/form/payroll-deduction-authorization/download,64.4KB,64.423828125,,,,,2014-04-23 09:05:04,Amyuni PDF Converter version 3.03,1,0,15,PDF 1.3,"['https://mrf.georgia.gov/join-fund/dues-payment#main-content', 'https://mrf.georgia.gov/join-fund/dues-payment']",['Payroll\n \nDeduction Form'],Form,0.655368983745575
Microsoft Word - Refund Request Form,https://mrf.georgia.gov/document/form/mrf-refund-requestpdf/download,300.6KB,300.56640625,2023-06-09 14:01:09,aarmstrong,,,2023-03-27 10:01:03,Microsoft: Print To PDF,1,0,1,PDF 1.7,"['https://mrf.georgia.gov/join-fund/dues-payment#main-content', 'https://mrf.georgia.gov/join-fund/dues-payment']",['Refund\n \nRequest Form'],Form,0.9827650189399719
Microsoft Word - Pre-Retirement Option Choice,https://mrf.georgia.gov/document/form/beneficiary-designation-form/download,423.3KB,423.2958984375,2022-07-22 11:00:07,aarmstrong,,,2022-07-22 09:05:09,Acrobat Distiller 22.0 (Windows),1,3,1,PDF 1.6,"['https://mrf.georgia.gov/change-my-personal-information-name-address-beneficiary#main-content', 'https://mrf.georgia.gov/retirement-benefits/pre-retirement-survivor-designation#main-content', 'https://mrf.georgia.gov/retirement-benefits/pre-retirement-survivor-designation', 'https://mrf.georgia.gov/change-my-personal-information-name-address-beneficiary']","['Pre-Retirement\xa0Option Choice Form', 'Beneficiary\xa0Designation Form']",Form,0.5659208297729492
download,https://mrf.georgia.gov/document/2024-financial-statements/alternative-investment-letter-2182025/download,287.0KB,286.9912109375,2025-02-28 10:03:09,,,,2025-02-26 09:05:06,,1,0,1,PDF 1.3,"['https://mrf.georgia.gov/organization/purpose/financial-statements#main-content', 'https://mrf.georgia.gov/organization/purpose/financial-statements']",['Alternative\xa0Investment Letter - 2/18/2025'],Diagram,0.32720643281936646
MRF  2024 Annual Report,https://mrf.georgia.gov/document/2024-financial-statements/fy-2024-annual-report/download,4.6MB,4713.787109375,2024-11-21 15:03:06,Aleah Armstrong,,"DAGWd8u4F48,BADxChs68nY",2024-11-21 15:03:06,Canva,16,0,22,PDF 1.4,"['https://mrf.georgia.gov/organization/purpose/financial-statements#main-content', 'https://mrf.georgia.gov/organization/purpose/financial-statements']",['FY\xa02024 Annual Report'],Report,0.9737188220024109
A91fnlje1_d7g5y3_izs.tmp,https://mrf.georgia.gov/document/2023-financial-statements/fye-2023-audit-report/download,1.0MB,1063.1943359375,2024-07-25 13:04:06,DOAA,,,2024-07-23 12:01:03,Acrobat Distiller 24.0 (Windows),31,0,9,PDF 1.6,"['https://mrf.georgia.gov/organization/purpose/financial-statements#main-content', 'https://mrf.georgia.gov/organization/purpose/financial-statements']",['FYE\xa02023 Audit Report'],Report,0.9546296000480652
A91d8es29_yib1qc_g84.tmp,https://mrf.georgia.gov/document/2023-financial-statements/fye-2023-gasb-audit-report/download,1.6MB,1671.484375,2024-07-25 13:04:07,Catherine Greene,,,2024-07-23 12:00:08,Acrobat Distiller 24.0 (Windows),18,0,10,PDF 1.6,"['https://mrf.georgia.gov/organization/purpose/financial-statements#main-content', 'https://mrf.georgia.gov/organization/purpose/financial-statements']",['FYE\xa02023 GASB Audit Report'],Report,0.9407729506492615
MRF - 2023 Annual Report,https://mrf.georgia.gov/document/2023-financial-statements/2023-annual-report/download,6.5MB,6607.2724609375,2023-09-07 20:00:00,Aleah Armstrong,,"DAFj8Elq9ic,BADxChs68nY",2023-09-07 20:00:00,Canva,12,3,25,PDF 1.4,"['https://mrf.georgia.gov/organization/purpose/financial-statements#main-content', 'https://mrf.georgia.gov/news/2023-10-16/2023-annual-report#main-content', 'https://mrf.georgia.gov/organization/purpose/financial-statements', 'https://mrf.georgia.gov/news/2023-10-16/2023-annual-report']","['FY\n \n2023 Annual Report', '2023\xa0Annual Report']",Report,0.9805882573127747
download,https://mrf.georgia.gov/document/2022-financial-statements/fy2022-audit-report/download,634.0KB,633.974609375,2023-06-21 09:04:01,DOAA,,,2023-06-20 14:03:05,Adobe Acrobat Pro (32-bit) 23.1.20174,32,0,5,PDF 1.7,"['https://mrf.georgia.gov/organization/purpose/financial-statements#main-content', 'https://mrf.georgia.gov/organization/purpose/financial-statements']",['FY2022\xa0Audit Report'],Report,0.9591394662857056
download,https://mrf.georgia.gov/document/2022-financial-statements/fy2022-gasb-schedule/download,1.0MB,1056.623046875,2023-06-21 09:04:02,Catherine Greene,,,2023-06-20 14:03:04,Adobe Acrobat Pro (32-bit) 23.1.20174,19,0,4,PDF 1.7,"['https://mrf.georgia.gov/organization/purpose/financial-statements#main-content', 'https://mrf.georgia.gov/organization/purpose/financial-statements']",['FY2022\xa0GASB Schedule'],Slides,0.5620184540748596
download,https://mrf.georgia.gov/document/2022-financial-statements/2022-annual-report/download,376.3KB,376.2919921875,2022-12-06 13:03:01,Brandt Barlow,,,2022-11-23 08:05:00,Adobe PDF Library 22.3.58,5,3,8,PDF 1.6,"['https://mrf.georgia.gov/organization/purpose/financial-statements#main-content', 'https://mrf.georgia.gov/organization/purpose/financial-statements']",['2022\xa0Annual Report'],Report,0.9638792276382446
download,https://mrf.georgia.gov/document/2021-financial-statements/fy2021-audit-report/download,629.2KB,629.1875,,,,,2022-05-19 10:04:02,PDFium,31,0,5,PDF 1.7,"['https://mrf.georgia.gov/organization/purpose/financial-statements#main-content', 'https://mrf.georgia.gov/organization/purpose/financial-statements']",['FY2021\xa0Audit Report'],Report,0.9591394662857056
download,https://mrf.georgia.gov/document/2021-financial-statements/fy2021-gasb-schedule/download,687.1KB,687.10546875,,,,,2022-05-19 10:04:01,PDFium,18,0,4,PDF 1.7,"['https://mrf.georgia.gov/organization/purpose/financial-statements#main-content', 'https://mrf.georgia.gov/organization/purpose/financial-statements']",['FY2021\xa0GASB Schedule'],Slides,0.4068095088005066
Microsoft Word - Magistrates Retirement Fund of Georgia Financial Statements FY 2020,https://mrf.georgia.gov/document/2020-financial-statements/fy2020-audit-report/download,694.2KB,694.2490234375,2021-08-12 11:04:07,delvallen,,,2021-08-12 11:04:00,Acrobat Distiller 21.0 (Windows),30,0,3,PDF 1.6,"['https://mrf.georgia.gov/organization/purpose/financial-statements#main-content', 'https://mrf.georgia.gov/organization/purpose/financial-statements']",['FY2020\xa0Audit Report'],Report,0.9487427473068237
Microsoft Word - Magistrates Retirement Fund of Georgia GASB 68 Audit Report FY 2020,https://mrf.georgia.gov/document/2020-financial-statements/fy2020-gasb68-schedule/download,270.2KB,270.2001953125,2021-08-12 11:04:07,delvallen,,,2021-08-12 11:04:05,Acrobat Distiller 21.0 (Windows),18,0,1,PDF 1.6,"['https://mrf.georgia.gov/organization/purpose/financial-statements#main-content', 'https://mrf.georgia.gov/organization/purpose/financial-statements']",['FY2020\xa0GASB68 Schedule'],Report,0.958886444568634
Microsoft Word - FY 19 MRF GASB 68 Cover Page,https://mrf.georgia.gov/document/2019-financial-statements/fy2019-gasb68-schedule/download,712.7KB,712.7490234375,2020-05-15 09:02:08,,,,2020-04-29 17:02:09,Amyuni PDF Converter version 6.0.1.5a,19,0,1,PDF 1.7,"['https://mrf.georgia.gov/organization/purpose/financial-statements#main-content', 'https://mrf.georgia.gov/organization/purpose/financial-statements']",['FY2019\xa0GASB68 Schedule'],Report,0.4198927581310272
Microsoft Word - MRF 2019 Financial Statements - 4.13.2020,https://mrf.georgia.gov/document/2019-financial-statements/fy2019-audit-report/download,678.9KB,678.8671875,2020-05-19 09:00:08,bakers,,,2020-05-12 17:00:05,Acrobat Distiller 20.0 (Windows),38,0,3,PDF 1.6,"['https://mrf.georgia.gov/organization/purpose/financial-statements#main-content', 'https://mrf.georgia.gov/organization/purpose/financial-statements']",['FY2019\xa0Audit Report'],Report,0.9747142195701599
download,https://mrf.georgia.gov/document/2018-financial-statements/fy2018-audit-report/download,1.2MB,1226.310546875,2019-06-10 14:02:02,,,,2019-06-10 14:01:05,Xerox Color C70,41,0,41,PDF 1.4,"['https://mrf.georgia.gov/organization/purpose/financial-statements#main-content', 'https://mrf.georgia.gov/organization/purpose/financial-statements']",['FY2018\xa0Audit Report'],Report,0.9711535573005676
download,https://mrf.georgia.gov/document/2018-financial-statements/fy2018-gasb68-schedule/download,635.2KB,635.1845703125,2019-06-10 14:00:07,,,,2019-06-10 13:03:04,Xerox Color C70,17,0,17,PDF 1.4,"['https://mrf.georgia.gov/organization/purpose/financial-statements#main-content', 'https://mrf.georgia.gov/organization/purpose/financial-statements']",['FY2018\xa0GASB68 Schedule'],Slides,0.37336793541908264
Magistrates Retirement Fund of Georgia Fiscal Year 2017 Audit Report,https://mrf.georgia.gov/document/2017-financial-statements/fy2017-audit-report/download,667.6KB,667.6328125,2018-05-02 08:05:01,DOAA,Audit Report,"audit report, fiscal year 2017, fy17, magistrates, retirement, fund, Georgia",2018-05-01 14:02:02,Foxit PhantomPDF Printer Version 8.0.2.0718,44,0,4,PDF 1.7,"['https://mrf.georgia.gov/organization/purpose/financial-statements#main-content', 'https://mrf.georgia.gov/organization/purpose/financial-statements']",['FY2017\xa0Audit Report'],Report,0.9614112377166748
Magistrates Retirement Fund of Georgia Fiscal Year 2017 GASB 68 Audit Report,https://mrf.georgia.gov/document/2017-financial-statements/fy2017-gasb68-schedule/download,1.8MB,1880.6904296875,2018-06-01 15:05:07,DOAA,GASB 68 Audit Report,"magistrates, retirement, fund, georgia, fiscal year 2017, gasb 68, audit, report",2018-04-20 15:01:02,Adobe Acrobat Pro 11.0.22 Paper Capture Plug-in,18,0,6,PDF 1.7,"['https://mrf.georgia.gov/organization/purpose/financial-statements#main-content', 'https://mrf.georgia.gov/organization/purpose/financial-statements']",['FY2017\xa0GASB68 Schedule'],Report,0.9190585613250732
Magistrates Retirement Fund of Georgia Fiscal Year 2016 Audit Report,https://mrf.georgia.gov/document/2016-financial-statements/fy2016-audit-report/download,1.2MB,1198.3515625,2017-07-20 08:02:03,DOAA,Audit Report,"magistrates, retirement, fund, georgia, fiscal, year, 2016, audit, report, pension",2017-07-17 09:03:02,Adobe Acrobat Pro 11.0.19 Paper Capture Plug-in,40,0,40,PDF 1.6,"['https://mrf.georgia.gov/organization/purpose/financial-statements#main-content', 'https://mrf.georgia.gov/organization/purpose/financial-statements']",['FY2016\xa0Audit Report'],Report,0.9701897501945496
download,https://mrf.georgia.gov/document/2016-financial-statements/fy2016-gasb68-schedule/download,867.7KB,867.716796875,,,,,2017-07-14 13:01:02,Adobe PSL 1.2e for Canon,16,0,32,PDF 1.4,"['https://mrf.georgia.gov/organization/purpose/financial-statements#main-content', 'https://mrf.georgia.gov/organization/purpose/financial-statements']",['FY2016\xa0GASB68 Schedule'],Report,0.34293922781944275
download,https://mrf.georgia.gov/document/2015-financial-statements/fy2015-audit-report/download,1.4MB,1402.521484375,,,,,2021-03-08 14:02:08, ,35,0,35,PDF 1.3,"['https://mrf.georgia.gov/organization/purpose/financial-statements#main-content', 'https://mrf.georgia.gov/organization/purpose/financial-statements']",['FY2015\xa0Audit Report'],Report,0.9614282846450806
download,https://mrf.georgia.gov/document/2015-financial-statements/fy2015-gasb68-schedule/download,530.7KB,530.6923828125,2016-09-30 14:05:00,,,,2016-09-22 11:00:08,Canon iR2545,19,0,19,PDF 1.7,"['https://mrf.georgia.gov/organization/purpose/financial-statements#main-content', 'https://mrf.georgia.gov/organization/purpose/financial-statements']",['FY2015\xa0GASB68 Schedule'],Slides,0.5731946229934692
download,https://mrf.georgia.gov/document/2014-financial-statements/fy2014-audit-report/download,1.0MB,1034.787109375,,,,,2021-03-08 14:05:08, ,39,0,39,PDF 1.3,"['https://mrf.georgia.gov/organization/purpose/financial-statements#main-content', 'https://mrf.georgia.gov/organization/purpose/financial-statements']",['FY2014\xa0Audit Report'],Report,0.9710248708724976
download,https://mrf.georgia.gov/document/2014-financial-statements/fy2014-gasb68-schedule/download,764.3KB,764.27734375,2015-10-21 13:05:02,,,,2015-10-14 09:04:04,Foxit PhantomPDF Printer Version 7.1.0.112,18,0,1,PDF 1.7,"['https://mrf.georgia.gov/organization/purpose/financial-statements#main-content', 'https://mrf.georgia.gov/organization/purpose/financial-statements']",['FY2014\xa0GASB68 Schedule'],Slides,0.391793817281723
Microsoft Word - 2 24 25 Magistrate's Agenda - Cindy Hearn,https://mrf.georgia.gov/document/agenda/agenda-02242025/download,262.1KB,262.08984375,2025-02-24 07:05:09,Jebby Votaw,,,2025-02-20 08:01:08,Microsoft: Print To PDF,1,0,0,PDF 1.7,"['https://mrf.georgia.gov/organization/purpose/board-meetings', 'https://mrf.georgia.gov/organization/purpose/board-meetings#main-content']",['Agenda\xa002/24/2025'],Agenda,0.9744161367416382
download,https://mrf.georgia.gov/document/2024-minutes/minutes-11182024/download,4.8MB,4949.4287109375,,,,,2025-02-26 08:03:01,,6,0,6,PDF 1.3,"['https://mrf.georgia.gov/organization/purpose/board-meetings', 'https://mrf.georgia.gov/organization/purpose/board-meetings#main-content']",['Minutes\xa011/18/2024'],Brochure,0.2442549765110016
download,https://mrf.georgia.gov/document/2024-minutes/minutes-8262024/download,5.7MB,5843.5234375,,,,,2024-11-18 13:02:02,,6,0,6,PDF 1.3,"['https://mrf.georgia.gov/organization/purpose/board-meetings', 'https://mrf.georgia.gov/organization/purpose/board-meetings#main-content']",['Minutes\xa08/26/2024'],Brochure,0.25254568457603455
download,https://mrf.georgia.gov/document/2024-minutes/minutes-06032024/download,4.4MB,4481.015625,,,,,2024-08-27 11:03:08,,5,0,5,PDF 1.3,"['https://mrf.georgia.gov/organization/purpose/board-meetings', 'https://mrf.georgia.gov/organization/purpose/board-meetings#main-content']",['Minutes\xa006/03/2024'],Brochure,0.23484763503074646
download,https://mrf.georgia.gov/document/2024-minutes/2024-minutes/download,2.1MB,2104.0556640625,,,,,2024-06-03 12:02:01,,3,0,3,PDF 1.3,"['https://mrf.georgia.gov/organization/purpose/board-meetings', 'https://mrf.georgia.gov/organization/purpose/board-meetings#main-content']",['2024\xa0Minutes'],Brochure,0.2354184240102768
download,https://mrf.georgia.gov/document/form/change-information-form/download,161.1KB,161.1142578125,2023-01-11 14:01:04,Aleah Armstrong,,,2023-01-11 14:01:04,Adobe PDF Library 22.3.58,1,0,0,PDF 1.6,"['https://mrf.georgia.gov/change-my-personal-information-name-address-beneficiary#main-content', 'https://mrf.georgia.gov/change-my-personal-information-name-address-beneficiary']",['Change\xa0of Information Form'],Form,0.5339685678482056
Full page photo,https://mrf.georgia.gov/document/2022-minutes/minutes-03072022/download,2.8MB,2838.83984375,2022-05-26 09:03:04,jvotaw,,,2022-05-26 09:03:04,Microsoft: Print To PDF,3,0,21,PDF 1.7,"['https://mrf.georgia.gov/past-board-meeting-minutes#main-content', 'https://mrf.georgia.gov/past-board-meeting-minutes']",['Minutes\xa003/07/2022'],Brochure,0.4413414001464844
Full page photo,https://mrf.georgia.gov/document/2022-minutes/minutes-03212022/download,1.7MB,1716.0185546875,2022-05-26 09:03:06,jvotaw,,,2022-05-26 09:03:06,Microsoft: Print To PDF,2,0,14,PDF 1.7,"['https://mrf.georgia.gov/past-board-meeting-minutes#main-content', 'https://mrf.georgia.gov/past-board-meeting-minutes']",['Minutes\xa003/21/2022'],Brochure,0.6129756569862366
download,https://mrf.georgia.gov/document/2022-minutes/minutes-05162022/download,901.8KB,901.751953125,2022-08-15 13:04:00,,,,2022-08-15 11:05:00,,3,0,3,PDF 1.3,"['https://mrf.georgia.gov/past-board-meeting-minutes#main-content', 'https://mrf.georgia.gov/past-board-meeting-minutes']",['Minutes\xa005/16/2022'],Brochure,0.5764629244804382
download,https://mrf.georgia.gov/document/2022-minutes/minutes-08152022/download,792.2KB,792.1533203125,,,,,2022-11-14 15:03:08,,3,0,3,PDF 1.3,"['https://mrf.georgia.gov/past-board-meeting-minutes#main-content', 'https://mrf.georgia.gov/past-board-meeting-minutes']",['Minutes\xa008/15/2022'],Brochure,0.5623658299446106
download,https://mrf.georgia.gov/document/2022-minutes/minutes-11142022/download,1.1MB,1159.2236328125,,,,,2023-02-14 12:05:04,,3,0,3,PDF 1.3,"['https://mrf.georgia.gov/past-board-meeting-minutes#main-content', 'https://mrf.georgia.gov/past-board-meeting-minutes']",['Minutes\xa011/14/2022'],Brochure,0.6374876499176025
download,https://mrf.georgia.gov/document/2021-minutes/minutes-02082021/download,84.6KB,84.568359375,2021-02-18 08:04:07,Jennifer Kost,,,2021-02-18 08:04:07,Microsoft® Word for Microsoft 365,4,0,0,PDF 1.7,"['https://mrf.georgia.gov/past-board-meeting-minutes#main-content', 'https://mrf.georgia.gov/past-board-meeting-minutes']",['Minutes\xa002/08/2021'],Policy,0.40068772435188293
download,https://mrf.georgia.gov/document/2021-minutes/minutes-02222021-special-called-meeting/download,477.1KB,477.1455078125,2103-03-11 03:55:45,,,,2103-03-11 03:55:45,,5,0,5,PDF 1.5,"['https://mrf.georgia.gov/past-board-meeting-minutes#main-content', 'https://mrf.georgia.gov/past-board-meeting-minutes']",['Minutes\xa002/22/2021 Special Called Meeting'],Policy,0.283759206533432
download,https://mrf.georgia.gov/document/2021-minutes/minutes-03292021-special-called-meeting/download,119.3KB,119.265625,2105-01-07 19:43:22,,,,2105-01-07 19:43:22,,3,0,3,PDF 1.5,"['https://mrf.georgia.gov/past-board-meeting-minutes#main-content', 'https://mrf.georgia.gov/past-board-meeting-minutes']",['Minutes\xa003/29/2021 Special Called Meeting'],Policy,0.3485589325428009
download,https://mrf.georgia.gov/document/2021-minutes/minutes-05172021/download,174.1KB,174.1357421875,2108-01-07 12:43:38,,,,2108-01-07 12:43:38,,4,0,4,PDF 1.5,"['https://mrf.georgia.gov/past-board-meeting-minutes#main-content', 'https://mrf.georgia.gov/past-board-meeting-minutes']",['Minutes\xa005/17/2021'],Brochure,0.3557628095149994
download,https://mrf.georgia.gov/document/2021-minutes/minutes-06082021-special-called-meeting/download,47.4KB,47.3857421875,2108-01-07 12:44:46,,,,2108-01-07 12:44:46,,2,0,2,PDF 1.5,"['https://mrf.georgia.gov/past-board-meeting-minutes#main-content', 'https://mrf.georgia.gov/past-board-meeting-minutes']",['Minutes\xa006/08/2021 Special Called Meeting'],Policy,0.22963759303092957
download,https://mrf.georgia.gov/document/2021-minutes/minutes-08162021/download,311.4KB,311.357421875,2111-01-07 14:12:52,,,,2111-01-07 14:12:52,,4,0,4,PDF 1.5,"['https://mrf.georgia.gov/past-board-meeting-minutes#main-content', 'https://mrf.georgia.gov/past-board-meeting-minutes']",['Minutes\xa008/16/2021'],Brochure,0.5209500193595886
download,https://mrf.georgia.gov/document/2021-minutes/minutes-09092021-special-called-meeting/download,146.3KB,146.3291015625,2111-01-07 14:11:12,,,,2111-01-07 14:11:12,,2,0,2,PDF 1.5,"['https://mrf.georgia.gov/past-board-meeting-minutes#main-content', 'https://mrf.georgia.gov/past-board-meeting-minutes']",['Minutes\xa009/09/2021 Special Called Meeting'],Policy,0.2746777832508087
Full page photo,https://mrf.georgia.gov/document/2021-minutes/minutes-11152021/download,3.6MB,3686.560546875,2023-03-24 11:02:09,jvotaw,,,2022-04-04 11:03:05,Microsoft: Print To PDF,4,0,28,PDF 1.7,"['https://mrf.georgia.gov/past-board-meeting-minutes#main-content', 'https://mrf.georgia.gov/past-board-meeting-minutes']",['Minutes\xa011/15/2021'],Brochure,0.5711621642112732
download,https://mrf.georgia.gov/document/2020-minutes/minutes-02172020/download,267.5KB,267.4755859375,2005-01-09 13:53:08,,,,2005-01-09 13:53:08,,3,0,3,PDF 1.5,"['https://mrf.georgia.gov/past-board-meeting-minutes#main-content', 'https://mrf.georgia.gov/past-board-meeting-minutes']",['Minutes\xa002/17/2020'],Brochure,0.5588629245758057
download,https://mrf.georgia.gov/document/2020-minutes/minutes-05182020/download,41.3KB,41.306640625,2008-02-04 19:26:51,,,,2008-02-04 19:26:51,,2,0,2,PDF 1.5,"['https://mrf.georgia.gov/past-board-meeting-minutes#main-content', 'https://mrf.georgia.gov/past-board-meeting-minutes']",['Minutes\xa005/18/2020'],Notice,0.22148464620113373
download,https://mrf.georgia.gov/document/2020-minutes/minutes-08242020/download,78.2KB,78.2333984375,2011-01-07 14:32:07,,,,2011-01-07 14:32:07,,3,0,3,PDF 1.5,"['https://mrf.georgia.gov/past-board-meeting-minutes#main-content', 'https://mrf.georgia.gov/past-board-meeting-minutes']",['Minutes\xa008/24/2020'],Policy,0.3748558759689331
download,https://mrf.georgia.gov/document/2020-minutes/minutes-11162020/download,1.1MB,1124.234375,2102-09-14 05:25:09,,,,2102-09-14 05:25:09,,3,0,3,PDF 1.5,"['https://mrf.georgia.gov/past-board-meeting-minutes#main-content', 'https://mrf.georgia.gov/past-board-meeting-minutes']",['Minutes\xa011/16/2020'],Brochure,0.6059291958808899
Fortis-S3E04F02.MAG,https://mrf.georgia.gov/document/2019-minutes/minutes-02182019/download,124.3KB,124.31640625,2019-09-25 10:01:00,Judy,,,2019-09-25 10:01:00,Acrobat Distiller 19.0 (Windows),2,0,2,PDF 1.6,"['https://mrf.georgia.gov/past-board-meeting-minutes#main-content', 'https://mrf.georgia.gov/past-board-meeting-minutes']",['Minutes\xa002/18/2019'],Policy,0.2765553295612335
Fortis-S3DFD34A.MAG,https://mrf.georgia.gov/document/2019-minutes/minutes-05202019/download,95.2KB,95.2236328125,2019-09-25 10:00:08,Judy,,,2019-09-25 10:00:08,Acrobat Distiller 19.0 (Windows),2,0,2,PDF 1.6,"['https://mrf.georgia.gov/past-board-meeting-minutes#main-content', 'https://mrf.georgia.gov/past-board-meeting-minutes']",['Minutes\xa005/20/2019'],Policy,0.289963036775589
Fortis-S3DF3A75.MAG,https://mrf.georgia.gov/document/2019-minutes/minutes-06262019/download,58.5KB,58.54296875,2019-09-25 10:00:07,Judy,,,2019-09-25 10:00:07,Acrobat Distiller 19.0 (Windows),2,0,2,PDF 1.6,"['https://mrf.georgia.gov/past-board-meeting-minutes#main-content', 'https://mrf.georgia.gov/past-board-meeting-minutes']",['Minutes\xa006/26/2019'],Form,0.3063408434391022
Fortis-SDB26555.MAG,https://mrf.georgia.gov/document/2019-minutes/minutes-08192019/download,150.4KB,150.353515625,2019-11-18 15:04:06,Judy,,,2019-11-18 15:04:06,Acrobat Distiller 19.0 (Windows),2,0,2,PDF 1.6,"['https://mrf.georgia.gov/past-board-meeting-minutes#main-content', 'https://mrf.georgia.gov/past-board-meeting-minutes']",['Minutes\xa008/19/2019'],Policy,0.2917146682739258
download,https://mrf.georgia.gov/document/2019-minutes/minutes-11182019/download,369.6KB,369.6123046875,2002-02-11 05:54:25,,,,2002-02-11 05:54:25,,4,0,4,PDF 1.5,"['https://mrf.georgia.gov/past-board-meeting-minutes#main-content', 'https://mrf.georgia.gov/past-board-meeting-minutes']",['Minutes\xa011/18/2019'],Brochure,0.5077660083770752
download,https://mrf.georgia.gov/document/2018-minutes/minutes-02192018/download,97.1KB,97.1005859375,2018-05-14 12:04:07,,,,2018-05-14 12:04:07,PDFTron PDFNet,2,0,30,PDF 1.4,"['https://mrf.georgia.gov/past-board-meeting-minutes#main-content', 'https://mrf.georgia.gov/past-board-meeting-minutes']",['Minutes\xa002/19/2018'],Policy,0.2883341908454895
download,https://mrf.georgia.gov/document/2018-minutes/minutes-04232018/download,81.1KB,81.064453125,2018-08-30 19:00:03,,,,2018-08-30 19:00:03,PDFTron PDFNet,2,0,30,PDF 1.4,"['https://mrf.georgia.gov/past-board-meeting-minutes#main-content', 'https://mrf.georgia.gov/past-board-meeting-minutes']",['Minutes\xa004/23/2018'],Policy,0.2869631350040436
download,https://mrf.georgia.gov/document/2018-minutes/minutes-08202018/download,184.4KB,184.3583984375,2018-11-20 19:03:09,,,,2018-11-20 19:03:09,PDFTron PDFNet,3,0,45,PDF 1.4,"['https://mrf.georgia.gov/past-board-meeting-minutes#main-content', 'https://mrf.georgia.gov/past-board-meeting-minutes']",['Minutes\xa008/20/2018'],Brochure,0.42082521319389343
download,https://mrf.georgia.gov/document/2018-minutes/minutes-11192018/download,110.9KB,110.900390625,2019-03-01 14:04:05,,,,2019-03-01 14:04:05,PDFTron PDFNet,2,0,30,PDF 1.4,"['https://mrf.georgia.gov/past-board-meeting-minutes#main-content', 'https://mrf.georgia.gov/past-board-meeting-minutes']",['Minutes\xa011/19/2018'],Policy,0.29244256019592285
download,https://mrf.georgia.gov/document/2017-minutes/minutes-02272017/download,158.1KB,158.091796875,2017-05-15 13:03:05,,,,2017-05-15 13:03:05,PDFTron PDFNet,3,0,45,PDF 1.4,"['https://mrf.georgia.gov/past-board-meeting-minutes#main-content', 'https://mrf.georgia.gov/past-board-meeting-minutes']",['Minutes\xa002/27/2017'],Policy,0.2832207679748535
download,https://mrf.georgia.gov/document/2017-minutes/minutes-04242017/download,100.9KB,100.8544921875,2017-08-30 15:01:05,,,,2017-08-30 15:01:05,PDFTron PDFNet,2,0,30,PDF 1.4,"['https://mrf.georgia.gov/past-board-meeting-minutes#main-content', 'https://mrf.georgia.gov/past-board-meeting-minutes']",['Minutes\xa004/24/2017'],Policy,0.2900771498680115
download,https://mrf.georgia.gov/document/2017-minutes/minutes-08282017/download,112.9KB,112.8740234375,2017-11-22 17:04:02,,,,2017-11-22 17:04:02,PDFTron PDFNet,2,0,30,PDF 1.4,"['https://mrf.georgia.gov/past-board-meeting-minutes#main-content', 'https://mrf.georgia.gov/past-board-meeting-minutes']",['Minutes\xa008/28/2017'],Policy,0.29244256019592285
download,https://mrf.georgia.gov/document/2017-minutes/minutes-11202017/download,97.4KB,97.3525390625,2018-02-23 20:01:04,,,,2018-02-23 20:01:04,PDFTron PDFNet,2,0,30,PDF 1.4,"['https://mrf.georgia.gov/past-board-meeting-minutes#main-content', 'https://mrf.georgia.gov/past-board-meeting-minutes']",['Minutes\xa011/20/2017'],Policy,0.28833165764808655
download,https://mrf.georgia.gov/document/2016-minutes/minutes-02152016-0/download,77.4KB,77.396484375,2016-05-11 09:02:05,Jennifer Kost,,,2016-05-11 09:02:05,Microsoft® Word 2013,2,0,0,PDF 1.5,"['https://mrf.georgia.gov/past-board-meeting-minutes#main-content', 'https://mrf.georgia.gov/past-board-meeting-minutes']",['Minutes\xa002/15/2016'],Policy,0.3022756278514862
Fortis-S70878D1.MAG,https://mrf.georgia.gov/document/2016-minutes/minutes-05162016/download,117.2KB,117.2080078125,,,,,2016-08-16 09:04:01,Amyuni PDF Converter version 3.03,2,0,30,PDF 1.3,"['https://mrf.georgia.gov/past-board-meeting-minutes#main-content', 'https://mrf.georgia.gov/past-board-meeting-minutes']",['Minutes\xa005/16/2016'],Policy,0.29142671823501587
download,https://mrf.georgia.gov/document/2016-minutes/minutes-08152016-0/download,85.6KB,85.607421875,2016-11-14 10:05:08,Jennifer Kost,,,2016-11-14 10:05:08,Microsoft® Word 2016,3,0,0,PDF 1.5,"['https://mrf.georgia.gov/past-board-meeting-minutes#main-content', 'https://mrf.georgia.gov/past-board-meeting-minutes']",['Minutes\xa008/15/2016'],Policy,0.3876778483390808
Fortis-SC805853.MAG,https://mrf.georgia.gov/document/2016-minutes/minutes-11212016/download,157.0KB,156.9970703125,,,,,2017-03-02 12:02:01,Amyuni PDF Converter version 3.03,3,0,45,PDF 1.3,"['https://mrf.georgia.gov/past-board-meeting-minutes#main-content', 'https://mrf.georgia.gov/past-board-meeting-minutes']",['Minutes\xa011/21/2016'],Policy,0.30879467725753784
Fortis-SBFFA025.MAG,https://mrf.georgia.gov/document/2015-minutes/minutes-02062015/download,140.4KB,140.357421875,,,,,2015-08-12 09:05:08,Amyuni PDF Converter version 3.03,3,0,45,PDF 1.3,"['https://mrf.georgia.gov/past-board-meeting-minutes#main-content', 'https://mrf.georgia.gov/past-board-meeting-minutes']",['Minutes\xa002/06/2015'],Policy,0.4044237434864044
Fortis-SC017D59.MAG,https://mrf.georgia.gov/document/2015-minutes/minutes-05172015/download,86.3KB,86.296875,,,,,2015-08-12 09:05:09,Amyuni PDF Converter version 3.03,2,0,30,PDF 1.3,"['https://mrf.georgia.gov/past-board-meeting-minutes#main-content', 'https://mrf.georgia.gov/past-board-meeting-minutes']",['Minutes\xa005/17/2015'],Policy,0.28821414709091187
download,https://mrf.georgia.gov/document/2015-minutes/minutes-08102015/download,83.8KB,83.7763671875,2016-02-11 14:00:07,Jennifer Kost,,,2016-02-11 14:00:07,Microsoft® Word 2013,3,0,0,PDF 1.5,"['https://mrf.georgia.gov/past-board-meeting-minutes#main-content', 'https://mrf.georgia.gov/past-board-meeting-minutes']",['Minutes\xa008/10/2015'],Policy,0.3876778483390808
download,https://mrf.georgia.gov/document/2015-minutes/minutes-11162015/download,78.4KB,78.3681640625,2016-02-10 15:03:06,Jennifer Kost,,,2016-02-10 15:03:06,Microsoft® Word 2013,2,0,0,PDF 1.5,"['https://mrf.georgia.gov/past-board-meeting-minutes#main-content', 'https://mrf.georgia.gov/past-board-meeting-minutes']",['Minutes\xa011/16/2015'],Policy,0.3022756278514862
8-2006 to 11-2014 Magistrate Minutes.pdf,https://mrf.georgia.gov/document/2014-minutes/minutes-01242014/download,741.6KB,741.5869140625,2024-01-17 08:02:06,Jebby Votaw,,,2024-01-17 08:02:06,Microsoft: Print To PDF,3,0,0,PDF 1.7,"['https://mrf.georgia.gov/past-board-meeting-minutes#main-content', 'https://mrf.georgia.gov/past-board-meeting-minutes']",['Minutes\xa001/24/2014'],Agenda,0.9019455909729004
8-2006 to 11-2014 Magistrate Minutes.pdf,https://mrf.georgia.gov/document/2014-minutes/minutes-04142014/download,1.1MB,1145.8271484375,2024-01-17 08:02:05,Jebby Votaw,,,2024-01-17 08:02:05,Microsoft: Print To PDF,4,0,0,PDF 1.7,"['https://mrf.georgia.gov/past-board-meeting-minutes#main-content', 'https://mrf.georgia.gov/past-board-meeting-minutes']",['Minutes\xa004/14/2014'],Agenda,0.9120081663131714
Fortis-00000A23.MAG,https://mrf.georgia.gov/document/2014-minutes/minutes-05192014/download,200.1KB,200.1474609375,,,,,2014-08-28 15:05:01,Amyuni PDF Converter version 3.03,3,0,45,PDF 1.3,"['https://mrf.georgia.gov/past-board-meeting-minutes#main-content', 'https://mrf.georgia.gov/past-board-meeting-minutes']",['Minutes\xa005/19/2014'],Brochure,0.4476899206638336
8-2006 to 11-2014 Magistrate Minutes.pdf,https://mrf.georgia.gov/document/2014-minutes/minutes-08182014/download,1.3MB,1359.7265625,2024-01-17 08:02:04,Jebby Votaw,,,2024-01-17 08:02:04,Microsoft: Print To PDF,5,0,0,PDF 1.7,"['https://mrf.georgia.gov/past-board-meeting-minutes#main-content', 'https://mrf.georgia.gov/past-board-meeting-minutes']",['Minutes\xa008/18/2014'],Agenda,0.9298391342163086
Fortis-00000C21.MAG,https://mrf.georgia.gov/document/2014-minutes/magistrate-board-minutes-nov-2014pdf--UNPUBLISHED-document--DO-NOT-SHARE-this-URL--/download,211.0KB,210.9501953125,2021-06-09 12:00:02,,,,2015-05-06 15:00:04,Amyuni PDF Converter version 3.03,2,0,15,PDF 1.6,"['https://mrf.georgia.gov/past-board-meeting-minutes#main-content', 'https://mrf.georgia.gov/past-board-meeting-minutes']",['Minutes\xa011/17/2014'],Brochure,0.4767972528934479
Microsoft Word - Income Tax Withholding Declaration,https://mrf.georgia.gov/document/form/mrf-income-tax-withholding-declaration-form/download,433.7KB,433.7421875,2022-07-22 13:02:09,aarmstrong,,,2022-07-22 13:02:09,Acrobat Distiller 22.0 (Windows),1,0,1,PDF 1.6,"['https://mrf.georgia.gov/news/2024-06-04/cola-effective-7124#main-content', 'https://mrf.georgia.gov/news/2023-06-08/cola-effective-7123#main-content', 'https://mrf.georgia.gov/news/2024-06-04/cola-effective-7124', 'https://mrf.georgia.gov/news/2023-06-08/cola-effective-7123']","['Income\n \nTax Withholding Declaration Form', 'Income\n \nTax Withholding Form']",Form,0.5571696162223816
