file_name,url,file_size,file_size_kilobytes,last_modified_date,author,subject,keywords,creation_date,producer,number_of_pages,number_of_tables,number_of_images,version,source,text_around_link,predicted_category,predicted_category_confidence
download,https://oca.georgia.gov/document/document/guardian-ad-litem-dependency-proceedings-guide-best-interest-advocacy/download,895.4KB,895.443359375,2022-12-16 09:04:04,,,,2022-11-16 17:00:02,Adobe PDF Library 15.0,84,30,3,PDF 1.6,"['https://oca.georgia.gov/training/guardian-ad-litem-juvenile-court-dependency-proceedings#main-content', 'https://oca.georgia.gov/protocols-resources/national-resources', 'https://oca.georgia.gov/training/court-appointed-special-advocate-casa#main-content', 'https://oca.georgia.gov/about-us', 'https://oca.georgia.gov/georgia-resources-0', 'https://oca.georgia.gov/court-appointed-special-advocate-casa#main-content', 'https://oca.georgia.gov/georgia-resources-0#main-content', 'https://oca.georgia.gov#main-content', 'https://oca.georgia.gov/child-abuse-and-neglect-reporting', 'https://oca.georgia.gov', 'https://oca.georgia.gov/training', 'https://oca.georgia.gov/protocols-resources/georgia-resources#main-content', 'https://oca.georgia.gov/about-us#main-content', 'https://oca.georgia.gov/training#main-content', 'https://oca.georgia.gov/protocols-resources/statewide-model-child-abuse-protocol', 'https://oca.georgia.gov/child-abuse-and-neglect-reporting#main-content', 'https://oca.georgia.gov/protocols-resources', 'https://oca.georgia.gov/protocol-training', 'https://oca.georgia.gov/protocols-resources/georgia-resources', 'https://oca.georgia.gov/frequently-asked-questions#main-content', 'https://oca.georgia.gov/protocol-training#main-content', 'https://oca.georgia.gov/about-us/advisory-board', 'https://oca.georgia.gov/protocols-resources/national-resources#main-content', 'https://oca.georgia.gov/protocols-resources#main-content', 'https://oca.georgia.gov/training/guardian-ad-litem-juvenile-court-dependency-proceedings', 'https://oca.georgia.gov/national-resources-0#main-content', 'https://oca.georgia.gov/training/court-appointed-special-advocate-casa', 'https://oca.georgia.gov/national-resources-0', 'https://oca.georgia.gov/protocols-resources/statewide-model-child-abuse-protocol#main-content', 'https://oca.georgia.gov/about-us/staff#main-content', 'https://oca.georgia.gov/court-appointed-special-advocate-casa', 'https://oca.georgia.gov/frequently-asked-questions', 'https://oca.georgia.gov/about-us/staff', 'https://oca.georgia.gov/about-us/advisory-board#main-content']",['Best Interest Advocacy Guide for Guardians ad Litem'],Brochure,0.6673063635826111
download,https://oca.georgia.gov/document/document/covid-19-message-and-resources/download,156.6KB,156.6240234375,2020-03-16 13:04:03,intern1,,,2020-03-16 13:04:03,Microsoft® Word for Office 365,2,0,1,PDF 1.7,"['https://oca.georgia.gov#main-content', 'https://oca.georgia.gov']",['COVID-19 Message and Resources'],Brochure,0.3056460916996002
download,https://oca.georgia.gov/document/document/get-ga-reading-free-learning-resources/download,275.2KB,275.2490234375,2020-03-16 14:04:03,Arianne Weldon,,,2020-03-16 14:04:03,,4,1,9,PDF 1.7,"['https://oca.georgia.gov#main-content', 'https://oca.georgia.gov']",['Get GA Reading - Free Learning Resources'],Brochure,0.5853822827339172
download,https://oca.georgia.gov/document/document/get-ga-reading-myon-digital-books/download,103.0KB,103.025390625,2020-03-16 10:01:04,Martha Harmon,,,2020-03-13 18:00:01,Adobe PDF Library 20.6.66,1,0,2,PDF 1.6,"['https://oca.georgia.gov#main-content', 'https://oca.georgia.gov']",['Get GA Reading - myON Digital Books'],Letter,0.23657652735710144
download,https://oca.georgia.gov/document/publication/chins-mou-originalpdf/download,1.7MB,1743.2021484375,2014-03-04 16:02:05,,,,2014-03-04 16:02:02,Xerox WorkCentre 7775,46,0,116,PDF 1.5,"['https://oca.georgia.gov/protocols-resources/statewide-model-child-abuse-protocol', 'https://oca.georgia.gov/protocols-resources/statewide-model-child-abuse-protocol#main-content']",['CHINS\xa0MOU Original'],Report,0.5343199372291565
Office of the Child Advocate,https://oca.georgia.gov/document/publication/2017-18-statewide-model-protocol-finalpdf/download,876.9KB,876.91796875,2018-03-20 08:04:00,S. Loran Cook,,,2018-03-19 15:02:07,Adobe PDF Library 15.0,82,110,8,PDF 1.5,"['https://oca.georgia.gov/protocols-resources/statewide-model-child-abuse-protocol', 'https://oca.georgia.gov/protocols-resources/statewide-model-child-abuse-protocol#main-content']",['2017-18\xa0Statewide Model Protocol'],Report,0.592689037322998
download,https://oca.georgia.gov/document/publication/sids-pregnancy-infant-loss-awareness-month-toolkitpdf/download,1.2MB,1192.173828125,2015-12-07 09:01:00,Ebony Brooks;TERRI MILLER,,,2015-12-07 09:01:00,Microsoft® Word 2010,20,1,16,PDF 1.5,"['https://oca.georgia.gov/georgia-resources-0', 'https://oca.georgia.gov/georgia-resources-0#main-content', 'https://oca.georgia.gov/protocols-resources/georgia-resources', 'https://oca.georgia.gov/protocols-resources/georgia-resources#main-content']","['SIDS,\n \nPregnancy and Infant Loss Awareness Month Toolkit']",Slides,0.5711367130279541
download,https://oca.georgia.gov/document/publication/infantsafetosleepguidelinesandprotocol11pdf/download,449.2KB,449.197265625,2016-02-05 13:04:02,"Miller, Terri",,,2015-09-30 12:02:01,Adobe PDF Library 10.0,14,1,5,PDF 1.5,"['https://oca.georgia.gov/georgia-resources-0', 'https://oca.georgia.gov/georgia-resources-0#main-content', 'https://oca.georgia.gov/protocols-resources/georgia-resources', 'https://oca.georgia.gov/protocols-resources/georgia-resources#main-content']","['', 'DFCS\n \nSafe to Sleep Guidelines and Protocol']",Brochure,0.30305245518684387
GaCASA Volunteer Flyer_Color.indd,https://oca.georgia.gov/document/publication/casa-brochure/download,70.3KB,70.349609375,2012-06-08 16:04:01,lderhammer,,,2012-05-30 12:03:04,Acrobat Distiller 9.0.0 (Windows),1,0,7,PDF 1.5,"['https://oca.georgia.gov/training/court-appointed-special-advocate-casa#main-content', 'https://oca.georgia.gov/court-appointed-special-advocate-casa#main-content', 'https://oca.georgia.gov/court-appointed-special-advocate-casa', 'https://oca.georgia.gov/training/court-appointed-special-advocate-casa']",['CASA\xa0Brochure'],Flyer,0.9005807638168335
CASA Flyer 092419,https://oca.georgia.gov/document/document/casa-volunteer-flyer-2023/download,408.7KB,408.720703125,2023-08-25 08:02:09,,,,2023-08-24 08:01:03,Adobe PDF library 17.00,1,0,1,PDF 1.6,"['https://oca.georgia.gov/training/court-appointed-special-advocate-casa#main-content', 'https://oca.georgia.gov/court-appointed-special-advocate-casa#main-content', 'https://oca.georgia.gov/court-appointed-special-advocate-casa', 'https://oca.georgia.gov/training/court-appointed-special-advocate-casa']",['Georgia\xa0CASA Volunteer Information'],Flyer,0.672893226146698
