file_name,url,file_size,file_size_kilobytes,last_modified_date,author,subject,keywords,creation_date,producer,number_of_pages,number_of_tables,number_of_images,version,source,text_around_link,predicted_category,predicted_category_confidence
download,https://pathways.georgia.gov/document/document/pathways-press-release/download,232.0KB,231.96875,2023-07-05 13:03:06,"Bricker-Huddleston, Kate",,,2023-07-05 13:03:06,Adobe PDF Library 23.3.247,2,1,4,PDF 1.6,"['https://pathways.georgia.gov/about-pathways/guides-and-toolkits', 'https://pathways.georgia.gov/resources', 'https://pathways.georgia.gov/about-pathways/guides-and-toolkits#main-content', 'https://pathways.georgia.gov/resources#main-content']",['Pathways\n \nPress Release'],Brochure,0.708052396774292
download,https://pathways.georgia.gov/document/document/ga-pathwaysgeneral-faqs2025/download,235.4KB,235.3798828125,2025-02-19 17:03:04,"Graves, David",,,2025-02-19 17:03:04,Adobe PDF Library 24.5.175,6,1,6,PDF 1.6,"['https://pathways.georgia.gov/about-pathways/guides-and-toolkits', 'https://pathways.georgia.gov/resources', 'https://pathways.georgia.gov/about-pathways/guides-and-toolkits#main-content', 'https://pathways.georgia.gov/resources#main-content']",['General\n \nPathways FAQs'],Brochure,0.3143627643585205
download,https://pathways.georgia.gov/document/document/pathwaysgeneralfaqs2025finalspanish/download,233.5KB,233.5498046875,2025-03-25 16:05:07,"Graves, David",,,2025-03-25 16:05:07,Adobe PDF Library 25.1.211,6,1,6,PDF 1.6,"['https://pathways.georgia.gov/about-pathways/guides-and-toolkits', 'https://pathways.georgia.gov/resources', 'https://pathways.georgia.gov/about-pathways/guides-and-toolkits#main-content', 'https://pathways.georgia.gov/resources#main-content']",['General\n \nPathways FAQs'],Brochure,0.3143627643585205
download,https://pathways.georgia.gov/document/document/ga-pathwaysprovider-faqs2025/download,154.7KB,154.7158203125,2025-02-14 14:05:06,"Graves, David",,,2025-02-14 14:05:06,Adobe PDF Library 24.5.175,3,0,3,PDF 1.6,"['https://pathways.georgia.gov/about-pathways/guides-and-toolkits', 'https://pathways.georgia.gov/resources', 'https://pathways.georgia.gov/about-pathways/guides-and-toolkits#main-content', 'https://pathways.georgia.gov/resources#main-content']","[""Providers'\n \nPathways FAQs""]",Policy,0.35139909386634827
download,https://pathways.georgia.gov/document/document/ga-pathwaysoverview-one-pager2025/download,659.6KB,659.62109375,2025-02-14 10:02:08,,,,2025-02-12 13:00:09,Adobe PDF Library 17.0,2,0,11,PDF 1.7,"['https://pathways.georgia.gov/about-pathways/guides-and-toolkits', 'https://pathways.georgia.gov/resources', 'https://pathways.georgia.gov/about-pathways/guides-and-toolkits#main-content', 'https://pathways.georgia.gov/resources#main-content']",['One-pager:\n \nPathways Program Overview'],Brochure,0.7504274249076843
download,https://pathways.georgia.gov/document/document/ga-pathwaysqa-resources-one-pager2025/download,2.2MB,2287.6875,2025-02-13 16:05:06,,,,2025-01-24 15:05:03,Adobe PDF Library 17.0,2,1,7,PDF 1.7,"['https://pathways.georgia.gov/about-pathways/guides-and-toolkits', 'https://pathways.georgia.gov/about-pathways/guides-and-toolkits#main-content', 'https://pathways.georgia.gov/qualifying-activities/qualifying-activities-resources#main-content', 'https://pathways.georgia.gov/qualifying-activities/qualifying-activities-resources', 'https://pathways.georgia.gov/resources#main-content', 'https://pathways.georgia.gov/resources']",['One-pager:\n \nQualifying Activities'],Brochure,0.6143596172332764
download,https://pathways.georgia.gov/media/921/download,550.8KB,550.8134765625,2024-06-18 11:02:02,,,,2024-06-18 11:02:02,Adobe PDF Library 17.0,2,0,6,PDF 1.7,"['https://pathways.georgia.gov/about-pathways/guides-and-toolkits', 'https://pathways.georgia.gov/resources', 'https://pathways.georgia.gov/about-pathways/guides-and-toolkits#main-content', 'https://pathways.georgia.gov/resources#main-content']",['One-pager:\n \nHow to Apply'],Brochure,0.8339434266090393
download,https://pathways.georgia.gov/document/document/ga-pathwayshow-covered2025/download,762.9KB,762.8740234375,2025-02-17 20:02:00,,,,2025-02-11 15:00:04,Adobe PDF Library 17.0,2,0,5,PDF 1.7,"['https://pathways.georgia.gov/about-pathways/guides-and-toolkits', 'https://pathways.georgia.gov/resources', 'https://pathways.georgia.gov/about-pathways/guides-and-toolkits#main-content', 'https://pathways.georgia.gov/resources#main-content']",['One-pager:\n \nHow to Stay Covered'],Brochure,0.8037827014923096
download,https://pathways.georgia.gov/document/document/ga-pathwayseducation-one-pager2025/download,746.4KB,746.37109375,2025-02-13 17:01:00,,,,2024-10-11 11:03:04,Adobe PDF Library 17.0,2,2,6,PDF 1.7,"['https://pathways.georgia.gov/about-pathways/guides-and-toolkits', 'https://pathways.georgia.gov/resources', 'https://pathways.georgia.gov/about-pathways/guides-and-toolkits#main-content', 'https://pathways.georgia.gov/resources#main-content']",['One-pager:\n \nEducation'],Brochure,0.7494187355041504
download,https://pathways.georgia.gov/document/document/ga-pathwaystransitional-options-one-pager2025/download,291.7KB,291.6689453125,2025-02-14 14:02:02,,,,2024-10-18 13:01:02,Adobe PDF Library 17.0,1,0,3,PDF 1.6,"['https://pathways.georgia.gov/about-pathways/guides-and-toolkits', 'https://pathways.georgia.gov/resources', 'https://pathways.georgia.gov/about-pathways/guides-and-toolkits#main-content', 'https://pathways.georgia.gov/resources#main-content']",['One-pager:\n \nTransitional Options'],Brochure,0.36744043231010437
download,https://pathways.georgia.gov/document/document/georgia-coverage-options-one-pager2025/download,275.8KB,275.8349609375,2025-02-12 14:02:00,,,,2024-08-28 17:00:05,Adobe PDF Library 17.0,1,0,3,PDF 1.7,"['https://pathways.georgia.gov/about-pathways/guides-and-toolkits', 'https://pathways.georgia.gov/resources', 'https://pathways.georgia.gov/about-pathways/guides-and-toolkits#main-content', 'https://pathways.georgia.gov/resources#main-content']",['One-pager\n \nGeorgia Coverage Options'],Brochure,0.49256959557533264
download,https://pathways.georgia.gov/media/916/download,167.7KB,167.7119140625,2024-07-02 13:00:04,,,,2024-07-02 13:00:04,Adobe PDF Library 17.0,2,0,2,PDF 1.7,"['https://pathways.georgia.gov/about-pathways/guides-and-toolkits', 'https://pathways.georgia.gov/resources', 'https://pathways.georgia.gov/about-pathways/guides-and-toolkits#main-content', 'https://pathways.georgia.gov/resources#main-content']",['Factsheet:\n \nReasonable Modifications'],Brochure,0.5519695281982422
PowerPoint Presentation,https://pathways.georgia.gov/document/document/how-guide-qualifying-activity-reporting/download,1.8MB,1839.8525390625,2023-11-17 12:03:01,,,,2023-11-17 12:03:01,Microsoft® PowerPoint® for Microsoft 365,14,0,31,PDF 1.7,"['https://pathways.georgia.gov/about-pathways/guides-and-toolkits', 'https://pathways.georgia.gov/resources', 'https://pathways.georgia.gov/about-pathways/guides-and-toolkits#main-content', 'https://pathways.georgia.gov/resources#main-content']",['How-To\n \nGuide: Qualifying Activity Reporting\xa0on Gateway'],Slides,0.9784135818481445
PowerPoint Presentation,https://pathways.georgia.gov/document/document/how-guide-reporting-reasonable-accommodation/download,1.9MB,1949.1044921875,2023-11-17 12:03:05,,,,2023-11-17 12:03:05,Microsoft® PowerPoint® for Microsoft 365,13,0,28,PDF 1.7,"['https://pathways.georgia.gov/about-pathways/guides-and-toolkits', 'https://pathways.georgia.gov/resources', 'https://pathways.georgia.gov/about-pathways/guides-and-toolkits#main-content', 'https://pathways.georgia.gov/resources#main-content']",['How-To\n \nGuide: Reporting a Reasonable Accommodation\xa0on Gateway'],Slides,0.9752840399742126
PowerPoint Presentation,https://pathways.georgia.gov/document/document/how-guide-requesting-good-cause-exception/download,1.7MB,1789.4033203125,2023-11-17 12:03:03,,,,2023-11-17 12:03:03,Microsoft® PowerPoint® for Microsoft 365,13,0,30,PDF 1.7,"['https://pathways.georgia.gov/about-pathways/guides-and-toolkits', 'https://pathways.georgia.gov/resources', 'https://pathways.georgia.gov/about-pathways/guides-and-toolkits#main-content', 'https://pathways.georgia.gov/resources#main-content']",['How-To\n \nGuide: Requesting a Good Cause Exception\xa0on Gateway'],Slides,0.9770583510398865
PowerPoint Presentation,https://pathways.georgia.gov/document/document/how-guide-requesting-reasonable-modification/download,1.8MB,1803.201171875,2023-11-17 12:03:04,,,,2023-11-17 12:03:04,Microsoft® PowerPoint® for Microsoft 365,12,0,27,PDF 1.7,"['https://pathways.georgia.gov/about-pathways/guides-and-toolkits', 'https://pathways.georgia.gov/resources', 'https://pathways.georgia.gov/about-pathways/guides-and-toolkits#main-content', 'https://pathways.georgia.gov/resources#main-content']",['How-To\n \nGuide: Requesting a Reasonable Modification\xa0on Gateway'],Slides,0.9768277406692505
download,https://pathways.georgia.gov/document/document/2025health-providers-and-associations-toolkit/download,224.4KB,224.400390625,2025-04-24 15:04:02,"Argueta, Luis",,,2025-04-24 15:04:02,Adobe PDF Library 25.1.211,8,6,16,PDF 1.6,"['https://pathways.georgia.gov/about-pathways/guides-and-toolkits', 'https://pathways.georgia.gov/resources', 'https://pathways.georgia.gov/about-pathways/guides-and-toolkits#main-content', 'https://pathways.georgia.gov/resources#main-content']",['Stakeholder\n \nToolkit: Medical Providers & Associations'],Policy,0.30097696185112
download,https://pathways.georgia.gov/document/document/2025community-groups-toolkit/download,232.0KB,231.9609375,2025-04-24 15:04:02,"Argueta, Luis",,,2025-04-24 15:04:02,Adobe PDF Library 25.1.211,7,7,14,PDF 1.6,"['https://pathways.georgia.gov/about-pathways/guides-and-toolkits', 'https://pathways.georgia.gov/resources', 'https://pathways.georgia.gov/about-pathways/guides-and-toolkits#main-content', 'https://pathways.georgia.gov/resources#main-content']",['Stakeholder\n \nToolkit: Community Groups'],Policy,0.3246546685695648
download,https://pathways.georgia.gov/document/document/ga-pathwaysinfluencer-toolkit-qa-providers2025/download,497.5KB,497.4541015625,2025-02-13 17:03:03,"Pace, Courtney",,,2025-02-11 17:00:05,Adobe PDF Library 24.5.175,8,7,8,PDF 1.6,"['https://pathways.georgia.gov/about-pathways/guides-and-toolkits', 'https://pathways.georgia.gov/resources', 'https://pathways.georgia.gov/about-pathways/guides-and-toolkits#main-content', 'https://pathways.georgia.gov/resources#main-content']",['Stakeholder\n \nToolkit: Qualifying Activity Enablers'],Policy,0.28240135312080383
download,https://pathways.georgia.gov/document/document/2025government-agencies-toolkit/download,232.0KB,232.00390625,2025-04-24 15:04:03,"Argueta, Luis",,,2025-04-24 15:04:03,Adobe PDF Library 25.1.211,7,6,14,PDF 1.6,"['https://pathways.georgia.gov/about-pathways/guides-and-toolkits', 'https://pathways.georgia.gov/resources', 'https://pathways.georgia.gov/about-pathways/guides-and-toolkits#main-content', 'https://pathways.georgia.gov/resources#main-content']",['Stakeholder\n \nToolkit: Government Agencies and CMOs'],Policy,0.3436203896999359
download,https://pathways.georgia.gov/document/document/2025higher-education-and-vocational-educational-institutions/download,261.7KB,261.7265625,2025-04-24 15:04:03,"Argueta, Luis",,,2025-04-24 15:04:03,Adobe PDF Library 25.1.211,8,8,16,PDF 1.6,"['https://pathways.georgia.gov/about-pathways/guides-and-toolkits', 'https://pathways.georgia.gov/resources', 'https://pathways.georgia.gov/about-pathways/guides-and-toolkits#main-content', 'https://pathways.georgia.gov/resources#main-content']",['Stakeholder\n \nToolkit: Higher Education and Vocational Educational Institutions'],Policy,0.2697628140449524
download,https://pathways.georgia.gov/document/document/2025non-education-qa-providers-toolkit/download,183.6KB,183.564453125,2025-04-25 11:05:02,"Argueta, Luis",,,2025-04-25 11:05:02,Adobe PDF Library 25.1.211,7,9,14,PDF 1.6,"['https://pathways.georgia.gov/about-pathways/guides-and-toolkits', 'https://pathways.georgia.gov/resources', 'https://pathways.georgia.gov/about-pathways/guides-and-toolkits#main-content', 'https://pathways.georgia.gov/resources#main-content']",['Stakeholder\n \nToolkit: Non-Education Qualifying Activities Providers'],Policy,0.46245306730270386
download,https://pathways.georgia.gov/document/document/georgiapathwaysoverviewfinalpackage-es-us/download,1.2MB,1180.455078125,2025-03-17 10:01:02,,,,2025-03-14 18:05:07,Adobe PDF Library 17.0,2,1,14,PDF 1.6,"['https://pathways.georgia.gov/about-pathways/guides-and-toolkits', 'https://pathways.georgia.gov/resources', 'https://pathways.georgia.gov/about-pathways/guides-and-toolkits#main-content', 'https://pathways.georgia.gov/resources#main-content']",['Información\n \ngeneral sobre el programa'],Brochure,0.7698768973350525
download,https://pathways.georgia.gov/media/971/download,903.7KB,903.7119140625,2024-08-28 17:01:02,Usuario,,,2024-08-28 17:01:02,Microsoft® Word 2016,2,0,5,PDF 1.4,"['https://pathways.georgia.gov/about-pathways/guides-and-toolkits', 'https://pathways.georgia.gov/resources', 'https://pathways.georgia.gov/about-pathways/guides-and-toolkits#main-content', 'https://pathways.georgia.gov/resources#main-content']",['Cómo\n \nrealizar una solicitud'],Brochure,0.7491276264190674
download,https://pathways.georgia.gov/document/document/gapathwayshowcovered2025-finales/download,969.7KB,969.7314453125,2025-03-17 10:02:01,,,,2025-03-14 18:05:07,Adobe PDF Library 17.0,2,0,9,PDF 1.4,"['https://pathways.georgia.gov/about-pathways/guides-and-toolkits', 'https://pathways.georgia.gov/resources', 'https://pathways.georgia.gov/about-pathways/guides-and-toolkits#main-content', 'https://pathways.georgia.gov/resources#main-content']",['Cómo\n \nmantener la cobertura'],Brochure,0.7567335367202759
download,https://pathways.georgia.gov/media/986/download,221.0KB,221.03125,2024-08-28 21:04:00,Usuario,,,2024-08-28 21:04:00,Adobe PDF Library 24.3.86,2,0,2,PDF 1.6,"['https://pathways.georgia.gov/about-pathways/guides-and-toolkits', 'https://pathways.georgia.gov/resources', 'https://pathways.georgia.gov/about-pathways/guides-and-toolkits#main-content', 'https://pathways.georgia.gov/resources#main-content']",['Modificaciones\n \nRazonables'],Brochure,0.6959447264671326
PowerPoint Presentation,https://pathways.georgia.gov/document/document/eshow-guide-qualifying-activity-reporting/download,2.0MB,2091.810546875,2024-03-01 12:00:07,,,,2024-03-01 12:00:07,Adobe PDF Library 23.8.75,14,0,32,PDF 1.6,"['https://pathways.georgia.gov/about-pathways/guides-and-toolkits', 'https://pathways.georgia.gov/resources', 'https://pathways.georgia.gov/about-pathways/guides-and-toolkits#main-content', 'https://pathways.georgia.gov/resources#main-content']",['Guía\n \npráctica para informar actividades calificadas'],Slides,0.9954800605773926
PowerPoint Presentation,https://pathways.georgia.gov/document/document/eshow-guide-reporting-reasonable-accommodation/download,2.2MB,2206.3671875,2024-03-01 12:01:00,,,,2024-03-01 12:01:00,Adobe PDF Library 23.8.75,13,0,29,PDF 1.6,"['https://pathways.georgia.gov/about-pathways/guides-and-toolkits', 'https://pathways.georgia.gov/resources', 'https://pathways.georgia.gov/about-pathways/guides-and-toolkits#main-content', 'https://pathways.georgia.gov/resources#main-content']",['Guía\n \npráctica para informar una adaptación razonable'],Slides,0.9956235289573669
PowerPoint Presentation,https://pathways.georgia.gov/document/document/eshow-guide-requesting-good-cause-exception/download,2.0MB,2034.529296875,2024-03-01 11:05:08,,,,2024-03-01 11:05:08,Adobe PDF Library 23.8.75,13,0,31,PDF 1.6,"['https://pathways.georgia.gov/about-pathways/guides-and-toolkits', 'https://pathways.georgia.gov/resources', 'https://pathways.georgia.gov/about-pathways/guides-and-toolkits#main-content', 'https://pathways.georgia.gov/resources#main-content']",['Guía\n \npráctica para solicitar una excepción por causa justificada'],Slides,0.9951629638671875
PowerPoint Presentation,https://pathways.georgia.gov/document/document/eshow-guide-requesting-reasonable-modification/download,2.0MB,2030.9306640625,2024-03-01 12:01:01,,,,2024-03-01 12:01:01,Adobe PDF Library 23.8.75,12,0,28,PDF 1.6,"['https://pathways.georgia.gov/about-pathways/guides-and-toolkits', 'https://pathways.georgia.gov/resources', 'https://pathways.georgia.gov/about-pathways/guides-and-toolkits#main-content', 'https://pathways.georgia.gov/resources#main-content']",['Guía\n \npráctica para solicitar una modificación razonable'],Slides,0.9949629306793213
Georgia Pathways to Coverage Flyer (1/10),https://pathways.georgia.gov/media/1076/download,1.9MB,1971.9814453125,2024-06-19 14:01:06,Georgia Pathways to Coverage,You may be eligible for Georgia Pathways Healthcare Coverage,,2024-01-30 15:00:05,Adobe PDF Library 17.0,1,1,8,PDF 1.7,"['https://pathways.georgia.gov/about-pathways/guides-and-toolkits', 'https://pathways.georgia.gov/resources', 'https://pathways.georgia.gov/about-pathways/guides-and-toolkits#main-content', 'https://pathways.georgia.gov/resources#main-content']",['Pathways\n \nFlyer 1'],Flyer,0.7046617269515991
Georgia Pathways to Coverage Flyer (2/10),https://pathways.georgia.gov/media/1081/download,1.7MB,1776.541015625,2024-06-19 15:03:00,Georgia Pathways to Coverage,You may be eligible for Georgia Pathways Healthcare Coverage,,2024-01-30 15:00:05,Adobe PDF Library 17.0,1,1,8,PDF 1.7,"['https://pathways.georgia.gov/about-pathways/guides-and-toolkits', 'https://pathways.georgia.gov/resources', 'https://pathways.georgia.gov/about-pathways/guides-and-toolkits#main-content', 'https://pathways.georgia.gov/resources#main-content']",['Pathways\n \nFlyer 2'],Flyer,0.7505843639373779
Georgia Pathways to Coverage Flyer (3/10),https://pathways.georgia.gov/media/1086/download,3.7MB,3781.5224609375,2024-06-19 15:02:09,Georgia Pathways to Coverage,Take control of your future with Georgia Pathways healthcare coverage,,2024-01-30 15:00:05,Adobe PDF Library 17.0,1,1,8,PDF 1.7,"['https://pathways.georgia.gov/about-pathways/guides-and-toolkits', 'https://pathways.georgia.gov/resources', 'https://pathways.georgia.gov/about-pathways/guides-and-toolkits#main-content', 'https://pathways.georgia.gov/resources#main-content']",['Pathways\n \nFlyer 3'],Flyer,0.6367125511169434
Georgia Pathways to Coverage Flyer (4/10),https://pathways.georgia.gov/media/1091/download,3.3MB,3371.66796875,2024-06-19 13:02:03,Georgia Pathways to Coverage,Take control of your future with Georgia Pathways healthcare coverage,,2024-01-30 15:00:05,Adobe PDF Library 17.0,1,1,8,PDF 1.7,"['https://pathways.georgia.gov/about-pathways/guides-and-toolkits', 'https://pathways.georgia.gov/resources', 'https://pathways.georgia.gov/about-pathways/guides-and-toolkits#main-content', 'https://pathways.georgia.gov/resources#main-content']",['Pathways\n \nFlyer 4'],Flyer,0.7717950940132141
Georgia Pathways to Coverage Flyer (5/10),https://pathways.georgia.gov/media/1096/download,1.8MB,1878.8251953125,2024-06-19 13:01:02,Georgia Pathways to Coverage,Don't put off finding health insurance that works for you,,2024-01-31 08:01:07,Adobe PDF Library 17.0,1,1,8,PDF 1.7,"['https://pathways.georgia.gov/about-pathways/guides-and-toolkits', 'https://pathways.georgia.gov/resources', 'https://pathways.georgia.gov/about-pathways/guides-and-toolkits#main-content', 'https://pathways.georgia.gov/resources#main-content']",['Pathways\n \nFlyer 5'],Flyer,0.7107928395271301
Georgia Pathways to Coverage Flyer (6/10),https://pathways.georgia.gov/media/1101/download,1.8MB,1847.5224609375,2024-06-19 13:00:08,Georgia Pathways to Coverage,Don't put off finding health insurance that works for you,,2024-01-30 15:00:05,Adobe PDF Library 17.0,1,1,8,PDF 1.7,"['https://pathways.georgia.gov/about-pathways/guides-and-toolkits', 'https://pathways.georgia.gov/resources', 'https://pathways.georgia.gov/about-pathways/guides-and-toolkits#main-content', 'https://pathways.georgia.gov/resources#main-content']",['Pathways\n \nFlyer 6'],Flyer,0.7107928395271301
Georgia Pathways to Coverage Flyer (7/10),https://pathways.georgia.gov/media/1106/download,1.4MB,1455.7373046875,2024-06-19 15:02:08,Georgia Pathways to Coverage,"With Georgia Pathways, there is a better way to health care",,2024-01-31 08:01:08,Adobe PDF Library 17.0,1,1,7,PDF 1.7,"['https://pathways.georgia.gov/about-pathways/guides-and-toolkits', 'https://pathways.georgia.gov/resources', 'https://pathways.georgia.gov/about-pathways/guides-and-toolkits#main-content', 'https://pathways.georgia.gov/resources#main-content']",['Pathways\n \nFlyer 7'],Flyer,0.7295180559158325
Georgia Pathways to Coverage Flyer (8/10),https://pathways.georgia.gov/media/1111/download,4.3MB,4453.4990234375,2024-06-19 15:02:07,Georgia Pathways to Coverage,"Try Georgia Pathways, health insurance that gets you covered",,2024-01-31 08:01:08,Adobe PDF Library 17.0,1,1,8,PDF 1.7,"['https://pathways.georgia.gov/about-pathways/guides-and-toolkits', 'https://pathways.georgia.gov/resources', 'https://pathways.georgia.gov/about-pathways/guides-and-toolkits#main-content', 'https://pathways.georgia.gov/resources#main-content']",['Pathways\n \nFlyer 8'],Flyer,0.6349083781242371
Georgia Pathways to Coverage Flyer (9/10),https://pathways.georgia.gov/media/1116/download,2.5MB,2566.666015625,2024-06-19 15:02:07,Georgia Pathways to Coverage,"Georgia Pathways, a new healthcare program for Georgians",,2024-01-31 08:01:08,Adobe PDF Library 17.0,1,1,8,PDF 1.7,"['https://pathways.georgia.gov/about-pathways/guides-and-toolkits', 'https://pathways.georgia.gov/resources', 'https://pathways.georgia.gov/about-pathways/guides-and-toolkits#main-content', 'https://pathways.georgia.gov/resources#main-content']",['Pathways\n \nFlyer 9'],Flyer,0.7608540058135986
Georgia Pathways to Coverage Flyer (10/10),https://pathways.georgia.gov/media/1121/download,2.0MB,2098.1181640625,2024-06-19 12:02:07,Georgia Pathways to Coverage Flyer,"Try Georgia Pathways, health insurance that gets you covered",,2024-01-30 15:00:05,Adobe PDF Library 17.0,1,1,8,PDF 1.7,"['https://pathways.georgia.gov/about-pathways/guides-and-toolkits', 'https://pathways.georgia.gov/resources', 'https://pathways.georgia.gov/about-pathways/guides-and-toolkits#main-content', 'https://pathways.georgia.gov/resources#main-content']",['Pathways\n \nFlyer 10'],Flyer,0.71841961145401
PowerPoint Presentation,https://pathways.georgia.gov/document/document/uninsured-datamedia-factsheet2023/download,198.7KB,198.654296875,2024-09-25 16:02:09,"Lucente, Emily",,,2024-09-25 16:02:09,Adobe PDF Library 24.3.144,1,4,1,PDF 1.6,"['https://pathways.georgia.gov/about-pathways/guides-and-toolkits', 'https://pathways.georgia.gov/resources', 'https://pathways.georgia.gov/about-pathways/guides-and-toolkits#main-content', 'https://pathways.georgia.gov/resources#main-content']",['Georgia\n \nUninsured and Marketplace Population Data'],Diagram,0.8803037405014038
PCG Report Template Blue,https://pathways.georgia.gov/document/document/evaluation-design-georgia-pathways-demonstration-program/download,1.0MB,1035.5888671875,2024-11-26 12:00:08,"Lang, Jessica",,,2024-11-26 12:00:08,Microsoft® Word for Microsoft 365,61,48,4,PDF 1.7,"['https://pathways.georgia.gov/about-pathways/guides-and-toolkits', 'https://pathways.georgia.gov/resources', 'https://pathways.georgia.gov/about-pathways/guides-and-toolkits#main-content', 'https://pathways.georgia.gov/resources#main-content']",['Evaluation\n \nDesign: Georgia Pathways Demonstration Program'],Report,0.9281134009361267
download,https://pathways.georgia.gov/media/901/download,4.2MB,4281.552734375,2024-06-20 10:00:02,,,,2023-12-05 12:02:04,Adobe PDF Library 17.0,2,0,10,PDF 1.7,"['https://pathways.georgia.gov/about-pathways/georgia-pathways-hipp', 'https://pathways.georgia.gov/about-pathways/georgia-pathways-hipp#main-content']",['Pathways\n \nHIPP One-Pager\xa0- English'],Brochure,0.8291228413581848
download,https://pathways.georgia.gov/media/966/download,722.2KB,722.2021484375,2024-08-28 17:00:07,Usuario,,,2024-08-28 17:00:07,Microsoft® Word 2016,2,0,8,PDF 1.4,"['https://pathways.georgia.gov/about-pathways/georgia-pathways-hipp', 'https://pathways.georgia.gov/about-pathways/georgia-pathways-hipp#main-content']",['Pathways\n \nHIPP One-Pager - Spanish'],Brochure,0.7011856436729431
download,https://pathways.georgia.gov/media/931/download,171.0KB,171.0234375,2024-07-10 15:05:07,"Graves, David",,,2024-07-10 15:05:07,Adobe PDF Library 24.2.159,8,6,8,PDF 1.6,"['https://pathways.georgia.gov/about-pathways/georgia-pathways-hipp', 'https://pathways.georgia.gov/about-pathways/georgia-pathways-hipp#main-content']",['Pathways\n \nHIPP FAQs - English'],Policy,0.38429686427116394
download,https://pathways.georgia.gov/document/document/ga-pathways-hipp-faqs2025finalspanish/download,157.4KB,157.400390625,2025-03-17 10:02:04,"Graves, David",,,2025-03-17 10:02:04,Adobe PDF Library 25.1.208,8,0,8,PDF 1.6,"['https://pathways.georgia.gov/about-pathways/georgia-pathways-hipp', 'https://pathways.georgia.gov/about-pathways/georgia-pathways-hipp#main-content']",['Pathways\n \nHIPP FAQs - Spanish'],Policy,0.49719828367233276
download,https://pathways.georgia.gov/document/document/medicaid-application-attachments-denglish/download,785.5KB,785.5146484375,2023-06-28 15:05:01,"Green, Bradly",,,2023-06-28 15:05:01,Adobe Acrobat Pro 2020 20.5.30467,17,17,11,PDF 1.7,"['https://pathways.georgia.gov/how-apply', 'https://pathways.georgia.gov/how-apply#main-content']",['Medicaid\n \nApplication Attachments A-D English'],Form,0.4919252097606659
download,https://pathways.georgia.gov/document/document/medicaid-application-attachments-dspanish/download,1013.9KB,1013.935546875,2023-06-28 15:05:07,Pradeep Samala,,,2023-06-28 15:05:07,Adobe Acrobat Pro 2020 20.5.30467,24,33,21,PDF 1.7,"['https://pathways.georgia.gov/how-apply', 'https://pathways.georgia.gov/how-apply#main-content']",['Medicaid\n \nApplication Attachments A-D Spanish'],Slides,0.37438318133354187
