file_name,url,file_size,file_size_kilobytes,last_modified_date,author,subject,keywords,creation_date,producer,number_of_pages,number_of_tables,number_of_images,version,source,text_around_link,predicted_category,predicted_category_confidence
POAB Presentation,https://poab.georgia.gov/document/publication/printable-pdf-version-poab-powerpoint-presentation/download,25.2MB,25799.3759765625,2024-07-24 17:04:05,Aleah Armstrong,,"DAGHMZeyUCA,BADxChs68nY",2024-07-24 17:04:05,Canva,21,5,50,PDF 1.4,"['https://poab.georgia.gov#main-content', 'https://poab.georgia.gov?instance_overrides_key=u9abu8PcFX66xzB5lThAz7bzIRa9p7wGnMSHPHCsSPo&page=3', 'https://poab.georgia.gov', 'https://poab.georgia.gov?instance_overrides_key=u9abu8PcFX66xzB5lThAz7bzIRa9p7wGnMSHPHCsSPo&page=2', 'https://poab.georgia.gov?instance_overrides_key=u9abu8PcFX66xzB5lThAz7bzIRa9p7wGnMSHPHCsSPo&page=2#main-content', 'https://poab.georgia.gov?instance_overrides_key=u9abu8PcFX66xzB5lThAz7bzIRa9p7wGnMSHPHCsSPo&page=3#main-content', 'https://poab.georgia.gov?instance_overrides_key=u9abu8PcFX66xzB5lThAz7bzIRa9p7wGnMSHPHCsSPo&page=1', 'https://poab.georgia.gov?instance_overrides_key=u9abu8PcFX66xzB5lThAz7bzIRa9p7wGnMSHPHCsSPo&page=0#main-content', 'https://poab.georgia.gov/organization/purpose', 'https://poab.georgia.gov/organization/purpose#main-content', 'https://poab.georgia.gov?instance_overrides_key=u9abu8PcFX66xzB5lThAz7bzIRa9p7wGnMSHPHCsSPo&page=0', 'https://poab.georgia.gov?instance_overrides_key=u9abu8PcFX66xzB5lThAz7bzIRa9p7wGnMSHPHCsSPo&page=1#main-content']",['Download\xa0PDF Presentation'],Slides,0.9952966570854187
download,https://poab.georgia.gov/document/member-form/poab-application/download,1.0MB,1061.9677734375,2024-08-12 08:00:07,Aleah Armstrong,,,2024-05-08 08:05:07,Adobe PDF Library 24.2,3,1,2,PDF 1.7,"['https://poab.georgia.gov/news/2022-05-17/communications-officers-now-eligible', 'https://poab.georgia.gov/join-fund#main-content', 'https://poab.georgia.gov/news/2022-05-17/communications-officers-now-eligible#main-content', 'https://poab.georgia.gov/join-fund']","['POAB\xa0Application Packet - General LE', 'Membership\xa0Application']",Brochure,0.48218071460723877
download,https://poab.georgia.gov/document/member-form/poab-application-department-corrections/download,1.1MB,1122.5595703125,2024-05-08 09:04:07,Aleah Armstrong,,,2024-05-08 08:05:07,Adobe PDF Library 24.2,3,1,2,PDF 1.7,"['https://poab.georgia.gov/join-fund#main-content', 'https://poab.georgia.gov/join-fund']",['Membership\xa0Application for Department of Corrections'],Form,0.8047468662261963
download,https://poab.georgia.gov/document/document/ach-bank-draft-formpdf/download,193.6KB,193.564453125,2021-08-26 10:03:08,Aleah Armstrong,,,2019-03-19 09:03:08,Adobe PDF Library 19.10.123,1,0,0,PDF 1.6,"['https://poab.georgia.gov/dues/payment-options', 'https://poab.georgia.gov/dues-payment-options', 'https://poab.georgia.gov/dues/dues-payment-options', 'https://poab.georgia.gov/dues/payment-options#main-content', 'https://poab.georgia.gov/join-fund#main-content', 'https://poab.georgia.gov/dues-payment-options#main-content', 'https://poab.georgia.gov/dues/dues-payment-options#main-content', 'https://poab.georgia.gov/join-fund']","['Automatic\n \nWithdrawal Authorization Form (ACH Form)', 'Automatic\xa0Withdrawal Authorization Form']",Form,0.698236882686615
download,https://poab.georgia.gov/media/2616/download,161.1KB,161.1142578125,2023-01-11 14:01:04,Aleah Armstrong,,,2023-01-11 14:01:04,Adobe PDF Library 22.3.58,1,0,0,PDF 1.6,"['https://poab.georgia.gov/membership/account-changes#main-content', 'https://poab.georgia.gov/membership/account-changes']",['Contact\n \nInformation Change Request Form'],Form,0.5334043502807617
download,https://poab.georgia.gov/document/member-form/certification-employing-agency-0/download,994.5KB,994.49609375,2022-07-26 09:00:01,Aleah Armstrong,,,2018-05-23 11:00:09,Adobe PDF Library 15.0,1,0,0,PDF 1.6,"['https://poab.georgia.gov/membership/creditable-service/purchase-prior-service#main-content', 'https://poab.georgia.gov/membership/employment-changes#main-content', 'https://poab.georgia.gov/membership/employment-changes', 'https://poab.georgia.gov/membership/creditable-service/purchase-prior-service']",['Certification\xa0by Employing Agency'],Diagram,0.4511358141899109
Microsoft Word - CofE for DOC,https://poab.georgia.gov/document/member-form/certification-employing-agency-department-corrections/download,633.6KB,633.583984375,2021-08-26 10:01:07,aarmstrong,,,2021-07-20 15:01:07,Microsoft: Print To PDF,1,0,0,PDF 1.7,"['https://poab.georgia.gov/membership/creditable-service/purchase-prior-service#main-content', 'https://poab.georgia.gov/membership/employment-changes#main-content', 'https://poab.georgia.gov/membership/employment-changes', 'https://poab.georgia.gov/membership/creditable-service/purchase-prior-service']",['Certification\xa0by Employing Agency for Department of Corrections'],Diagram,0.6663783192634583
download,https://poab.georgia.gov/document/member-form/payroll-deduction-authorization-formpdf/download,152.2KB,152.205078125,2022-12-30 08:03:02,Aleah armstrong,,,2019-05-29 13:01:00,Adobe PDF Library 19.12.66,1,0,0,PDF 1.6,"['https://poab.georgia.gov/dues/payment-options', 'https://poab.georgia.gov/dues/dues-payment-options', 'https://poab.georgia.gov/dues-payment-options', 'https://poab.georgia.gov/dues/payment-options#main-content', 'https://poab.georgia.gov/dues-payment-options#main-content', 'https://poab.georgia.gov/dues/dues-payment-options#main-content']",['Payroll\xa0Deduction\n \nform'],Form,0.5756703019142151
download,https://poab.georgia.gov/document/member-form/overpayment-refund-request-form/download,138.2KB,138.232421875,2024-05-15 08:02:06,Aleah Armstrong,,,2024-05-15 08:02:04,Adobe PDF Library 24.2,1,0,0,PDF 1.6,"['https://poab.georgia.gov/dues/request-refund', 'https://poab.georgia.gov/dues/request-refund#main-content']","['Overpayment\xa0Refund Request Form', 'Overpayment\xa0Refund\n \nRequest Form']",Form,0.4276650846004486
download,https://poab.georgia.gov/document/member-form/refund-request/download,139.4KB,139.4287109375,2024-05-15 08:03:08,Aleah Armstrong,,,2024-05-15 08:02:04,Adobe PDF Library 24.2,1,0,0,PDF 1.6,"['https://poab.georgia.gov/dues/request-refund', 'https://poab.georgia.gov/dues/request-refund#main-content']",['Refund\xa0Request'],Letter,0.5307832360267639
download,https://poab.georgia.gov/media/2471/download,315.2KB,315.1533203125,2022-06-13 11:01:06,Aleah Armstrong,,,2018-05-14 10:01:07,Adobe PDF Library 15.0,1,0,0,PDF 1.6,"['https://poab.georgia.gov/benefits/death-benefit', 'https://poab.georgia.gov/death-payment#main-content', 'https://poab.georgia.gov/death-payment', 'https://poab.georgia.gov/benefits/death-benefit#main-content']",['Beneficiary\xa0of\n \nDeath Benefits Designation form.'],Diagram,0.5119956135749817
Fillable POAB Remittance Report 2020.xlsx,https://poab.georgia.gov/document/court-form/remittance-report-2020-rates/download,76.1KB,76.0732421875,2022-01-10 09:01:06,gjones,,,2022-01-10 09:01:06,Acrobat Distiller 21.0 (Windows),1,1,0,PDF 1.6,"['https://poab.georgia.gov/courts', 'https://poab.georgia.gov/courts#main-content']",['Remittance\xa0Report-2020 Rates'],Report,0.9113546013832092
Fillable POAB Remittance Report.xlsx,https://poab.georgia.gov/document/court-form/remittance-report-original-rates/download,162.8KB,162.8076171875,2022-01-10 10:01:07,gjones,,,2022-01-10 10:01:07,Acrobat Distiller 21.0 (Windows),1,1,0,PDF 1.6,"['https://poab.georgia.gov/courts', 'https://poab.georgia.gov/courts#main-content']",['Remittance\xa0Report-Original Rates'],Report,0.8836488723754883
Microsoft Word - Agenda 5-7-25,https://poab.georgia.gov/document/agendas/agenda-05072025/download,425.6KB,425.552734375,2025-05-02 10:02:05,Jebby Votaw,,,2025-05-02 10:02:05,Microsoft: Print To PDF,1,0,0,PDF 1.7,"['https://poab.georgia.gov/organization/purpose/board-meetings', 'https://poab.georgia.gov/organization/purpose/board-meetings#main-content']",['Agenda\xa005/07/2025'],Agenda,0.946683943271637
download,https://poab.georgia.gov/document/2025-minutes/minutes-04022025/download,1.3MB,1380.138671875,,,,,2025-05-07 12:04:09,,2,0,2,PDF 1.3,"['https://poab.georgia.gov/organization/purpose/board-meetings', 'https://poab.georgia.gov/organization/purpose/board-meetings#main-content']",['Minutes\xa004/02/2025'],Brochure,0.3316516876220703
download,https://poab.georgia.gov/document/2025-minutes/minutes-03052025/download,1.8MB,1887.6767578125,,,,,2025-04-02 14:01:06,,3,0,3,PDF 1.3,"['https://poab.georgia.gov/organization/purpose/board-meetings', 'https://poab.georgia.gov/organization/purpose/board-meetings#main-content']",['Minutes\xa003/05/2025'],Brochure,0.2272007018327713
download,https://poab.georgia.gov/document/2025-minutes/minutes-02052025/download,1.3MB,1309.876953125,,,,,2025-03-06 11:02:08,,2,0,2,PDF 1.3,"['https://poab.georgia.gov/organization/purpose/board-meetings', 'https://poab.georgia.gov/organization/purpose/board-meetings#main-content']",['Minutes\xa002/05/2025'],Brochure,0.3304882347583771
download,https://poab.georgia.gov/document/2025-minutes/minutes-01082025/download,1.3MB,1334.5380859375,,,,,2025-02-05 13:02:09,,2,0,2,PDF 1.3,"['https://poab.georgia.gov/organization/purpose/board-meetings', 'https://poab.georgia.gov/organization/purpose/board-meetings#main-content']",['Minutes\xa001/08/2025'],Brochure,0.3316516876220703
download,https://poab.georgia.gov/document/2024-financial-statements/alternative-investment-letter-2182025/download,420.6KB,420.6357421875,2025-02-26 09:05:06,,,,2025-02-26 09:05:06,,2,0,2,PDF 1.3,"['https://poab.georgia.gov/organization/purpose/financial-statements#main-content', 'https://poab.georgia.gov/node/10756#main-content', 'https://poab.georgia.gov/node/10756', 'https://poab.georgia.gov/organization/purpose/financial-statements']",['Alternative\xa0Investment Letter - 2/18/2025'],Brochure,0.7453872561454773
2024 Annual Report,https://poab.georgia.gov/document/2024-financial-statements/2024-annual-report/download,18.0MB,18383.1513671875,2024-09-23 09:02:05,Aleah Armstrong,,"DAGMtyjm6xw,BADxChs68nY",2024-09-04 14:00:09,Canva,20,0,17,PDF 1.6,"['https://poab.georgia.gov/organization/purpose/financial-statements#main-content', 'https://poab.georgia.gov/node/10756#main-content', 'https://poab.georgia.gov/organization/purpose/financial-statements', 'https://poab.georgia.gov/news/2024-09-23/2024-annual-report', 'https://poab.georgia.gov/news/2024-09-23/2024-annual-report#main-content', 'https://poab.georgia.gov/node/10756']","['2024\xa0Annual Report', 'FY\n \n2024 Annual Report']",Report,0.8965310454368591
A9ywgzpf_1ciz9q3_agw.tmp,https://poab.georgia.gov/document/2023-financial-statements/fye-2023-audit-report/download,981.9KB,981.8818359375,2024-07-23 11:04:05,bakers,,,2024-07-23 11:04:04,Acrobat Distiller 24.0 (Windows),36,1,6,PDF 1.6,"['https://poab.georgia.gov/organization/purpose/financial-statements#main-content', 'https://poab.georgia.gov/node/10756#main-content', 'https://poab.georgia.gov/node/10756', 'https://poab.georgia.gov/organization/purpose/financial-statements']",['FYE\xa02023 Audit Report'],Report,0.9724823832511902
A9leebnp_195a3iw_lrs.tmp,https://poab.georgia.gov/document/2023-financial-statements/fye-2023-gasb-audit-report/download,789.0KB,789.0009765625,2024-07-25 10:04:00,Catherine Greene,,,2024-07-25 10:03:08,Acrobat Distiller 24.0 (Windows),40,0,4,PDF 1.6,"['https://poab.georgia.gov/organization/purpose/financial-statements#main-content', 'https://poab.georgia.gov/node/10756#main-content', 'https://poab.georgia.gov/node/10756', 'https://poab.georgia.gov/organization/purpose/financial-statements']",['FYE\xa02023 GASB Audit Report'],Report,0.9737594127655029
download,https://poab.georgia.gov/document/2023-financial-statements/alternative-investment-letter-342024/download,387.2KB,387.1669921875,2024-03-08 13:00:04,,,,2024-03-05 12:05:09,,2,0,2,PDF 1.3,"['https://poab.georgia.gov/organization/purpose/financial-statements#main-content', 'https://poab.georgia.gov/node/10756#main-content', 'https://poab.georgia.gov/node/10756', 'https://poab.georgia.gov/organization/purpose/financial-statements']",['Alternative\xa0Investment Letter - 3/4/2024'],Brochure,0.6902624368667603
POAB - 2023 Annual Report,https://poab.georgia.gov/document/2023-financial-statements/2023-annual-report/download,12.8MB,13114.6630859375,,Aleah Armstrong,,"DAFic0HWbgE,BADxChs68nY",2023-09-27 13:05:08,Canva,16,0,16,PDF 1.4,"['https://poab.georgia.gov/news/2023-09-27/2023-annual-report', 'https://poab.georgia.gov/organization/purpose/financial-statements#main-content', 'https://poab.georgia.gov/node/10756#main-content', 'https://poab.georgia.gov/news/2023-09-27/2023-annual-report#main-content', 'https://poab.georgia.gov/organization/purpose/financial-statements', 'https://poab.georgia.gov/node/10756']","['2023\xa0Annual Report', 'FY\n \n2023 Annual Report']",Report,0.9707636833190918
download,https://poab.georgia.gov/document/2022-financial-statements/fy2022-audit-report/download,727.0KB,727.0244140625,2023-06-20 13:00:05,DOAA,,,2023-06-20 11:00:06,Adobe Acrobat Pro (32-bit) 23.1.20174,33,0,6,PDF 1.7,"['https://poab.georgia.gov/organization/purpose/financial-statements#main-content', 'https://poab.georgia.gov/node/10756#main-content', 'https://poab.georgia.gov/node/10756', 'https://poab.georgia.gov/organization/purpose/financial-statements']",['FY2022\xa0Audit Report'],Report,0.958561897277832
download,https://poab.georgia.gov/document/2022-financial-statements/fy2022-gasb-schedule/download,711.7KB,711.69921875,2023-06-21 09:04:03,Catherine Greene,,,2023-06-20 10:05:03,Adobe Acrobat Pro (32-bit) 23.1.20174,39,0,4,PDF 1.7,"['https://poab.georgia.gov/organization/purpose/financial-statements#main-content', 'https://poab.georgia.gov/node/10756#main-content', 'https://poab.georgia.gov/node/10756', 'https://poab.georgia.gov/organization/purpose/financial-statements']",['FY2022\xa0GASB Schedule'],Report,0.5800745487213135
03022023100804,https://poab.georgia.gov/document/2022-financial-statements/alternative-investment-letter/download,394.4KB,394.369140625,2023-03-02 13:01:09,aarmstrong,,,2023-03-02 13:01:09,Microsoft: Print To PDF,1,0,1,PDF 1.7,"['https://poab.georgia.gov/organization/purpose/financial-statements#main-content', 'https://poab.georgia.gov/node/10756#main-content', 'https://poab.georgia.gov/node/10756', 'https://poab.georgia.gov/organization/purpose/financial-statements']",['Alternative\xa0Investment Letter'],Diagram,0.3642638623714447
Microsoft Word - POAB Annual Report,https://poab.georgia.gov/document/2022-financial-statements/fy2022-annual-report/download,2.0MB,2067.587890625,2022-10-06 08:02:03,aarmstrong,,,2022-10-06 08:02:03,Microsoft: Print To PDF,13,10,39,PDF 1.7,"['https://poab.georgia.gov/organization/purpose/financial-statements#main-content', 'https://poab.georgia.gov/node/10756#main-content', 'https://poab.georgia.gov/node/10756', 'https://poab.georgia.gov/organization/purpose/financial-statements']",['FY2022\xa0Annual Report'],Report,0.9793477654457092
download,https://poab.georgia.gov/document/2021-financial-statements/fy2021-audit-report/download,700.3KB,700.3388671875,,,,,2022-05-19 10:03:08,PDFium,34,1,5,PDF 1.7,"['https://poab.georgia.gov/organization/purpose/financial-statements#main-content', 'https://poab.georgia.gov/node/10756#main-content', 'https://poab.georgia.gov/node/10756', 'https://poab.georgia.gov/organization/purpose/financial-statements']",['FY2021\xa0Audit Report'],Report,0.9582733511924744
download,https://poab.georgia.gov/document/2021-financial-statements/fy2021-gasb-schedule/download,857.5KB,857.5322265625,,,,,2022-05-19 10:03:06,PDFium,39,0,4,PDF 1.7,"['https://poab.georgia.gov/organization/purpose/financial-statements#main-content', 'https://poab.georgia.gov/node/10756#main-content', 'https://poab.georgia.gov/node/10756', 'https://poab.georgia.gov/organization/purpose/financial-statements']",['FY2021\xa0GASB Schedule'],Report,0.5755724906921387
download,https://poab.georgia.gov/document/2021-financial-statements/fy2021-alternative-investments/download,36.4KB,36.380859375,,,,,2022-03-02 14:02:06, ,1,0,1,PDF 1.3,"['https://poab.georgia.gov/organization/purpose/financial-statements#main-content', 'https://poab.georgia.gov/node/10756#main-content', 'https://poab.georgia.gov/node/10756', 'https://poab.georgia.gov/organization/purpose/financial-statements']",['FY2021\xa0Alternative Investments'],Notice,0.2500765323638916
Microsoft Word - Peace Officers' Annuity and Benefit Fund of the Georgia Financial Statements FY 2020,https://poab.georgia.gov/document/2020-financial-statements/fy2020-audit-report/download,696.4KB,696.439453125,2021-08-12 10:04:08,delvallen,,,2021-08-12 10:04:03,Acrobat Distiller 21.0 (Windows),35,1,3,PDF 1.6,"['https://poab.georgia.gov/organization/purpose/financial-statements#main-content', 'https://poab.georgia.gov/node/10756#main-content', 'https://poab.georgia.gov/node/10756', 'https://poab.georgia.gov/organization/purpose/financial-statements']",['FY2020\xa0Audit Report'],Report,0.9136849045753479
Microsoft Word - POAB 2020 GASB 68,https://poab.georgia.gov/document/2020-financial-statements/fy2020-gasb68-schedule/download,413.9KB,413.90234375,2021-08-11 09:05:00,delvallen,,,2021-08-11 09:04:07,Acrobat Distiller 21.0 (Windows),43,0,1,PDF 1.6,"['https://poab.georgia.gov/organization/purpose/financial-statements#main-content', 'https://poab.georgia.gov/node/10756#main-content', 'https://poab.georgia.gov/node/10756', 'https://poab.georgia.gov/organization/purpose/financial-statements']",['FY2020\xa0GASB68 Schedule'],Report,0.5892306566238403
download,https://poab.georgia.gov/document/2020-financial-statements/fy2020-alternative-investments/download,41.2KB,41.234375,,,,,2021-02-04 14:05:01, ,1,0,1,PDF 1.3,"['https://poab.georgia.gov/organization/purpose/financial-statements#main-content', 'https://poab.georgia.gov/node/10756#main-content', 'https://poab.georgia.gov/node/10756', 'https://poab.georgia.gov/organization/purpose/financial-statements']",['FY2020\xa0Alternative Investments'],Notice,0.34371045231819153
Microsoft Word - POAB 2019 Financial Statements - 4.13.2020,https://poab.georgia.gov/document/2019-financial-statements/fy2019-audit-report/download,690.5KB,690.54296875,2020-05-19 09:00:06,bakers,,,2020-05-12 17:00:00,Acrobat Distiller 20.0 (Windows),40,0,3,PDF 1.6,"['https://poab.georgia.gov/organization/purpose/financial-statements#main-content', 'https://poab.georgia.gov/node/10756#main-content', 'https://poab.georgia.gov/node/10756', 'https://poab.georgia.gov/organization/purpose/financial-statements']",['FY2019\xa0Audit Report'],Report,0.9748320579528809
download,https://poab.georgia.gov/document/2019-financial-statements/fy2019-gasb68-schedule/download,797.6KB,797.6181640625,2020-05-15 09:02:09,,,,2020-04-30 15:00:05,Foxit PhantomPDF Printer Version 9.7.1.2227,46,0,1,PDF 1.7,"['https://poab.georgia.gov/organization/purpose/financial-statements#main-content', 'https://poab.georgia.gov/node/10756#main-content', 'https://poab.georgia.gov/node/10756', 'https://poab.georgia.gov/organization/purpose/financial-statements']",['FY2019\xa0GASB68 Schedule'],Report,0.5528614521026611
download,https://poab.georgia.gov/document/2019-financial-statements/fy2019-alternative-investments/download,111.8KB,111.7822265625,,,,,2020-05-08 15:04:04, ,1,0,3,PDF 1.3,"['https://poab.georgia.gov/organization/purpose/financial-statements#main-content', 'https://poab.georgia.gov/node/10756#main-content', 'https://poab.georgia.gov/node/10756', 'https://poab.georgia.gov/organization/purpose/financial-statements']",['FY2019\xa0Alternative Investments'],Letter,0.22875547409057617
download,https://poab.georgia.gov/document/2018-financial-statements/fy2018-audit-report/download,1.3MB,1286.9951171875,2019-06-10 14:02:04,,,,2019-06-10 14:01:06,Xerox Color C70,42,0,42,PDF 1.4,"['https://poab.georgia.gov/organization/purpose/financial-statements#main-content', 'https://poab.georgia.gov/node/10756#main-content', 'https://poab.georgia.gov/node/10756', 'https://poab.georgia.gov/organization/purpose/financial-statements']",['FY2018\xa0Audit Report'],Report,0.9674654006958008
download,https://poab.georgia.gov/document/2018-financial-statements/fy2018-gasb68-schedule/download,1.1MB,1105.5361328125,2019-06-10 14:00:09,,,,2019-06-10 13:04:03,Xerox Color C70,47,0,47,PDF 1.4,"['https://poab.georgia.gov/organization/purpose/financial-statements#main-content', 'https://poab.georgia.gov/node/10756#main-content', 'https://poab.georgia.gov/node/10756', 'https://poab.georgia.gov/organization/purpose/financial-statements']",['FY2018\xa0GASB68 Schedule'],Report,0.5806840658187866
download,https://poab.georgia.gov/document/2017-financial-statements/fy2017-audit-report/download,714.3KB,714.291015625,,,,,2018-08-02 09:03:02,PDFium,47,0,6,PDF 1.7,"['https://poab.georgia.gov/organization/purpose/financial-statements#main-content', 'https://poab.georgia.gov/node/10756#main-content', 'https://poab.georgia.gov/node/10756', 'https://poab.georgia.gov/organization/purpose/financial-statements']",['FY2017\xa0Audit Report'],Report,0.9606761932373047
Peace Officers' Annuity and Benefit Fund of Georgia GASB 68 Audit Report,https://poab.georgia.gov/document/2017-financial-statements/fy2017-gasb68-schedule/download,687.8KB,687.76953125,2018-06-01 15:03:03,DOAA,GASB 68 Audit Report,"audit report, gasb 68, fiscal year 2017, peace, officers, annuity, benefit, fund, georgia",2018-05-07 11:02:04,Foxit PhantomPDF Printer Version 8.0.2.0718,43,0,0,PDF 1.7,"['https://poab.georgia.gov/organization/purpose/financial-statements#main-content', 'https://poab.georgia.gov/node/10756#main-content', 'https://poab.georgia.gov/node/10756', 'https://poab.georgia.gov/organization/purpose/financial-statements']",['FY2017\xa0GASB68 Schedule'],Report,0.9298115968704224
download,https://poab.georgia.gov/document/2016-financial-statements/fy2016-gasb68-schedule/download,1.9MB,1929.0791015625,,,,,2017-07-21 11:00:08,Adobe PSL 1.2e for Canon,38,0,76,PDF 1.4,"['https://poab.georgia.gov/organization/purpose/financial-statements#main-content', 'https://poab.georgia.gov/node/10756#main-content', 'https://poab.georgia.gov/node/10756', 'https://poab.georgia.gov/organization/purpose/financial-statements']",['FY2016\xa0GASB68 Schedule'],Report,0.5921564698219299
download,https://poab.georgia.gov/document/2016-financial-statements/fy2016-audit-report/download,1.7MB,1743.9072265625,2021-01-20 13:05:06,,,,2017-07-21 10:05:07,Xerox Versant 80 Press,42,0,42,PDF 1.5,"['https://poab.georgia.gov/organization/purpose/financial-statements#main-content', 'https://poab.georgia.gov/node/10756#main-content', 'https://poab.georgia.gov/node/10756', 'https://poab.georgia.gov/organization/purpose/financial-statements']",['FY2016\xa0Audit Report'],Report,0.9694371223449707
download,https://poab.georgia.gov/document/2015-financial-statements/fy2015-gasb68-schedule/download,957.5KB,957.494140625,2016-09-30 14:00:01,,,,2016-09-30 08:00:03,Canon iR2545,38,0,38,PDF 1.7,"['https://poab.georgia.gov/organization/purpose/financial-statements#main-content', 'https://poab.georgia.gov/node/10756#main-content', 'https://poab.georgia.gov/node/10756', 'https://poab.georgia.gov/organization/purpose/financial-statements']",['FY2015\xa0GASB68 Schedule'],Report,0.5818167328834534
Fortis-0000AC9D.MAG,https://poab.georgia.gov/document/2014-financial-statements/fy2014-gasb68-schedule/download,2.9MB,2932.4228515625,,,,,2015-11-17 11:00:02,Amyuni PDF Converter version 3.03,51,0,765,PDF 1.3,"['https://poab.georgia.gov/organization/purpose/financial-statements#main-content', 'https://poab.georgia.gov/node/10756#main-content', 'https://poab.georgia.gov/node/10756', 'https://poab.georgia.gov/organization/purpose/financial-statements']",['FY2014\xa0GASB68 Schedule'],Report,0.5627094507217407
download,https://poab.georgia.gov/document/document/retirees-notice-change-addresspdf/download,96.0KB,96.0263671875,2022-11-02 09:05:07,Aleah Armstrong,,,2022-11-02 09:05:04,Adobe PDF Library 22.3.39,1,0,0,PDF 1.6,"['https://poab.georgia.gov/benefits/retirement-benefit/retiree-account-changes', 'https://poab.georgia.gov/benefits/retirement-benefit/retiree-account-changes#main-content']",['Retirees\n \n- Notice of Change of Address'],Letter,0.2001865655183792
download,https://poab.georgia.gov/document/member-form/income-tax-withholding-declarationpdf/download,322.7KB,322.705078125,2021-08-26 10:04:06,Aleah Armstrong,,,2018-05-17 15:03:04,Adobe PDF Library 15.0,1,0,0,PDF 1.6,"['https://poab.georgia.gov/benefits/retirement-benefit/retiree-account-changes', 'https://poab.georgia.gov/benefits/retirement-benefit/retiree-account-changes#main-content']",['Income\n \nTax Withholding Declaration Form'],Diagram,0.5551590323448181
download,https://poab.georgia.gov/document/member-form/direct-deposit-form/download,216.0KB,216.0380859375,2021-08-26 10:04:06,Aleah Armstrong,,,2018-05-17 15:03:04,Adobe PDF Library 15.0,1,0,0,PDF 1.6,"['https://poab.georgia.gov/benefits/retirement-benefit/retiree-account-changes', 'https://poab.georgia.gov/benefits/retirement-benefit/retiree-account-changes#main-content']",['Direct\n \nDeposit Form'],Form,0.6115847229957581
download,https://poab.georgia.gov/document/2024-minutes/minutes-12042024/download,1.3MB,1342.7509765625,,,,,2025-01-09 06:02:09,,2,0,2,PDF 1.3,"['https://poab.georgia.gov/past-board-meeting-minutes#main-content', 'https://poab.georgia.gov/past-board-meeting-minutes']",['Minutes\xa012/04/2024'],Brochure,0.6714285016059875
download,https://poab.georgia.gov/document/2024-minutes/minutes-11062024/download,1.5MB,1523.501953125,,,,,2024-12-11 10:04:09,,2,0,2,PDF 1.3,"['https://poab.georgia.gov/past-board-meeting-minutes#main-content', 'https://poab.georgia.gov/past-board-meeting-minutes']",['Minutes\xa011/06/2024'],Brochure,0.6293178200721741
download,https://poab.georgia.gov/document/2024-minutes/minutes-09242024/download,1.3MB,1366.166015625,,,,,2024-11-06 14:03:02,,2,0,2,PDF 1.3,"['https://poab.georgia.gov/past-board-meeting-minutes#main-content', 'https://poab.georgia.gov/past-board-meeting-minutes']",['Minutes\xa009/24/2024'],Brochure,0.6714285016059875
download,https://poab.georgia.gov/document/2024-minutes/minutes-10022024/download,1.1MB,1143.2568359375,,,,,2024-11-06 14:03:00,,2,0,2,PDF 1.3,"['https://poab.georgia.gov/past-board-meeting-minutes#main-content', 'https://poab.georgia.gov/past-board-meeting-minutes']",['Minutes\xa010/02/2024'],Brochure,0.6673392653465271
download,https://poab.georgia.gov/document/2024-minutes/minutes-08072024/download,1.5MB,1536.0263671875,,,,,2024-09-10 08:05:09,,2,0,2,PDF 1.3,"['https://poab.georgia.gov/past-board-meeting-minutes#main-content', 'https://poab.georgia.gov/past-board-meeting-minutes']",['Minutes\xa008/07/2024'],Brochure,0.6330441236495972
download,https://poab.georgia.gov/document/2024-minutes/minutes-07032024/download,1.5MB,1502.4658203125,,,,,2024-08-07 15:02:04,,2,0,2,PDF 1.3,"['https://poab.georgia.gov/past-board-meeting-minutes#main-content', 'https://poab.georgia.gov/past-board-meeting-minutes']",['Minutes\xa007/03/2024'],Brochure,0.6293178200721741
download,https://poab.georgia.gov/document/2024-minutes/minutes-06052024/download,1.4MB,1430.373046875,,,,,2024-07-03 13:01:01,,2,0,2,PDF 1.3,"['https://poab.georgia.gov/past-board-meeting-minutes#main-content', 'https://poab.georgia.gov/past-board-meeting-minutes']",['Minutes\xa006/05/2024'],Brochure,0.6714285016059875
download,https://poab.georgia.gov/document/2024-minutes/minutes-05012024/download,1.5MB,1558.58203125,,,,,2024-06-05 14:03:00,,2,0,2,PDF 1.3,"['https://poab.georgia.gov/past-board-meeting-minutes#main-content', 'https://poab.georgia.gov/past-board-meeting-minutes']",['Minutes\xa005/01/2024'],Brochure,0.6330441236495972
download,https://poab.georgia.gov/document/2024-minutes/minutes-04032024/download,450.8KB,450.7724609375,,,,,2024-05-02 09:00:08,,2,0,2,PDF 1.3,"['https://poab.georgia.gov/past-board-meeting-minutes#main-content', 'https://poab.georgia.gov/past-board-meeting-minutes']",['Minutes\xa004/03/2024'],Brochure,0.6817280054092407
download,https://poab.georgia.gov/document/2024-minutes/minutes-03062024/download,486.6KB,486.6474609375,2024-04-04 08:01:03,,,,2024-04-03 13:05:09,,2,0,2,PDF 1.3,"['https://poab.georgia.gov/past-board-meeting-minutes#main-content', 'https://poab.georgia.gov/past-board-meeting-minutes']",['Minutes\xa003/06/2024'],Brochure,0.6870078444480896
download,https://poab.georgia.gov/document/2024-minutes/minutes-02072024/download,453.1KB,453.115234375,2024-03-08 13:03:08,,,,2024-03-07 09:05:01,,2,0,2,PDF 1.3,"['https://poab.georgia.gov/past-board-meeting-minutes#main-content', 'https://poab.georgia.gov/past-board-meeting-minutes']",['Minutes\xa002/07/2024'],Brochure,0.6817280054092407
download,https://poab.georgia.gov/document/2024-minutes/minutes-01032024/download,538.4KB,538.41796875,,,,,2024-02-08 12:02:09,,2,0,2,PDF 1.3,"['https://poab.georgia.gov/past-board-meeting-minutes#main-content', 'https://poab.georgia.gov/past-board-meeting-minutes']",['Minutes\xa001/03/2024'],Brochure,0.6798532605171204
download,https://poab.georgia.gov/document/2023-minutes/minutes-12062023/download,606.4KB,606.404296875,,,,,2024-01-04 10:00:07,,2,0,2,PDF 1.3,"['https://poab.georgia.gov/past-board-meeting-minutes#main-content', 'https://poab.georgia.gov/past-board-meeting-minutes']",['Minutes\xa012/06/2023'],Brochure,0.5851390361785889
download,https://poab.georgia.gov/document/2023-minutes/minutes-11012023/download,654.9KB,654.9228515625,2023-12-14 09:02:08,,,,2023-12-13 10:01:01,,2,0,2,PDF 1.3,"['https://poab.georgia.gov/past-board-meeting-minutes#main-content', 'https://poab.georgia.gov/past-board-meeting-minutes']",['Minutes\xa011/01/2023'],Brochure,0.6085918545722961
download,https://poab.georgia.gov/document/2023-minutes/minutes-10042023/download,471.2KB,471.2021484375,,,,,2023-11-03 11:00:04,,2,0,2,PDF 1.3,"['https://poab.georgia.gov/past-board-meeting-minutes#main-content', 'https://poab.georgia.gov/past-board-meeting-minutes']",['Minutes\xa010/04/2023'],Brochure,0.6855379939079285
9-6-23 POAB Board minutes signed.pdf,https://poab.georgia.gov/document/2023-minutes/minutes-09062023/download,637.1KB,637.0556640625,2023-10-05 14:02:07,Aleah Armstrong,,,2023-10-05 14:02:07,Microsoft: Print To PDF,2,0,14,PDF 1.7,"['https://poab.georgia.gov/past-board-meeting-minutes#main-content', 'https://poab.georgia.gov/past-board-meeting-minutes']",['Minutes\xa009/06/2023'],Agenda,0.8604546785354614
download,https://poab.georgia.gov/document/2023-minutes/minutes-07052023/download,460.7KB,460.69921875,,,,,2023-09-06 12:04:00,,2,0,2,PDF 1.3,"['https://poab.georgia.gov/past-board-meeting-minutes#main-content', 'https://poab.georgia.gov/past-board-meeting-minutes']",['Minutes\xa007/05/2023'],Brochure,0.6825353503227234
download,https://poab.georgia.gov/document/2023-minutes/minutes-08022023/download,433.3KB,433.31640625,,,,,2023-09-06 12:03:09,,2,0,2,PDF 1.3,"['https://poab.georgia.gov/past-board-meeting-minutes#main-content', 'https://poab.georgia.gov/past-board-meeting-minutes']",['Minutes\xa008/02/2023'],Brochure,0.6863906979560852
download,https://poab.georgia.gov/document/2023-minutes/minutes-672023/download,724.7KB,724.73046875,,,,,2023-07-06 08:01:08,,2,0,2,PDF 1.3,"['https://poab.georgia.gov/past-board-meeting-minutes#main-content', 'https://poab.georgia.gov/past-board-meeting-minutes']",['Minutes\xa06/7/2023'],Brochure,0.607452392578125
download,https://poab.georgia.gov/document/2023-minutes/minutes-05032023/download,635.5KB,635.462890625,,,,,2023-06-07 15:03:07,,3,0,3,PDF 1.3,"['https://poab.georgia.gov/past-board-meeting-minutes#main-content', 'https://poab.georgia.gov/past-board-meeting-minutes']",['Minutes\xa005/03/2023'],Brochure,0.5330108404159546
download,https://poab.georgia.gov/document/2023-minutes/minutes-04052023/download,541.6KB,541.560546875,,,,,2023-05-04 09:03:00,,2,0,2,PDF 1.3,"['https://poab.georgia.gov/past-board-meeting-minutes#main-content', 'https://poab.georgia.gov/past-board-meeting-minutes']",['Minutes\xa004/05/2023'],Brochure,0.6798532605171204
download,https://poab.georgia.gov/document/2023-minutes/minutes-03012023/download,742.1KB,742.076171875,,,,,2023-04-05 12:02:06,,3,0,3,PDF 1.3,"['https://poab.georgia.gov/past-board-meeting-minutes#main-content', 'https://poab.georgia.gov/past-board-meeting-minutes']",['Minutes\xa003/01/2023'],Brochure,0.5643492937088013
download,https://poab.georgia.gov/document/2023-minutes/minutes-02012023/download,877.9KB,877.904296875,,,,,2023-03-02 08:05:09,,3,0,3,PDF 1.3,"['https://poab.georgia.gov/past-board-meeting-minutes#main-content', 'https://poab.georgia.gov/past-board-meeting-minutes']",['Minutes\xa002/01/2023'],Brochure,0.5766249895095825
download,https://poab.georgia.gov/document/2023-minutes/minutes-01042023/download,864.9KB,864.9130859375,2023-02-02 10:05:09,,,,2023-02-01 12:02:07,,3,0,3,PDF 1.3,"['https://poab.georgia.gov/past-board-meeting-minutes#main-content', 'https://poab.georgia.gov/past-board-meeting-minutes']",['Minutes\xa001/04/2023'],Brochure,0.5771614909172058
download,https://poab.georgia.gov/document/2022-minutes/minutes-12072022/download,615.3KB,615.3173828125,2023-01-05 15:00:08,,,,2023-01-05 13:02:06,,2,0,2,PDF 1.3,"['https://poab.georgia.gov/past-board-meeting-minutes#main-content', 'https://poab.georgia.gov/past-board-meeting-minutes']",['Minutes\xa012/07/2022'],Brochure,0.585547685623169
download,https://poab.georgia.gov/document/2022-minutes/minutes-11022022/download,735.1KB,735.109375,,,,,2022-12-08 08:05:03,,3,0,3,PDF 1.3,"['https://poab.georgia.gov/past-board-meeting-minutes#main-content', 'https://poab.georgia.gov/past-board-meeting-minutes']",['Minutes\xa011/02/2022'],Brochure,0.5643424391746521
download,https://poab.georgia.gov/document/2022-minutes/minutes-10052022/download,532.5KB,532.4638671875,2022-11-02 14:04:08,,,,2022-11-02 14:04:02,,2,0,2,PDF 1.3,"['https://poab.georgia.gov/past-board-meeting-minutes#main-content', 'https://poab.georgia.gov/past-board-meeting-minutes']",['Minutes\xa010/05/2022'],Brochure,0.6798532605171204
download,https://poab.georgia.gov/document/2022-minutes/minutes-09072022/download,470.4KB,470.3779296875,2022-10-05 14:02:07,,,,2022-10-05 14:02:03,,2,0,2,PDF 1.3,"['https://poab.georgia.gov/past-board-meeting-minutes#main-content', 'https://poab.georgia.gov/past-board-meeting-minutes']",['Minutes\xa009/07/2022'],Brochure,0.6855379939079285
download,https://poab.georgia.gov/document/2022-minutes/minutes-08032022/download,563.0KB,562.974609375,2022-09-08 08:00:08,,,,2022-09-08 08:00:00,,2,0,2,PDF 1.3,"['https://poab.georgia.gov/past-board-meeting-minutes#main-content', 'https://poab.georgia.gov/past-board-meeting-minutes']",['Minutes\xa008/03/2022'],Brochure,0.5912318825721741
download,https://poab.georgia.gov/document/2022-minutes/minutes-07062022/download,590.4KB,590.408203125,,,,,2022-08-03 13:04:05,,2,0,2,PDF 1.3,"['https://poab.georgia.gov/past-board-meeting-minutes#main-content', 'https://poab.georgia.gov/past-board-meeting-minutes']",['Minutes\xa007/06/2022'],Brochure,0.5799977779388428
download,https://poab.georgia.gov/document/2022-minutes/minutes-06012022/download,608.7KB,608.7060546875,,,,,2022-07-06 15:01:03,,2,0,2,PDF 1.3,"['https://poab.georgia.gov/past-board-meeting-minutes#main-content', 'https://poab.georgia.gov/past-board-meeting-minutes']",['Minutes\xa006/01/2022'],Brochure,0.585547685623169
Full page photo,https://poab.georgia.gov/document/2022-minutes/minutes-05042022/download,2.6MB,2653.2734375,2022-06-01 14:05:03,jvotaw,,,2022-06-01 14:05:03,Microsoft: Print To PDF,3,0,21,PDF 1.7,"['https://poab.georgia.gov/past-board-meeting-minutes#main-content', 'https://poab.georgia.gov/past-board-meeting-minutes']",['Minutes\xa005/04/2022'],Brochure,0.4293540120124817
Full page photo,https://poab.georgia.gov/document/2022-minutes/minutes-04062022/download,1.8MB,1798.5888671875,2022-05-04 14:05:06,jvotaw,,,2022-05-04 14:05:06,Microsoft: Print To PDF,2,0,20,PDF 1.7,"['https://poab.georgia.gov/past-board-meeting-minutes#main-content', 'https://poab.georgia.gov/past-board-meeting-minutes']",['Minutes\xa004/06/2022'],Brochure,0.6129756569862366
Full page photo,https://poab.georgia.gov/document/2022-minutes/minutes-03022022/download,1.4MB,1463.609375,2022-04-11 14:01:05,jvotaw,,,2022-04-11 14:01:05,Microsoft: Print To PDF,2,0,14,PDF 1.7,"['https://poab.georgia.gov/past-board-meeting-minutes#main-content', 'https://poab.georgia.gov/past-board-meeting-minutes']",['Minutes\xa003/02/2022'],Brochure,0.6293178200721741
ScanImage.pdf,https://poab.georgia.gov/document/2022-minutes/minutes-02022022/download,409.3KB,409.255859375,2022-03-03 08:02:02,jvotaw,,,2022-03-03 08:02:02,Microsoft: Print To PDF,2,0,8,PDF 1.7,"['https://poab.georgia.gov/past-board-meeting-minutes#main-content', 'https://poab.georgia.gov/past-board-meeting-minutes']",['Minutes\xa002/02/2022'],Brochure,0.6244962811470032
ScanImage.pdf,https://poab.georgia.gov/document/2022-minutes/minutes-01052022/download,658.7KB,658.7041015625,2022-02-03 09:05:05,jvotaw,,,2022-02-03 09:05:05,Microsoft: Print To PDF,3,0,16,PDF 1.7,"['https://poab.georgia.gov/past-board-meeting-minutes#main-content', 'https://poab.georgia.gov/past-board-meeting-minutes']",['Minutes\xa001/05/2022'],Brochure,0.5471437573432922
download,https://poab.georgia.gov/document/2021-minutes/minutes-12012021/download,983.2KB,983.1767578125,2022-01-06 13:50:15,,,,2022-01-06 13:50:15,,3,0,3,PDF 1.5,"['https://poab.georgia.gov/past-board-meeting-minutes#main-content', 'https://poab.georgia.gov/past-board-meeting-minutes']",['Minutes\xa012/01/2021'],Brochure,0.5850792527198792
download,https://poab.georgia.gov/document/2021-minutes/minutes-11092021/download,1.7MB,1696.3017578125,2021-12-01 19:45:36,,,,2021-12-01 19:45:36,,3,0,3,PDF 1.5,"['https://poab.georgia.gov/past-board-meeting-minutes#main-content', 'https://poab.georgia.gov/past-board-meeting-minutes']",['Minutes\xa011/09/2021'],Brochure,0.5885448455810547
download,https://poab.georgia.gov/document/2021-minutes/minutes-10062021/download,1.4MB,1429.248046875,2021-11-12 14:02:37,,,,2021-11-12 14:02:37,,3,0,3,PDF 1.5,"['https://poab.georgia.gov/past-board-meeting-minutes#main-content', 'https://poab.georgia.gov/past-board-meeting-minutes']",['Minutes\xa010/06/2021'],Brochure,0.6437321901321411
download,https://poab.georgia.gov/document/2021-minutes/minutes-09012021/download,225.7KB,225.6630859375,2021-11-05 13:03:32,,,,2021-11-05 13:03:32,,3,0,3,PDF 1.5,"['https://poab.georgia.gov/past-board-meeting-minutes#main-content', 'https://poab.georgia.gov/past-board-meeting-minutes']",['Minutes\xa009/01/2021'],Brochure,0.5349387526512146
download,https://poab.georgia.gov/document/2021-minutes/minutes-08112021/download,662.3KB,662.28515625,2021-09-01 19:46:13,,,,2021-09-01 19:46:13,,3,0,3,PDF 1.5,"['https://poab.georgia.gov/past-board-meeting-minutes#main-content', 'https://poab.georgia.gov/past-board-meeting-minutes']",['Minutes\xa008/11/2021'],Brochure,0.5471437573432922
download,https://poab.georgia.gov/document/2021-minutes/minutes-07072021/download,721.8KB,721.8447265625,2021-08-17 12:46:15,,,,2021-08-17 12:46:15,,4,0,4,PDF 1.5,"['https://poab.georgia.gov/past-board-meeting-minutes#main-content', 'https://poab.georgia.gov/past-board-meeting-minutes']",['Minutes\xa007/07/2021'],Brochure,0.5389060378074646
download,https://poab.georgia.gov/document/2021-minutes/minutes-06022021/download,173.5KB,173.4873046875,2021-07-08 13:02:49,,,,2021-07-08 13:02:49,,4,0,4,PDF 1.5,"['https://poab.georgia.gov/past-board-meeting-minutes#main-content', 'https://poab.georgia.gov/past-board-meeting-minutes']",['Minutes\xa006/02/2021'],Brochure,0.3557628095149994
download,https://poab.georgia.gov/document/2021-minutes/minutes-05052021/download,2.0MB,2008.3779296875,2021-06-03 12:50:47,,,,2021-06-03 12:50:47,,4,0,4,PDF 1.5,"['https://poab.georgia.gov/past-board-meeting-minutes#main-content', 'https://poab.georgia.gov/past-board-meeting-minutes']",['Minutes\xa005/05/2021'],Brochure,0.5521330833435059
download,https://poab.georgia.gov/document/2021-minutes/minutes-04072021/download,49.9KB,49.857421875,2021-05-10 14:40:54,,,,2021-05-10 14:40:54,,3,0,3,PDF 1.5,"['https://poab.georgia.gov/past-board-meeting-minutes#main-content', 'https://poab.georgia.gov/past-board-meeting-minutes']",['Minutes\xa004/07/2021'],Policy,0.26705145835876465
download,https://poab.georgia.gov/document/2021-minutes/minutes-03032021/download,843.1KB,843.0546875,2021-04-08 12:28:18,,,,2021-04-08 12:28:18,,3,0,3,PDF 1.5,"['https://poab.georgia.gov/past-board-meeting-minutes#main-content', 'https://poab.georgia.gov/past-board-meeting-minutes']",['Minutes\xa003/03/2021'],Brochure,0.5630142688751221
download,https://poab.georgia.gov/document/2021-minutes/minutes-02032021/download,231.8KB,231.7607421875,2021-03-05 15:08:45,,,,2021-03-05 15:08:45,,4,0,4,PDF 1.5,"['https://poab.georgia.gov/past-board-meeting-minutes#main-content', 'https://poab.georgia.gov/past-board-meeting-minutes']",['Minutes\xa002/03/2021'],Brochure,0.5231956243515015
download,https://poab.georgia.gov/document/2021-minutes/minutes-01062021/download,396.2KB,396.2490234375,2021-02-04 15:09:13,,,,2021-02-04 15:09:13,,5,0,5,PDF 1.5,"['https://poab.georgia.gov/past-board-meeting-minutes#main-content', 'https://poab.georgia.gov/past-board-meeting-minutes']",['Minutes\xa001/06/2021'],Policy,0.29698264598846436
download,https://poab.georgia.gov/document/2020-minutes/minutes-12022020/download,125.1KB,125.05859375,2021-01-07 13:37:52,,,,2021-01-07 13:37:52,,3,0,3,PDF 1.5,"['https://poab.georgia.gov/past-board-meeting-minutes#main-content', 'https://poab.georgia.gov/past-board-meeting-minutes']",['Minutes\xa012/02/2020'],Policy,0.39597633481025696
download,https://poab.georgia.gov/document/2020-minutes/minutes-11042020/download,70.1KB,70.1064453125,2020-12-03 14:54:20,,,,2020-12-03 14:54:20,,3,0,3,PDF 1.5,"['https://poab.georgia.gov/past-board-meeting-minutes#main-content', 'https://poab.georgia.gov/past-board-meeting-minutes']",['Minutes\xa011/04/2020'],Policy,0.36444541811943054
download,https://poab.georgia.gov/document/2020-minutes/minutes-10072020/download,43.6KB,43.595703125,2020-11-06 14:07:04,,,,2020-11-06 14:07:04,,2,0,2,PDF 1.5,"['https://poab.georgia.gov/past-board-meeting-minutes#main-content', 'https://poab.georgia.gov/past-board-meeting-minutes']",['Minutes\xa010/07/2020'],Policy,0.2301861047744751
download,https://poab.georgia.gov/document/2020-minutes/minutes-09022020/download,52.4KB,52.388671875,2020-10-09 14:54:35,,,,2020-10-09 14:54:35,,3,0,3,PDF 1.5,"['https://poab.georgia.gov/past-board-meeting-minutes#main-content', 'https://poab.georgia.gov/past-board-meeting-minutes']",['Minutes\xa009/02/2020'],Policy,0.268179327249527
download,https://poab.georgia.gov/document/2020-minutes/minutes-08052020/download,51.7KB,51.67578125,2020-09-02 18:23:01,,,,2020-09-02 18:23:01,,3,0,3,PDF 1.5,"['https://poab.georgia.gov/past-board-meeting-minutes#main-content', 'https://poab.georgia.gov/past-board-meeting-minutes']",['Minutes\xa008/05/2020'],Policy,0.268179327249527
download,https://poab.georgia.gov/document/2020-minutes/minutes-07012020/download,548.6KB,548.5576171875,2020-08-10 17:34:09,,,,2020-08-10 17:34:09,,3,0,3,PDF 1.5,"['https://poab.georgia.gov/past-board-meeting-minutes#main-content', 'https://poab.georgia.gov/past-board-meeting-minutes']",['Minutes\xa007/01/2020'],Brochure,0.5715348124504089
download,https://poab.georgia.gov/document/2020-minutes/minutes-06032020/download,170.8KB,170.8349609375,2020-07-02 13:19:06,,,,2020-07-02 13:19:06,,2,0,2,PDF 1.5,"['https://poab.georgia.gov/past-board-meeting-minutes#main-content', 'https://poab.georgia.gov/past-board-meeting-minutes']",['Minutes\xa006/03/2020'],Brochure,0.4321669638156891
download,https://poab.georgia.gov/document/2020-minutes/minutes-05062020/download,273.8KB,273.7861328125,2020-06-05 14:14:59,,,,2020-06-05 14:14:59,,3,0,3,PDF 1.5,"['https://poab.georgia.gov/past-board-meeting-minutes#main-content', 'https://poab.georgia.gov/past-board-meeting-minutes']",['Minutes\xa005/06/2020'],Brochure,0.5460028052330017
download,https://poab.georgia.gov/document/2020-minutes/minutes-04012020/download,141.2KB,141.2490234375,2020-05-08 12:21:42,,,,2020-05-08 12:21:42,,2,0,2,PDF 1.5,"['https://poab.georgia.gov/past-board-meeting-minutes#main-content', 'https://poab.georgia.gov/past-board-meeting-minutes']",['Minutes\xa004/01/2020'],Policy,0.3026392161846161
download,https://poab.georgia.gov/document/2020-minutes/minutes-03042020/download,137.8KB,137.7646484375,2020-04-02 18:16:58,,,,2020-04-02 18:16:58,,2,0,2,PDF 1.5,"['https://poab.georgia.gov/past-board-meeting-minutes#main-content', 'https://poab.georgia.gov/past-board-meeting-minutes']",['Minutes\xa003/04/2020'],Policy,0.2901667058467865
download,https://poab.georgia.gov/document/2020-minutes/minutes-02052020/download,313.0KB,312.97265625,2020-03-09 14:37:38,,,,2020-03-09 14:37:38,,3,0,3,PDF 1.5,"['https://poab.georgia.gov/past-board-meeting-minutes#main-content', 'https://poab.georgia.gov/past-board-meeting-minutes']",['Minutes\xa002/05/2020'],Brochure,0.5379453301429749
download,https://poab.georgia.gov/document/2020-minutes/minutes-01082020/download,273.8KB,273.7900390625,2020-02-07 18:18:02,,,,2020-02-07 18:18:02,,3,0,3,PDF 1.5,"['https://poab.georgia.gov/past-board-meeting-minutes#main-content', 'https://poab.georgia.gov/past-board-meeting-minutes']",['Minutes\xa001/08/2020'],Brochure,0.5460028052330017
download,https://poab.georgia.gov/document/2019-minutes/agenda-6-5-19/download,35.0KB,35.0205078125,2019-06-03 15:02:05,judy,,,2019-06-03 15:02:05,Corel PDF Engine Version 11.2.0.238,2,0,0,PDF 1.4,"['https://poab.georgia.gov/past-board-meeting-minutes#main-content', 'https://poab.georgia.gov/past-board-meeting-minutes']",['AGENDA\xa06-5-19'],Policy,0.22112588584423065
download,https://poab.georgia.gov/document/2019-minutes/agenda-7-1-19/download,30.1KB,30.1103515625,2019-06-28 13:03:03,judy,,,2019-06-28 13:03:03,Corel PDF Engine Version 11.2.0.238,2,0,0,PDF 1.4,"['https://poab.georgia.gov/past-board-meeting-minutes#main-content', 'https://poab.georgia.gov/past-board-meeting-minutes']",['Agenda\xa07-1-19'],Policy,0.22275348007678986
download,https://poab.georgia.gov/document/2019-minutes/agenda-8-7-19/download,35.2KB,35.162109375,2019-08-05 14:05:06,judy,,,2019-08-05 14:05:06,Corel PDF Engine Version 11.2.0.238,2,0,0,PDF 1.4,"['https://poab.georgia.gov/past-board-meeting-minutes#main-content', 'https://poab.georgia.gov/past-board-meeting-minutes']",['Agenda\xa08-7-19'],Policy,0.22112588584423065
Fortis-S0022198.MAG,https://poab.georgia.gov/document/2019-minutes/minutes-06052019/download,115.7KB,115.6923828125,2019-08-20 08:03:01,Judy,,,2019-08-20 08:03:01,Acrobat Distiller 19.0 (Windows),3,0,3,PDF 1.6,"['https://poab.georgia.gov/past-board-meeting-minutes#main-content', 'https://poab.georgia.gov/past-board-meeting-minutes']",['Minutes\xa006/05/2019'],Policy,0.4116758704185486
Fortis-S00289E8.MAG,https://poab.georgia.gov/document/2019-minutes/minutes-07012019/download,49.2KB,49.205078125,2019-08-20 08:03:02,Judy,,,2019-08-20 08:03:02,Acrobat Distiller 19.0 (Windows),2,0,2,PDF 1.6,"['https://poab.georgia.gov/past-board-meeting-minutes#main-content', 'https://poab.georgia.gov/past-board-meeting-minutes']",['Minutes\xa007/01/2019'],Form,0.24342094361782074
Fortis-S002E381.MAG,https://poab.georgia.gov/document/2019-minutes/minutes-07082019/download,45.3KB,45.27734375,2019-08-20 08:03:03,Judy,,,2019-08-20 08:03:03,Acrobat Distiller 19.0 (Windows),2,0,2,PDF 1.6,"['https://poab.georgia.gov/past-board-meeting-minutes#main-content', 'https://poab.georgia.gov/past-board-meeting-minutes']",['Minutes\xa007/08/2019'],Policy,0.2448313683271408
Fortis-S0654A6C.MAG,https://poab.georgia.gov/document/2019-minutes/minutes-08072019/download,172.4KB,172.4189453125,2019-09-05 10:05:04,Judy,,,2019-09-05 10:05:04,Acrobat Distiller 19.0 (Windows),4,0,4,PDF 1.6,"['https://poab.georgia.gov/past-board-meeting-minutes#main-content', 'https://poab.georgia.gov/past-board-meeting-minutes']",['Minutes\xa008/07/2019'],Brochure,0.3598563075065613
Fortis-S4E91D99.MAG,https://poab.georgia.gov/document/2019-minutes/minutes-09042019/download,382.2KB,382.1748046875,2019-10-02 14:05:04,Judy,,,2019-10-02 14:05:04,Acrobat Distiller 19.0 (Windows),4,0,4,PDF 1.6,"['https://poab.georgia.gov/past-board-meeting-minutes#main-content', 'https://poab.georgia.gov/past-board-meeting-minutes']",['Minutes\xa009/04/2019'],Brochure,0.5077660083770752
download,https://poab.georgia.gov/document/2019-minutes/minutes-1-9-19pdf/download,126.8KB,126.830078125,2019-02-12 14:03:01,,,,2019-02-12 14:03:01,PDFTron PDFNet,3,0,45,PDF 1.4,"['https://poab.georgia.gov/past-board-meeting-minutes#main-content', 'https://poab.georgia.gov/past-board-meeting-minutes']",['Minutes\xa01-9-19.pdf'],Policy,0.39488688111305237
Fortis-S9E74F01.MAG,https://poab.georgia.gov/document/2019-minutes/minutes-10022019/download,191.7KB,191.6806640625,2019-11-06 14:01:00,Judy,,,2019-11-06 14:01:00,Acrobat Distiller 19.0 (Windows),2,0,2,PDF 1.6,"['https://poab.georgia.gov/past-board-meeting-minutes#main-content', 'https://poab.georgia.gov/past-board-meeting-minutes']",['Minutes\xa010/02/2019'],Brochure,0.4752863943576813
Fortis-S4F95DFF.MAG,https://poab.georgia.gov/document/2019-minutes/minutes-11062019/download,382.7KB,382.6767578125,2019-12-03 15:01:02,Judy,,,2019-12-03 15:01:02,Acrobat Distiller 19.0 (Windows),4,0,4,PDF 1.6,"['https://poab.georgia.gov/past-board-meeting-minutes#main-content', 'https://poab.georgia.gov/past-board-meeting-minutes']",['Minutes\xa011/06/2019'],Brochure,0.5077660083770752
download,https://poab.georgia.gov/document/2019-minutes/minutes-12032019/download,253.7KB,253.7255859375,2020-01-14 15:22:05,,,,2020-01-14 15:22:05,,3,0,3,PDF 1.5,"['https://poab.georgia.gov/past-board-meeting-minutes#main-content', 'https://poab.georgia.gov/past-board-meeting-minutes']",['Minutes\xa012/03/2019'],Brochure,0.550112783908844
download,https://poab.georgia.gov/document/2019-minutes/minutes-2-6-19pdf/download,189.8KB,189.7880859375,2019-03-11 16:00:08,,,,2019-03-11 16:00:08,PDFTron PDFNet,3,0,45,PDF 1.4,"['https://poab.georgia.gov/past-board-meeting-minutes#main-content', 'https://poab.georgia.gov/past-board-meeting-minutes']",['Minutes\xa02-6-19.pdf'],Brochure,0.40957924723625183
download,https://poab.georgia.gov/document/2019-minutes/minutes-3-6-2019/download,71.7KB,71.6591796875,2019-04-09 14:02:07,Kim Avery,,,2019-04-09 14:02:07,Microsoft® Word for Office 365,3,0,0,PDF 1.7,"['https://poab.georgia.gov/past-board-meeting-minutes#main-content', 'https://poab.georgia.gov/past-board-meeting-minutes']",['Minutes\xa03-6-2019'],Policy,0.3683648705482483
download,https://poab.georgia.gov/document/2019-minutes/minutes-4-18-2019/download,66.4KB,66.400390625,2019-04-24 15:03:08,Kim Avery,,,2019-04-24 15:03:08,Microsoft® Word for Office 365,2,0,0,PDF 1.7,"['https://poab.georgia.gov/past-board-meeting-minutes#main-content', 'https://poab.georgia.gov/past-board-meeting-minutes']",['Minutes\xa04-18-2019'],Policy,0.2877509593963623
download,https://poab.georgia.gov/document/2019-minutes/minutes-5-1-19/download,161.8KB,161.751953125,2019-06-07 14:00:01,,,,2019-06-07 14:00:01,PDFTron PDFNet,3,0,45,PDF 1.4,"['https://poab.georgia.gov/past-board-meeting-minutes#main-content', 'https://poab.georgia.gov/past-board-meeting-minutes']",['Minutes\xa05-1-19'],Policy,0.25943508744239807
download,https://poab.georgia.gov/document/2018-minutes/minutes-1-3-18pdf/download,78.7KB,78.7119140625,2018-02-09 19:02:07,,,,2018-02-09 19:02:07,PDFTron PDFNet,2,0,30,PDF 1.4,"['https://poab.georgia.gov/past-board-meeting-minutes#main-content', 'https://poab.georgia.gov/past-board-meeting-minutes']",['Minutes\xa01-3-18.pdf'],Policy,0.3023906350135803
download,https://poab.georgia.gov/document/2018-minutes/minutes-10-3-18pdf/download,184.8KB,184.8193359375,2018-11-20 19:02:09,,,,2018-11-20 19:02:09,PDFTron PDFNet,3,0,45,PDF 1.4,"['https://poab.georgia.gov/past-board-meeting-minutes#main-content', 'https://poab.georgia.gov/past-board-meeting-minutes']",['Minutes\xa010-3-18.pdf'],Brochure,0.42082521319389343
download,https://poab.georgia.gov/document/2018-minutes/minutes-11-7-18pdf/download,173.3KB,173.251953125,2018-12-18 15:01:00,,,,2018-12-18 15:01:00,PDFTron PDFNet,3,0,45,PDF 1.4,"['https://poab.georgia.gov/past-board-meeting-minutes#main-content', 'https://poab.georgia.gov/past-board-meeting-minutes']",['Minutes\xa011-7-18.pdf'],Brochure,0.3714730441570282
download,https://poab.georgia.gov/document/2018-minutes/minutes-12-4-18pdf/download,166.6KB,166.552734375,2019-02-12 14:03:00,,,,2019-02-12 14:03:00,PDFTron PDFNet,3,0,45,PDF 1.4,"['https://poab.georgia.gov/past-board-meeting-minutes#main-content', 'https://poab.georgia.gov/past-board-meeting-minutes']",['Minutes\xa012-4-18.pdf'],Brochure,0.37378084659576416
download,https://poab.georgia.gov/document/2018-minutes/minutes-2-7-18pdf/download,75.5KB,75.5068359375,2018-03-08 19:02:00,,,,2018-03-08 19:02:00,PDFTron PDFNet,2,0,30,PDF 1.4,"['https://poab.georgia.gov/past-board-meeting-minutes#main-content', 'https://poab.georgia.gov/past-board-meeting-minutes']",['Minutes\xa02-7-18.pdf'],Policy,0.3060443699359894
download,https://poab.georgia.gov/document/2018-minutes/minutes-3-7-18pdf/download,125.5KB,125.4873046875,2018-04-26 19:04:01,,,,2018-04-26 19:04:01,PDFTron PDFNet,2,0,30,PDF 1.4,"['https://poab.georgia.gov/past-board-meeting-minutes#main-content', 'https://poab.georgia.gov/past-board-meeting-minutes']",['Minutes\xa03-7-18.pdf'],Policy,0.2765553295612335
download,https://poab.georgia.gov/document/2018-minutes/minutes-4-11-18pdf/download,62.1KB,62.1103515625,2018-05-14 13:02:04,,,,2018-05-14 13:02:04,PDFTron PDFNet,2,0,30,PDF 1.4,"['https://poab.georgia.gov/past-board-meeting-minutes#main-content', 'https://poab.georgia.gov/past-board-meeting-minutes']",['Minutes\xa04-11-18.pdf'],Form,0.2799604833126068
download,https://poab.georgia.gov/document/2018-minutes/minutes-5-2-18pdf/download,156.4KB,156.3984375,2018-06-13 20:00:01,,,,2018-06-13 20:00:01,PDFTron PDFNet,3,0,45,PDF 1.4,"['https://poab.georgia.gov/past-board-meeting-minutes#main-content', 'https://poab.georgia.gov/past-board-meeting-minutes']",['Minutes\xa05-2-18.pdf'],Policy,0.30879467725753784
download,https://poab.georgia.gov/document/2018-minutes/minutes-6-6-18pdf/download,98.2KB,98.1943359375,2018-07-12 13:00:07,,,,2018-07-12 13:00:07,PDFTron PDFNet,2,0,30,PDF 1.4,"['https://poab.georgia.gov/past-board-meeting-minutes#main-content', 'https://poab.georgia.gov/past-board-meeting-minutes']",['Minutes\xa06-6-18.pdf'],Policy,0.28833165764808655
download,https://poab.georgia.gov/document/2018-minutes/minutes-7-11-18pdf/download,124.1KB,124.0673828125,2018-08-02 14:05:09,,,,2018-08-02 14:05:09,PDFTron PDFNet,3,0,45,PDF 1.4,"['https://poab.georgia.gov/past-board-meeting-minutes#main-content', 'https://poab.georgia.gov/past-board-meeting-minutes']",['Minutes\xa07-11-18.pdf'],Policy,0.39597633481025696
download,https://poab.georgia.gov/document/2018-minutes/minutes-8-1-18pdf/download,105.7KB,105.6953125,2018-09-06 13:05:02,,,,2018-09-06 13:05:02,PDFTron PDFNet,2,0,30,PDF 1.4,"['https://poab.georgia.gov/past-board-meeting-minutes#main-content', 'https://poab.georgia.gov/past-board-meeting-minutes']",['Minutes\xa08-1-18.pdf'],Policy,0.29298460483551025
download,https://poab.georgia.gov/document/2018-minutes/minutes-9-5-18pdf/download,161.7KB,161.7412109375,2018-10-04 12:05:03,,,,2018-10-04 12:05:03,PDFTron PDFNet,3,0,45,PDF 1.4,"['https://poab.georgia.gov/past-board-meeting-minutes#main-content', 'https://poab.georgia.gov/past-board-meeting-minutes']",['Minutes\xa09-5-18.pdf'],Policy,0.25943508744239807
Fortis-S77516E2.MAG,https://poab.georgia.gov/document/2017-minutes/minutes-1-4-17pdf/download,143.0KB,142.96484375,,,,,2017-02-06 10:01:01,Amyuni PDF Converter version 3.03,3,0,45,PDF 1.3,"['https://poab.georgia.gov/past-board-meeting-minutes#main-content', 'https://poab.georgia.gov/past-board-meeting-minutes']",['Minutes\xa01-4-17.pdf'],Policy,0.41166746616363525
download,https://poab.georgia.gov/document/2017-minutes/minutes-10-4-17pdf/download,100.3KB,100.2958984375,2017-11-22 17:03:08,,,,2017-11-22 17:03:08,PDFTron PDFNet,2,0,30,PDF 1.4,"['https://poab.georgia.gov/past-board-meeting-minutes#main-content', 'https://poab.georgia.gov/past-board-meeting-minutes']",['Minutes\xa010-4-17.pdf'],Policy,0.2900771498680115
download,https://poab.georgia.gov/document/2017-minutes/minutes-11-8-17pdf/download,111.1KB,111.109375,2018-01-05 21:01:05,,,,2018-01-05 21:01:05,PDFTron PDFNet,2,0,30,PDF 1.4,"['https://poab.georgia.gov/past-board-meeting-minutes#main-content', 'https://poab.georgia.gov/past-board-meeting-minutes']",['Minutes\xa011-8-17.pdf'],Policy,0.29244256019592285
download,https://poab.georgia.gov/document/2017-minutes/minutes-12-6-17pdf/download,77.7KB,77.69140625,2018-01-05 14:00:05,,,,2018-01-05 14:00:05,PDFTron PDFNet,2,0,30,PDF 1.4,"['https://poab.georgia.gov/past-board-meeting-minutes#main-content', 'https://poab.georgia.gov/past-board-meeting-minutes']",['Minutes\xa012-6-17.pdf'],Policy,0.3022756278514862
Fortis-SC7FCEBA.MAG,https://poab.georgia.gov/document/2017-minutes/minutes-2-1-17pdf/download,231.1KB,231.138671875,,,,,2017-03-02 12:02:00,Amyuni PDF Converter version 3.03,4,0,60,PDF 1.3,"['https://poab.georgia.gov/past-board-meeting-minutes#main-content', 'https://poab.georgia.gov/past-board-meeting-minutes']",['Minutes\xa02-1-17.pdf'],Brochure,0.5231956243515015
download,https://poab.georgia.gov/document/2017-minutes/minutes-3-1-17pdf/download,152.8KB,152.8037109375,2017-05-15 13:04:00,,,,2017-05-15 13:04:00,PDFTron PDFNet,3,0,45,PDF 1.4,"['https://poab.georgia.gov/past-board-meeting-minutes#main-content', 'https://poab.georgia.gov/past-board-meeting-minutes']",['Minutes\xa03-1-17.pdf'],Policy,0.40022435784339905
download,https://poab.georgia.gov/document/2017-minutes/minutes-4-13-17pdf/download,68.0KB,67.9990234375,2017-05-15 13:04:01,,,,2017-05-15 13:04:01,PDFTron PDFNet,2,0,30,PDF 1.4,"['https://poab.georgia.gov/past-board-meeting-minutes#main-content', 'https://poab.georgia.gov/past-board-meeting-minutes']",['Minutes\xa04-13-17.pdf'],Policy,0.28235697746276855
download,https://poab.georgia.gov/document/2017-minutes/minutes-5-3-17pdf/download,144.9KB,144.90234375,2017-06-29 19:00:03,,,,2017-06-29 19:00:03,PDFTron PDFNet,3,0,45,PDF 1.4,"['https://poab.georgia.gov/past-board-meeting-minutes#main-content', 'https://poab.georgia.gov/past-board-meeting-minutes']",['Minutes\xa05-3-17.pdf'],Policy,0.41590404510498047
download,https://poab.georgia.gov/document/2017-minutes/minutes-6-28-17pdf/download,194.4KB,194.431640625,2017-08-15 18:01:06,,,,2017-08-15 18:01:06,PDFTron PDFNet,3,0,45,PDF 1.4,"['https://poab.georgia.gov/past-board-meeting-minutes#main-content', 'https://poab.georgia.gov/past-board-meeting-minutes']",['Minutes\xa06-28-17.pdf'],Brochure,0.40456846356391907
download,https://poab.georgia.gov/document/2017-minutes/minutes-8-2-17pdf/download,74.9KB,74.890625,2017-09-14 12:03:09,,,,2017-09-14 12:03:09,PDFTron PDFNet,2,0,30,PDF 1.4,"['https://poab.georgia.gov/past-board-meeting-minutes#main-content', 'https://poab.georgia.gov/past-board-meeting-minutes']",['Minutes\xa08-2-17.pdf'],Policy,0.3060443699359894
download,https://poab.georgia.gov/document/2017-minutes/minutes-9-6-17pdf/download,85.3KB,85.259765625,2017-10-26 14:05:01,,,,2017-10-26 14:05:01,PDFTron PDFNet,2,0,30,PDF 1.4,"['https://poab.georgia.gov/past-board-meeting-minutes#main-content', 'https://poab.georgia.gov/past-board-meeting-minutes']",['Minutes\xa09-6-17.pdf'],Policy,0.28821414709091187
Fortis-SB4D9409.MAG,https://poab.georgia.gov/document/2016-minutes/minutes-11-2-16pdf/download,111.8KB,111.8427734375,,,,,2017-01-06 13:01:09,Amyuni PDF Converter version 3.03,2,0,30,PDF 1.3,"['https://poab.georgia.gov/past-board-meeting-minutes#main-content', 'https://poab.georgia.gov/past-board-meeting-minutes']",['Minutes\xa0 11-2-16.pdf'],Policy,0.29244256019592285
Fortis-SB4D5795.MAG,https://poab.georgia.gov/document/2016-minutes/minutes-12-7-16pdf/download,49.9KB,49.9423828125,,,,,2017-01-06 13:01:08,Amyuni PDF Converter version 3.03,1,0,15,PDF 1.3,"['https://poab.georgia.gov/past-board-meeting-minutes#main-content', 'https://poab.georgia.gov/past-board-meeting-minutes']",['Minutes\xa012-7-16.pdf'],Notice,0.5660539269447327
Fortis-S0543516.MAG,https://poab.georgia.gov/document/2016-minutes/minutes-2-3-16pdf/download,138.4KB,138.423828125,,,,,2016-03-03 10:00:08,Amyuni PDF Converter version 3.03,3,0,45,PDF 1.3,"['https://poab.georgia.gov/past-board-meeting-minutes#main-content', 'https://poab.georgia.gov/past-board-meeting-minutes']",['Minutes\xa02-3-16.pdf'],Policy,0.4044237434864044
Fortis-S278D663.MAG,https://poab.georgia.gov/document/2016-minutes/minutes-5-4-16pdf/download,87.7KB,87.666015625,,,,,2016-06-07 15:02:07,Amyuni PDF Converter version 3.03,2,0,30,PDF 1.3,"['https://poab.georgia.gov/past-board-meeting-minutes#main-content', 'https://poab.georgia.gov/past-board-meeting-minutes']",['Minutes\xa05-4-16.pdf'],Policy,0.28821414709091187
Fortis-SD90079E.MAG,https://poab.georgia.gov/document/2016-minutes/minutes-7-6-16pdf/download,104.3KB,104.2578125,,,,,2016-08-10 15:03:06,Amyuni PDF Converter version 3.03,2,0,30,PDF 1.3,"['https://poab.georgia.gov/past-board-meeting-minutes#main-content', 'https://poab.georgia.gov/past-board-meeting-minutes']",['Minutes\xa07-6-16.pdf'],Policy,0.2900771498680115
Fortis-S6435B3B.MAG,https://poab.georgia.gov/document/2016-minutes/minutes-8-3-16pdf/download,108.3KB,108.2724609375,,,,,2016-09-08 13:03:01,Amyuni PDF Converter version 3.03,2,0,30,PDF 1.3,"['https://poab.georgia.gov/past-board-meeting-minutes#main-content', 'https://poab.georgia.gov/past-board-meeting-minutes']",['Minutes\xa08-3-16.pdf'],Policy,0.29298460483551025
Fortis-S802A081.MAG,https://poab.georgia.gov/document/2016-minutes/minutes-9-19-16pdf/download,71.6KB,71.630859375,,,,,2016-11-08 11:01:09,Amyuni PDF Converter version 3.03,2,0,30,PDF 1.3,"['https://poab.georgia.gov/past-board-meeting-minutes#main-content', 'https://poab.georgia.gov/past-board-meeting-minutes']",['Minutes\xa09-19-16.pdf'],Policy,0.2940557301044464
Fortis-S0C87E67.MAG,https://poab.georgia.gov/document/2016-minutes/minutes-9-7-16pdf/download,110.2KB,110.1728515625,,,,,2016-09-30 13:05:02,Amyuni PDF Converter version 3.03,2,0,30,PDF 1.3,"['https://poab.georgia.gov/past-board-meeting-minutes#main-content', 'https://poab.georgia.gov/past-board-meeting-minutes']",['Minutes\xa09-7-16.pdf'],Policy,0.29244256019592285
Fortis-S563EE8F.MAG,https://poab.georgia.gov/document/2016-minutes/minutesboard-1-6-2016pdf/download,218.0KB,218.005859375,2016-02-15 14:00:09,,,,2016-02-05 09:05:08,Amyuni PDF Converter version 3.03,4,0,60,PDF 1.3,"['https://poab.georgia.gov/past-board-meeting-minutes#main-content', 'https://poab.georgia.gov/past-board-meeting-minutes']",['Minutes.Board\xa0 1-6-2016.pdf'],Brochure,0.5122141242027283
download,https://poab.georgia.gov/document/2016-minutes/minutesboard-12-7-2016pdf/download,145.2KB,145.181640625,2016-12-29 10:01:07,Kim Avery,,,2016-12-29 10:01:07,Microsoft® Word 2016,2,0,0,PDF 1.5,"['https://poab.georgia.gov/past-board-meeting-minutes#main-content', 'https://poab.georgia.gov/past-board-meeting-minutes']",['Minutes.Board\xa012-7-2016.pdf'],Policy,0.3062251806259155
Fortis-SD0121B8.MAG,https://poab.georgia.gov/document/2016-minutes/minutesboard-3-2-2016e5620pdf/download,78.9KB,78.865234375,,,,,2016-04-13 14:03:09,Amyuni PDF Converter version 3.03,2,0,30,PDF 1.3,"['https://poab.georgia.gov/past-board-meeting-minutes#main-content', 'https://poab.georgia.gov/past-board-meeting-minutes']",['Minutes.Board\xa03-2-2016_E5620.pdf'],Policy,0.3023906350135803
Fortis-S13915C8.MAG,https://poab.georgia.gov/document/2016-minutes/minutesboard-4-6-2016ea606pdf/download,128.5KB,128.5400390625,,,,,2016-05-09 15:05:09,Amyuni PDF Converter version 3.03,3,0,45,PDF 1.3,"['https://poab.georgia.gov/past-board-meeting-minutes#main-content', 'https://poab.georgia.gov/past-board-meeting-minutes']",['Minutes.Board\xa04-6-2016_EA606.pdf'],Policy,0.41147229075431824
download,https://poab.georgia.gov/document/2016-minutes/minutesboard-6-1-2016pdf/download,215.0KB,215.0068359375,2016-07-01 09:01:00,Kim Avery,,,2016-07-01 09:01:00,Microsoft® Word 2016,2,0,0,PDF 1.5,"['https://poab.georgia.gov/past-board-meeting-minutes#main-content', 'https://poab.georgia.gov/past-board-meeting-minutes']",['Minutes.Board\xa06-1-2016.pdf'],Brochure,0.4723994731903076
Fortis-S4DE4479.MAG,https://poab.georgia.gov/document/2016-minutes/special-called-meeting-6-28-2016pdf/download,117.1KB,117.0595703125,,,,,2016-07-08 15:00:09,Amyuni PDF Converter version 3.03,2,0,30,PDF 1.3,"['https://poab.georgia.gov/past-board-meeting-minutes#main-content', 'https://poab.georgia.gov/past-board-meeting-minutes']",['Special\xa0Called Meeting 6-28-2016.pdf'],Policy,0.25785031914711
download,https://poab.georgia.gov/document/2015-minutes/minutes-02042015/download,220.0KB,220.013671875,2015-03-26 10:03:08,Kim Avery,,,2015-02-25 15:00:05,Microsoft® Word 2010,3,0,0,PDF 1.5,"['https://poab.georgia.gov/past-board-meeting-minutes#main-content', 'https://poab.georgia.gov/past-board-meeting-minutes']",['Minutes\xa002/04/2015'],Brochure,0.5251951813697815
download,https://poab.georgia.gov/document/2015-minutes/minutes-03042015/download,219.1KB,219.0517578125,2015-03-31 08:03:07,Kim Avery,,,2015-03-27 09:05:03,Microsoft® Word 2013,3,0,0,PDF 1.5,"['https://poab.georgia.gov/past-board-meeting-minutes#main-content', 'https://poab.georgia.gov/past-board-meeting-minutes']",['Minutes\xa003/04/2015'],Brochure,0.5233319997787476
download,https://poab.georgia.gov/document/2015-minutes/minutes-04012015/download,213.5KB,213.4755859375,2015-05-07 09:02:04,Kim Avery,,,2015-05-04 14:05:04,Microsoft® Word 2013,2,0,0,PDF 1.5,"['https://poab.georgia.gov/past-board-meeting-minutes#main-content', 'https://poab.georgia.gov/past-board-meeting-minutes']",['Minutes\xa004/01/2015'],Brochure,0.47209855914115906
Fortis-00008678.MAG,https://poab.georgia.gov/document/2015-minutes/minutes-05062015/download,171.8KB,171.8408203125,,,,,2015-09-01 09:02:02,Amyuni PDF Converter version 3.03,2,0,30,PDF 1.3,"['https://poab.georgia.gov/past-board-meeting-minutes#main-content', 'https://poab.georgia.gov/past-board-meeting-minutes']",['Minutes\xa005/06/2015'],Brochure,0.4338628053665161
download,https://poab.georgia.gov/document/2015-minutes/minutes-06032015/download,215.4KB,215.4375,2015-07-01 10:04:03,Kim Avery,,,2015-07-01 10:04:03,Microsoft® Word 2013,2,0,0,PDF 1.5,"['https://poab.georgia.gov/past-board-meeting-minutes#main-content', 'https://poab.georgia.gov/past-board-meeting-minutes']",['Minutes\xa006/03/2015'],Brochure,0.4677562713623047
download,https://poab.georgia.gov/document/2015-minutes/minutes-07082015/download,211.2KB,211.181640625,2015-07-31 11:05:00,Kim Avery,,,2015-07-31 11:05:00,Microsoft® Word 2013,2,0,0,PDF 1.5,"['https://poab.georgia.gov/past-board-meeting-minutes#main-content', 'https://poab.georgia.gov/past-board-meeting-minutes']",['Minutes\xa007/08/2015'],Brochure,0.4767972528934479
Fortis-0000A255.MAG,https://poab.georgia.gov/document/2015-minutes/minutes-08052015/download,127.4KB,127.4423828125,,,,,2015-09-03 10:04:02,Amyuni PDF Converter version 3.03,2,0,30,PDF 1.3,"['https://poab.georgia.gov/past-board-meeting-minutes#main-content', 'https://poab.georgia.gov/past-board-meeting-minutes']",['Minutes\xa008/05/2015'],Policy,0.27926546335220337
Fortis-0000AC9D.MAG,https://poab.georgia.gov/document/2015-minutes/minutes-09022015/download,120.3KB,120.3125,,,,,2015-10-26 11:02:05,Amyuni PDF Converter version 3.03,2,0,30,PDF 1.3,"['https://poab.georgia.gov/past-board-meeting-minutes#main-content', 'https://poab.georgia.gov/past-board-meeting-minutes']",['Minutes\xa009/02/2015'],Policy,0.26972654461860657
Fortis-S7EF6CD0.MAG,https://poab.georgia.gov/document/2015-minutes/minutes-board-11-04-2015pdf/download,129.8KB,129.8095703125,,,,,2015-12-10 11:03:04,Amyuni PDF Converter version 3.03,3,0,45,PDF 1.3,"['https://poab.georgia.gov/past-board-meeting-minutes#main-content', 'https://poab.georgia.gov/past-board-meeting-minutes']",['Minutes\xa0Board 11-04 2015.pdf'],Policy,0.41147229075431824
download,https://poab.georgia.gov/document/2015-minutes/minutesboard-12-2-2015pdf/download,213.2KB,213.1904296875,2016-01-04 14:04:05,Kim Avery,,,2016-01-04 14:04:05,Microsoft® Word 2013,2,0,0,PDF 1.5,"['https://poab.georgia.gov/past-board-meeting-minutes#main-content', 'https://poab.georgia.gov/past-board-meeting-minutes']",['Minutes.Board\xa012-2-2015.pdf'],Brochure,0.47209855914115906
download,https://poab.georgia.gov/document/2015-minutes/poab-board-minutes-january-2015pdf/download,216.5KB,216.498046875,2015-02-02 15:01:00,Kim Avery,,,2015-02-02 15:01:00,Microsoft® Word 2010,2,0,0,PDF 1.5,"['https://poab.georgia.gov/past-board-meeting-minutes#main-content', 'https://poab.georgia.gov/past-board-meeting-minutes']",['POAB\xa0Board Minutes January 2015.pdf'],Brochure,0.4680759310722351
Microsoft Word - Minutues.Board_02.05.2014,https://poab.georgia.gov/document/2014-minutes/minutes-02052014/download,505.2KB,505.1728515625,2023-02-01 13:03:08,aarmstrong,,,2023-02-01 13:03:08,Microsoft: Print To PDF,2,0,0,PDF 1.7,"['https://poab.georgia.gov/past-board-meeting-minutes#main-content', 'https://poab.georgia.gov/past-board-meeting-minutes']",['Minutes\xa002/05/2014'],Brochure,0.3503590524196625
download,https://poab.georgia.gov/document/2014-minutes/minutes-12032014/download,157.1KB,157.08203125,2015-07-29 11:02:06,Kim Avery,,,2015-07-29 11:02:06,Microsoft® Word 2013,2,0,0,PDF 1.5,"['https://poab.georgia.gov/past-board-meeting-minutes#main-content', 'https://poab.georgia.gov/past-board-meeting-minutes']",['Minutes\xa012/03/2014'],Brochure,0.24760261178016663
Fortis-0000AC9D.MAG,https://poab.georgia.gov/document/2014-minutes/board-minutes-september-2014pdf/download,103.4KB,103.40234375,,,,,2014-11-04 12:05:06,Amyuni PDF Converter version 3.03,2,0,30,PDF 1.3,"['https://poab.georgia.gov/past-board-meeting-minutes#main-content', 'https://poab.georgia.gov/past-board-meeting-minutes']",['Board\xa0Minutes September 2014.pdf'],Policy,0.2900771498680115
Fortis-0000AC9D.MAG,https://poab.georgia.gov/document/2014-minutes/july-2014-minutespdf/download,118.4KB,118.4267578125,,,,,2014-08-27 12:05:01,Amyuni PDF Converter version 3.03,2,0,30,PDF 1.3,"['https://poab.georgia.gov/past-board-meeting-minutes#main-content', 'https://poab.georgia.gov/past-board-meeting-minutes']",['July\xa02014 Minutes.pdf'],Policy,0.29142671823501587
Fortis-0000AC9D.MAG,https://poab.georgia.gov/document/2014-minutes/minutes-05072014/download,93.5KB,93.509765625,,,,,2014-06-11 14:04:01,Amyuni PDF Converter version 3.03,2,0,30,PDF 1.3,"['https://poab.georgia.gov/past-board-meeting-minutes#main-content', 'https://poab.georgia.gov/past-board-meeting-minutes']",['Minutes\xa005/07/2014'],Policy,0.28780415654182434
Microsoft Word - Board Minutes 01_2013,https://poab.georgia.gov/document/2013-minutes/board-minutes-012013docx/download,263.6KB,263.6474609375,2023-02-01 13:04:05,aarmstrong,,,2023-02-01 13:04:05,Microsoft: Print To PDF,2,0,0,PDF 1.7,"['https://poab.georgia.gov/past-board-meeting-minutes#main-content', 'https://poab.georgia.gov/past-board-meeting-minutes']",['Board\xa0Minutes 01_2013'],Agenda,0.948291003704071
Microsoft Word - Minutes.Board_03.06.2013,https://poab.georgia.gov/document/2013-minutes/minutes-03062013/download,435.5KB,435.498046875,2023-02-01 13:04:05,aarmstrong,,,2023-02-01 13:04:05,Microsoft: Print To PDF,1,0,0,PDF 1.7,"['https://poab.georgia.gov/past-board-meeting-minutes#main-content', 'https://poab.georgia.gov/past-board-meeting-minutes']",['Minutes\xa003/06/2013'],Agenda,0.8921403884887695
Microsoft Word - Minutes.Board_04.03.2013,https://poab.georgia.gov/document/2013-minutes/minutes-04032013/download,328.8KB,328.814453125,2023-02-01 13:04:06,aarmstrong,,,2023-02-01 13:04:06,Microsoft: Print To PDF,2,0,0,PDF 1.7,"['https://poab.georgia.gov/past-board-meeting-minutes#main-content', 'https://poab.georgia.gov/past-board-meeting-minutes']",['Minutes\xa004/03/2013'],Agenda,0.9468833208084106
Microsoft Word - Minutes.Board_06.05.2013,https://poab.georgia.gov/document/2013-minutes/minutes-06052013/download,330.1KB,330.0908203125,2023-02-01 13:04:06,aarmstrong,,,2023-02-01 13:04:06,Microsoft: Print To PDF,1,0,0,PDF 1.7,"['https://poab.georgia.gov/past-board-meeting-minutes#main-content', 'https://poab.georgia.gov/past-board-meeting-minutes']",['Minutes\xa006/05/2013'],Agenda,0.8787229061126709
Microsoft Word - Minutes.Board_07.10.2013,https://poab.georgia.gov/document/2013-minutes/minutes-07102013/download,332.2KB,332.248046875,2023-02-01 13:04:07,aarmstrong,,,2023-02-01 13:04:07,Microsoft: Print To PDF,2,0,0,PDF 1.7,"['https://poab.georgia.gov/past-board-meeting-minutes#main-content', 'https://poab.georgia.gov/past-board-meeting-minutes']",['Minutes\xa007/10/2013'],Agenda,0.9468833208084106
Microsoft Word - Minutes.Board_08.07.13,https://poab.georgia.gov/document/2013-minutes/minutes-08072013/download,328.2KB,328.228515625,2023-02-01 13:04:09,aarmstrong,,,2023-02-01 13:04:09,Microsoft: Print To PDF,2,0,0,PDF 1.7,"['https://poab.georgia.gov/past-board-meeting-minutes#main-content', 'https://poab.georgia.gov/past-board-meeting-minutes']",['Minutes\xa008/07/2013'],Agenda,0.9070913791656494
Microsoft Word - Minutes.Board_09.04.2013,https://poab.georgia.gov/document/2013-minutes/minutes-09042013-0/download,504.0KB,503.9580078125,2023-02-01 13:04:09,aarmstrong,,,2023-02-01 13:04:09,Microsoft: Print To PDF,2,0,0,PDF 1.7,"['https://poab.georgia.gov/past-board-meeting-minutes#main-content', 'https://poab.georgia.gov/past-board-meeting-minutes']",['Minutes\xa009/04/2013'],Agenda,0.943349301815033
Microsoft Word - Minutes.Board_10.09.2013,https://poab.georgia.gov/document/2013-minutes/minutes-10092013/download,507.6KB,507.6064453125,2023-02-01 13:04:09,aarmstrong,,,2023-02-01 13:04:09,Microsoft: Print To PDF,2,0,0,PDF 1.7,"['https://poab.georgia.gov/past-board-meeting-minutes#main-content', 'https://poab.georgia.gov/past-board-meeting-minutes']",['Minutes\xa010/09/2013'],Agenda,0.943349301815033
Microsoft Word - Minutes.Board_11.06.2013,https://poab.georgia.gov/document/2013-minutes/minutes-11062013/download,437.2KB,437.2099609375,2023-02-01 13:04:09,aarmstrong,,,2023-02-01 13:04:09,Microsoft: Print To PDF,2,0,0,PDF 1.7,"['https://poab.georgia.gov/past-board-meeting-minutes#main-content', 'https://poab.georgia.gov/past-board-meeting-minutes']",['Minutes\xa011/06/2013'],Agenda,0.9398303627967834
Microsoft Word - Minutes.Board_12.04.2013,https://poab.georgia.gov/document/2013-minutes/minutes-12042013--UNPUBLISHED-document--DO-NOT-SHARE-this-URL--/download,501.5KB,501.505859375,2023-02-01 13:05:08,aarmstrong,,,2023-02-01 13:05:08,Microsoft: Print To PDF,1,0,0,PDF 1.7,"['https://poab.georgia.gov/past-board-meeting-minutes#main-content', 'https://poab.georgia.gov/past-board-meeting-minutes']",['Minutes\xa012/04/2013'],Agenda,0.8897871375083923
Microsoft Word - Minutes.1.2.2012 ,https://poab.georgia.gov/document/2012-minutes/minutes-01042012/download,192.6KB,192.638671875,2023-02-01 14:00:06,aarmstrong,,,2023-02-01 14:00:06,Microsoft: Print To PDF,1,0,0,PDF 1.7,"['https://poab.georgia.gov/past-board-meeting-minutes#main-content', 'https://poab.georgia.gov/past-board-meeting-minutes']",['Minutes\xa001/04/2012'],Agenda,0.9042478799819946
Microsoft Word - MINUTES.Board_02.01.2012,https://poab.georgia.gov/document/2012-minutes/minutes-02012012/download,329.0KB,329.037109375,2023-02-01 14:00:06,aarmstrong,,,2023-02-01 14:00:06,Microsoft: Print To PDF,2,0,0,PDF 1.7,"['https://poab.georgia.gov/past-board-meeting-minutes#main-content', 'https://poab.georgia.gov/past-board-meeting-minutes']",['Minutes\xa002/01/2012'],Agenda,0.9468833208084106
Microsoft Word - Minutes.Board_03.07.2012,https://poab.georgia.gov/document/2012-minutes/minutes-03072012/download,263.2KB,263.2275390625,2023-02-01 14:00:06,aarmstrong,,,2023-02-01 14:00:06,Microsoft: Print To PDF,2,0,0,PDF 1.7,"['https://poab.georgia.gov/past-board-meeting-minutes#main-content', 'https://poab.georgia.gov/past-board-meeting-minutes']",['Minutes\xa003/07/2012'],Agenda,0.948291003704071
Microsoft Word - Minutes.Board_04.04.2012,https://poab.georgia.gov/document/2012-minutes/minutes-04042012/download,439.9KB,439.9267578125,2023-02-01 14:00:07,aarmstrong,,,2023-02-01 14:00:07,Microsoft: Print To PDF,2,0,0,PDF 1.7,"['https://poab.georgia.gov/past-board-meeting-minutes#main-content', 'https://poab.georgia.gov/past-board-meeting-minutes']",['Minutes\xa004/04/2012'],Agenda,0.9398303627967834
Microsoft Word - Minutes.Board_05.02.2012,https://poab.georgia.gov/document/2012-minutes/minutes-05022012/download,366.3KB,366.3330078125,2023-02-01 14:00:07,aarmstrong,,,2023-02-01 14:00:07,Microsoft: Print To PDF,2,0,0,PDF 1.7,"['https://poab.georgia.gov/past-board-meeting-minutes#main-content', 'https://poab.georgia.gov/past-board-meeting-minutes']",['Minutes\xa005/02/2012'],Agenda,0.9460559487342834
Microsoft Word - Minutes.Board_08.01.2012,https://poab.georgia.gov/document/2012-minutes/minutes-08012012/download,442.0KB,441.9970703125,2023-02-01 14:00:07,aarmstrong,,,2023-02-01 14:00:07,Microsoft: Print To PDF,2,0,0,PDF 1.7,"['https://poab.georgia.gov/past-board-meeting-minutes#main-content', 'https://poab.georgia.gov/past-board-meeting-minutes']",['Minutes\xa008/01/2012'],Agenda,0.9398303627967834
Microsoft Word - Minutes.Board_10.03.2012,https://poab.georgia.gov/document/2012-minutes/minutes-10032012/download,258.9KB,258.9013671875,2023-02-01 14:00:07,aarmstrong,,,2023-02-01 14:00:07,Microsoft: Print To PDF,1,0,0,PDF 1.7,"['https://poab.georgia.gov/past-board-meeting-minutes#main-content', 'https://poab.georgia.gov/past-board-meeting-minutes']",['Minutes\xa010/03/2012'],Agenda,0.9072157740592957
Microsoft Word - Minutes.Board_12.05.2012,https://poab.georgia.gov/document/2012-minutes/minutes-12052012/download,261.4KB,261.4228515625,2023-02-01 14:00:07,aarmstrong,,,2023-02-01 14:00:07,Microsoft: Print To PDF,1,0,0,PDF 1.7,"['https://poab.georgia.gov/past-board-meeting-minutes#main-content', 'https://poab.georgia.gov/past-board-meeting-minutes']",['Minutes\xa012/05/2012'],Agenda,0.9053621888160706
