file_name,url,file_size,file_size_kilobytes,last_modified_date,author,subject,keywords,creation_date,producer,number_of_pages,number_of_tables,number_of_images,version,source,text_around_link,predicted_category,predicted_category_confidence
Linking Environmental Literacy and the Next Generation Science Standards (NGSS),https://projectwet.georgia.gov/document/document/linking-project-wet-activities-and-gse-pdf/download,215.8KB,215.8369140625,2017-11-01 09:05:09,pc,A Tool for Mapping an Integrated Curriculum - DRAFT,,2017-11-01 09:05:02,Adobe PDF Library 10.0,28,27,0,PDF 1.5,"['https://projectwet.georgia.gov/wet-educators/ga-education-standards#main-content', 'https://projectwet.georgia.gov/wet-educators/ga-education-standards']",['Linking\n \nProject WET Activities and GSE'],Policy,0.47366535663604736
download,https://projectwet.georgia.gov/document/document/official-ngssproject-wet-correlations/download,11.5MB,11725.447265625,2017-05-03 09:00:08,,,,2017-04-25 12:02:00,Adobe PDF Library 15.0,474,1225,1,PDF 1.6,"['https://projectwet.georgia.gov/wet-educators/ga-education-standards#main-content', 'https://projectwet.georgia.gov/wet-educators/ga-education-standards']",['Official\n \nNGSS/Project WET correlations'],Report,0.9426373243331909
download,https://projectwet.georgia.gov/document/publication/classroom-tools-use-form-request-enviroscape-models-or-row-exhibit/download,197.0KB,196.978515625,2021-06-24 10:01:01,"Adang, Jo",,,2014-12-19 12:02:06,Adobe PDF Library 10.0,1,1,1,PDF 1.6,"['https://projectwet.georgia.gov/becoming-facilitator/facilitator-page', 'https://projectwet.georgia.gov/becoming-facilitator/facilitator-page#main-content']",['Classroom\xa0Tools Request Form'],Form,0.7109729051589966
download,https://projectwet.georgia.gov/document/document/wet-nomination-form/download,259.5KB,259.5244140625,2022-08-16 16:03:02,"Adang, Jo",,,2018-02-19 09:02:03,Adobe PDF Library 10.0,1,2,1,PDF 1.6,"['https://projectwet.georgia.gov/becoming-facilitator/facilitator-page', 'https://projectwet.georgia.gov/becoming-facilitator/facilitator-page#main-content']",['FORM:\xa0Award Nomination for Educator or Organization of the Year'],Form,0.6845812201499939
Georgia Project WET,https://projectwet.georgia.gov/document/document/form-signinsheet2021pdf/download,64.1KB,64.109375,2021-06-24 11:01:05,MKilpatrick,,,2020-09-11 16:00:05,Microsoft® Word for Office 365,1,1,1,PDF 1.7,"['https://projectwet.georgia.gov/becoming-facilitator/facilitator-page', 'https://projectwet.georgia.gov/becoming-facilitator/facilitator-page#main-content']",['FORM:\xa0Educator Sign-in (PDF)'],Form,0.6134175062179565
Please fill in the name of this workshop,https://projectwet.georgia.gov/document/document/edwkshpevaluation/download,149.2KB,149.228515625,2024-06-18 13:03:08,Lori Dennard,,,2024-06-18 13:03:08,Microsoft® Word for Microsoft 365,2,9,1,PDF 1.7,"['https://projectwet.georgia.gov/becoming-facilitator/facilitator-page', 'https://projectwet.georgia.gov/becoming-facilitator/facilitator-page#main-content']",['FORM:\xa0Educator Workshop Evaluation'],Form,0.6262097954750061
download,https://projectwet.georgia.gov/document/document/proposal24wufooform/download,92.1KB,92.1162109375,2024-03-19 14:02:01,"Adang, Jo",,,2024-03-19 14:02:00,Adobe PDF Library 23.8.75,1,1,1,PDF 1.6,"['https://projectwet.georgia.gov/becoming-facilitator/facilitator-page', 'https://projectwet.georgia.gov/becoming-facilitator/facilitator-page#main-content']",['FORM:\xa0Workshop Proposal'],Form,0.6208844780921936
download,https://projectwet.georgia.gov/document/publication/form-workshop-reporting-send-after-workshop-let-us-know-how-it-went/download,82.6KB,82.572265625,2020-09-10 19:01:02,"Adang, Jo",,,2020-09-10 19:00:06,Microsoft® Word for Office 365,1,0,1,PDF 1.7,"['https://projectwet.georgia.gov/becoming-facilitator/facilitator-page', 'https://projectwet.georgia.gov/becoming-facilitator/facilitator-page#main-content']",['FORM:\xa0Workshop Reporting'],Form,0.6292535662651062
download,https://projectwet.georgia.gov/document/publication/getting-little-feet-wet-certificate/download,325.4KB,325.3720703125,2020-09-08 11:03:09,Sally Unser,,,2020-09-08 11:03:09,Microsoft® Word for Office 365,1,1,5,PDF 1.7,"['https://projectwet.georgia.gov/becoming-facilitator/facilitator-page', 'https://projectwet.georgia.gov/becoming-facilitator/facilitator-page#main-content']",['Getting\xa0Little Feet WET certificate'],Diagram,0.7948257923126221
download,https://projectwet.georgia.gov/document/publication/project-wet-copyright-and-use-policy/download,286.3KB,286.3173828125,2019-11-22 15:00:08,Linda Hveem,,,2019-11-22 15:00:08,Adobe PDF Library 19.21.79,3,0,1,PDF 1.6,"['https://projectwet.georgia.gov/becoming-facilitator/facilitator-page', 'https://projectwet.georgia.gov/becoming-facilitator/facilitator-page#main-content']",['Project\xa0WET Copyright and Use Policy'],Brochure,0.5105525255203247
download,https://projectwet.georgia.gov/document/document/project-wet-permissions-application-form/download,312.4KB,312.36328125,2019-11-22 15:00:05,Jessica Solberg,,,2019-11-22 15:00:05,Adobe PDF Library 19.21.79,7,0,1,PDF 1.6,"['https://projectwet.georgia.gov/becoming-facilitator/facilitator-page', 'https://projectwet.georgia.gov/becoming-facilitator/facilitator-page#main-content']",['Project\xa0WET Permissions Application Form'],Form,0.954346776008606
download,https://projectwet.georgia.gov/document/document/projectwetusa-tutorial/download,1.7MB,1691.6572265625,2024-06-26 13:04:05,Monica Castro,,,2024-06-26 13:04:05,Microsoft® Word for Microsoft 365,10,1,19,PDF 1.7,"['https://projectwet.georgia.gov/becoming-facilitator/facilitator-page', 'https://projectwet.georgia.gov/becoming-facilitator/facilitator-page#main-content']",['ProjectWETUSA.org\xa0tutorial'],Report,0.343535453081131
GA WET PROPS AND ANCHORS,https://projectwet.georgia.gov/document/document/props-and-anchors-your-complete-georgia-wet-facilitator-procedures-guide/download,341.6KB,341.6201171875,2020-09-10 18:05:06,GA DNR,,,2020-09-10 18:05:06,Microsoft® Word for Office 365,8,0,3,PDF 1.7,"['https://projectwet.georgia.gov/becoming-facilitator/facilitator-page', 'https://projectwet.georgia.gov/becoming-facilitator/facilitator-page#main-content']",['Props\xa0and Anchors: Your Complete Georgia WET Facilitator Procedures Guide'],Brochure,0.8747341632843018
PWET new certificate #1,https://projectwet.georgia.gov/document/document/foundations-water-ed-certificate/download,2.8MB,2841.3037109375,2024-04-30 13:04:01,Anna Consolazio,,"DAF_99hm9m8,BAFUrCgri68",2024-04-30 15:03:09,Canva,1,0,6,PDF 1.6,"['https://projectwet.georgia.gov/becoming-facilitator/facilitator-page', 'https://projectwet.georgia.gov/becoming-facilitator/facilitator-page#main-content']",['Sample\xa0Educator Certificate'],Flyer,0.37650933861732483
Characteristics of a Project WET Educator Workshop,https://projectwet.georgia.gov/document/publication/workshop-characteristics/download,52.9KB,52.8798828125,2020-09-23 14:05:00,JAdang,,,2020-09-23 14:05:00,Microsoft® Word for Office 365,1,0,1,PDF 1.7,"['https://projectwet.georgia.gov/becoming-facilitator/facilitator-page', 'https://projectwet.georgia.gov/becoming-facilitator/facilitator-page#main-content']",['Workshop\xa0Characteristics'],Form,0.2636432349681854
Volunteer Waiver Release,https://projectwet.georgia.gov/document/publication/workshop-liability-waiver-example/download,41.9KB,41.8525390625,2020-09-11 16:01:05,Phil Castro,,,2020-09-11 16:01:05,Microsoft® Word for Office 365,1,0,0,PDF 1.7,"['https://projectwet.georgia.gov/becoming-facilitator/facilitator-page', 'https://projectwet.georgia.gov/becoming-facilitator/facilitator-page#main-content']",['Workshop\xa0Liability Waiver Example'],Press,0.4317668080329895
download,https://projectwet.georgia.gov/document/document/river-words-teachers-guide2024/download,9.2MB,9421.4501953125,2023-09-19 12:00:04,"Adang, Jo",,,2023-09-19 11:04:02,Adobe PDF Library 23.6.96,134,17,64,PDF 1.6,"['https://projectwet.georgia.gov/ga-river-words', 'https://projectwet.georgia.gov/ga-river-words#main-content']",['download'],Report,0.8600183725357056
download,https://projectwet.georgia.gov/document/document/student-form-fillable-pdf/download,184.0KB,183.9970703125,2025-03-24 10:04:06,"Kilpatrick, Monica",,,2024-07-19 14:03:09,Microsoft® Word for Microsoft 365,2,2,2,PDF 1.7,"['https://projectwet.georgia.gov/ga-river-words/row-entry-forms#main-content', 'https://projectwet.georgia.gov/ga-river-words/row-entry-forms']",['Student\xa0Form (fillable pdf)'],Form,0.8957257866859436
download,https://projectwet.georgia.gov/document/document/facilitator-form-fillable-pdf/download,239.2KB,239.224609375,2025-03-24 10:01:00,"Kilpatrick, Monica",,,2024-07-17 17:04:09,Microsoft® Word for Microsoft 365,2,2,2,PDF 1.7,"['https://projectwet.georgia.gov/ga-river-words/row-entry-forms#main-content', 'https://projectwet.georgia.gov/ga-river-words/row-entry-forms']",['Facilitator\xa0Form (fillable pdf)'],Form,0.9216300845146179
download,https://projectwet.georgia.gov/document/document/2025-georgia-river-words-winners-final-1pdf--UNPUBLISHED-document--DO-NOT-SHARE-this-URL--/download,208.0KB,208.005859375,2025-04-15 20:05:02,"Adang, Jo",,,2025-04-15 18:00:05,Adobe PDF Library 25.1.211,4,0,2,PDF 1.6,"['https://projectwet.georgia.gov/ga-river-words/ga-river-words-galleries-0#main-content', 'https://projectwet.georgia.gov/ga-river-words/ga-river-words-galleries-0']",['List\n \nof 2025 Winners'],Brochure,0.3980834186077118
download,https://projectwet.georgia.gov/document/document/2024-georgia-river-words-winners/download,169.6KB,169.5634765625,2024-06-17 12:04:02,"Adang, Jo",,,2024-06-17 12:04:02,Microsoft® Word for Microsoft 365,5,0,2,PDF 1.7,"['https://projectwet.georgia.gov/ga-river-words/ga-river-words-galleries-0#main-content', 'https://projectwet.georgia.gov/ga-river-words/ga-river-words-galleries-0']",['List\n \nof 2024 winners'],Policy,0.185648113489151
download,https://projectwet.georgia.gov/document/document/2023-georgia-river-words-winners/download,204.6KB,204.583984375,2023-04-28 11:01:01,"Adang, Jo",,,2023-04-28 11:01:01,Adobe PDF Library 23.1.175,4,0,2,PDF 1.6,"['https://projectwet.georgia.gov/ga-river-words/ga-river-words-galleries-0#main-content', 'https://projectwet.georgia.gov/ga-river-words/ga-river-words-galleries-0']",['List\n \nof 2023 winners'],Brochure,0.41231057047843933
download,https://projectwet.georgia.gov/document/document/2022-georgia-river-words-winnerspdf/download,211.8KB,211.8115234375,2022-05-04 16:03:00,"Adang, Jo",,,2022-05-04 16:03:00,Adobe PDF Library 22.1.149,4,0,2,PDF 1.6,"['https://projectwet.georgia.gov/ga-river-words/ga-river-words-galleries-0#main-content', 'https://projectwet.georgia.gov/ga-river-words/ga-river-words-galleries-0']",['List\n \nof 2022 Winners'],Brochure,0.40648597478866577
download,https://projectwet.georgia.gov/document/document/2021-georgia-river-words-winners/download,179.8KB,179.767578125,2021-04-05 08:03:08,"Adang, Jo",,,2021-04-05 08:03:07,Adobe PDF Library 21.1.177,3,0,2,PDF 1.6,"['https://projectwet.georgia.gov/ga-river-words/ga-river-words-galleries-0#main-content', 'https://projectwet.georgia.gov/ga-river-words/ga-river-words-galleries-0']",['List\n \nof 2021 Winners'],Brochure,0.3428865373134613
download,https://projectwet.georgia.gov/document/document/2020georgiariverofwordswinnerspdf/download,142.6KB,142.5751953125,2020-03-25 15:01:08,"Adang, Jo",,,2020-03-25 15:01:08,Microsoft® Word for Office 365,4,0,2,PDF 1.7,"['https://projectwet.georgia.gov/ga-river-words/ga-river-words-galleries-0#main-content', 'https://projectwet.georgia.gov/ga-river-words/ga-river-words-galleries-0']",['List of 2020 Winners'],Policy,0.3052566945552826
download,https://projectwet.georgia.gov/document/publication/2019-georgia-river-words-winners-listpdf/download,185.5KB,185.53515625,2019-04-26 12:02:04,"Adang, Jo",,,2019-04-26 12:02:04,Microsoft® Word 2010,3,0,5,PDF 1.5,"['https://projectwet.georgia.gov/ga-river-words/ga-river-words-galleries-0#main-content', 'https://projectwet.georgia.gov/ga-river-words/ga-river-words-galleries-0']",['List\n \nof 2019 Winners'],Brochure,0.4050169885158539
Microsoft Word - 2018 ROW Winners.docx,https://projectwet.georgia.gov/document/document/2018-row-winnerspdf/download,58.6KB,58.6455078125,2020-12-29 15:04:08,,,,2020-12-29 15:04:08,macOS Version 10.15.7 (Build 19H2) Quartz PDFContext,4,0,0,PDF 1.3,"['https://projectwet.georgia.gov/ga-river-words/ga-river-words-galleries-0#main-content', 'https://projectwet.georgia.gov/ga-river-words/ga-river-words-galleries-0']",['List\n \nof 2018\xa0Winners'],Form,0.38854315876960754
Microsoft Word - ROW 2017 WINNERS.docx,https://projectwet.georgia.gov/document/document/row-2017-winnerspdf/download,108.8KB,108.7978515625,2020-12-29 15:04:08,,,,2020-12-29 15:04:08,macOS Version 10.15.7 (Build 19H2) Quartz PDFContext,2,0,0,PDF 1.3,"['https://projectwet.georgia.gov/ga-river-words/ga-river-words-galleries-0#main-content', 'https://projectwet.georgia.gov/ga-river-words/ga-river-words-galleries-0']",['List\n \nof 2017 Winners'],Letter,0.25160056352615356
download,https://projectwet.georgia.gov/document/document/list-2016-winners/download,20.8KB,20.8369140625,2016-08-16 12:03:03,"Adang, Jo",,,2016-08-16 12:03:03,Adobe PDF Library 10.0,2,0,0,PDF 1.5,"['https://projectwet.georgia.gov/ga-river-words/ga-river-words-galleries-0#main-content', 'https://projectwet.georgia.gov/ga-river-words/ga-river-words-galleries-0']",['List\n \nof 2016 Winners'],Spreadsheet,0.43125391006469727
download,https://projectwet.georgia.gov/document/document/list-2015-winners/download,23.9KB,23.8671875,2015-08-24 10:05:02,"Adang, Jo",,,2015-08-24 10:05:02,Adobe PDF Library 10.0,2,0,0,PDF 1.5,"['https://projectwet.georgia.gov/ga-river-words/ga-river-words-galleries-0#main-content', 'https://projectwet.georgia.gov/ga-river-words/ga-river-words-galleries-0']",['List\n \nof 2015 Winners'],Spreadsheet,0.34838148951530457
download,https://projectwet.georgia.gov/document/document/list-2014-winners/download,100.9KB,100.90625,2016-07-29 10:01:06,JAdang,,,2016-07-29 10:01:05,Adobe PDF Library 10.0,2,0,0,PDF 1.5,"['https://projectwet.georgia.gov/ga-river-words/ga-river-words-galleries-0#main-content', 'https://projectwet.georgia.gov/ga-river-words/ga-river-words-galleries-0']",['List\n \nof 2014 Winners'],Policy,0.22262725234031677
download,https://projectwet.georgia.gov/document/document/list-2013-winners/download,17.9KB,17.9453125,2013-04-12 11:01:00,JAdang,,,2013-04-12 11:01:00,Microsoft® Word 2010,2,0,0,PDF 1.5,"['https://projectwet.georgia.gov/ga-river-words/ga-river-words-galleries-0#main-content', 'https://projectwet.georgia.gov/ga-river-words/ga-river-words-galleries-0']",['List\n \nof 2013 winners'],Spreadsheet,0.43125391006469727
Percentage of Water,https://projectwet.georgia.gov/document/document/aquabodiesinfo632021pdf/download,106.9KB,106.939453125,2021-06-09 10:01:06,JAdang,,,2021-06-09 10:01:06,Adobe PDF Library 21.1.187,2,1,2,PDF 1.6,"['https://projectwet.georgia.gov/supplementary-materials', 'https://projectwet.georgia.gov/supplementary-materials#main-content']",['The\n \nWater in You and Water Content in Foods\xa0Information'],Policy,0.3972587585449219
A Drop in the Bucket pg 238,https://projectwet.georgia.gov/document/document/drop-bucket-calculation-sheet6921pdf/download,116.4KB,116.3740234375,2021-06-09 10:02:07,JAdang,,,2021-06-09 10:02:07,Adobe PDF Library 21.1.187,1,2,1,PDF 1.6,"['https://projectwet.georgia.gov/supplementary-materials', 'https://projectwet.georgia.gov/supplementary-materials#main-content']",['Calculating\n \nSheet'],Letter,0.21584540605545044
Order Form,https://projectwet.georgia.gov/document/publication/get-ground-water-picture-well-data/download,94.1KB,94.0703125,2016-06-27 13:03:07,Sally Unser,,,2016-06-27 13:03:07,Adobe PDF Library 10.0,4,0,24,PDF 1.5,"['https://projectwet.georgia.gov/supplementary-materials', 'https://projectwet.georgia.gov/supplementary-materials#main-content']",['Well\n \nData'],Form,0.9142812490463257
Arsenic Fact Sheet,https://projectwet.georgia.gov/document/document/gravemistakepacket6921pdf/download,696.8KB,696.814453125,2021-06-09 10:03:08,LChambless,,,2021-06-09 10:03:07,Adobe PDF Library 21.1.187,9,0,5,PDF 1.6,"['https://projectwet.georgia.gov/supplementary-materials', 'https://projectwet.georgia.gov/supplementary-materials#main-content']",['Facts\n \nand Script'],Policy,0.24811428785324097
H2Olympics Scoreboard,https://projectwet.georgia.gov/document/document/h2olympicspacket6921pdf/download,194.3KB,194.298828125,2021-06-09 10:01:01,ASarisky,,,2021-06-09 10:01:01,Adobe PDF Library 21.1.187,4,1,1,PDF 1.6,"['https://projectwet.georgia.gov/supplementary-materials', 'https://projectwet.georgia.gov/supplementary-materials#main-content']",['Score\n \nSheet'],Brochure,0.4693765640258789
download,https://projectwet.georgia.gov/document/publication/incredible-journey-print-files-cubes-and-field-markers/download,15.8MB,16213.4384765625,2016-06-27 13:02:07,,,,2016-06-27 13:02:04,Adobe Acrobat 10.1.16 Image Conversion Plug-in,21,0,21,PDF 1.6,"['https://projectwet.georgia.gov/supplementary-materials', 'https://projectwet.georgia.gov/supplementary-materials#main-content']",['Print\n \nfiles for cubes and field markers'],Slides,0.7208818197250366
download,https://projectwet.georgia.gov/document/publication/invaders-aquatic-invasive-species-booklet/download,3.1MB,3184.33203125,2008-02-12 13:03:04,,,,2008-02-12 06:02:08,Adobe PDF Library 8.0,14,0,54,PDF 1.6,"['https://projectwet.georgia.gov/supplementary-materials', 'https://projectwet.georgia.gov/supplementary-materials#main-content']",['Aquatic\n \nInvasive Species Booklet'],Report,0.33918580412864685
Is There Water on Zork,https://projectwet.georgia.gov/document/document/zorkpacket6921pdf/download,402.4KB,402.41796875,2021-06-09 10:04:08,AStahley,,,2021-06-09 10:04:08,Adobe PDF Library 21.1.187,19,2,3,PDF 1.6,"['https://projectwet.georgia.gov/supplementary-materials', 'https://projectwet.georgia.gov/supplementary-materials#main-content']",['Script\n \nand Information'],Slides,0.2756836414337158
download,https://projectwet.georgia.gov/document/document/zork-master-list6921pdf/download,114.3KB,114.32421875,2021-06-09 09:03:07,BBall,,,2021-06-09 09:03:07,Adobe PDF Library 21.1.187,1,17,1,PDF 1.6,"['https://projectwet.georgia.gov/supplementary-materials', 'https://projectwet.georgia.gov/supplementary-materials#main-content']",['Master\n \nList for Setup'],Brochure,0.28018566966056824
download,https://projectwet.georgia.gov/document/document/macroinvertebrate-descriptions-activity/download,176.7KB,176.6796875,2024-07-10 12:04:06,"Kilpatrick, Monica",,,2024-07-10 12:04:06,Microsoft® Word for Microsoft 365,3,0,7,PDF 1.7,"['https://projectwet.georgia.gov/supplementary-materials', 'https://projectwet.georgia.gov/supplementary-materials#main-content']",['Macro\n \nDescriptions for Activity'],Brochure,0.5262221693992615
download,https://projectwet.georgia.gov/document/publication/macroinvertebrate-mayhem-photos-actual-macroinvertebrates/download,2.2MB,2259.2568359375,2017-08-15 12:02:09,,,,2017-08-15 12:02:07,Adobe Acrobat 10.1.16 Image Conversion Plug-in,8,0,8,PDF 1.6,"['https://projectwet.georgia.gov/supplementary-materials', 'https://projectwet.georgia.gov/supplementary-materials#main-content']",['Photos\n \nof Macroinvertebrates'],Form,0.2655338644981384
Marshmallow Molecules - Atoms & Molecules,https://projectwet.georgia.gov/document/document/marshmallow-molecules6721pdf/download,165.6KB,165.5693359375,2021-06-07 13:04:09,JAdang,,,2021-06-07 13:04:09,Adobe PDF Library 21.1.187,4,0,2,PDF 1.6,"['https://projectwet.georgia.gov/supplementary-materials', 'https://projectwet.georgia.gov/supplementary-materials#main-content']",['How\n \nto make marshmallow molecules'],Brochure,0.5223978161811829
This is a petition demanding strict EPA control or total elimination of the chemical dihydrogen monoxide,https://projectwet.georgia.gov/document/document/dihydrogen-monoxide6321pdf/download,172.6KB,172.599609375,2021-06-09 10:04:06,JAdang,,,2021-06-09 10:04:05,Adobe PDF Library 21.1.187,2,0,0,PDF 1.6,"['https://projectwet.georgia.gov/supplementary-materials', 'https://projectwet.georgia.gov/supplementary-materials#main-content']",['Dihydrogen\n \nmonoxide spoof'],Policy,0.1858467310667038
download,https://projectwet.georgia.gov/document/publication/super-sleuths-water-borne-disease-organism-pictures/download,1.1MB,1128.82421875,2016-06-27 13:01:06,,,,2016-06-27 13:01:04,Adobe Acrobat 10.1.16 Image Conversion Plug-in,7,0,7,PDF 1.6,"['https://projectwet.georgia.gov/supplementary-materials', 'https://projectwet.georgia.gov/supplementary-materials#main-content']",['Water-borne\n \ndisease organism pictures'],Policy,0.22110877931118011
download,https://projectwet.georgia.gov/document/document/projectwet-activies-engineering6921pdf/download,116.2KB,116.205078125,2021-06-09 09:00:05,Theresa Schrum,,,2021-06-09 09:00:05,Adobe PDF Library 21.1.187,3,3,1,PDF 1.6,"['https://projectwet.georgia.gov/supplementary-materials', 'https://projectwet.georgia.gov/supplementary-materials#main-content']",['Project\n \nWET activities involving engineering'],Policy,0.3314644992351532
download,https://projectwet.georgia.gov/document/document/engineering-and-water-6921pdf/download,172.0KB,171.9716796875,2021-06-09 10:05:05,"Adang, Jo",,,2021-06-09 10:05:05,Adobe PDF Library 21.1.187,3,0,7,PDF 1.6,"['https://projectwet.georgia.gov/supplementary-materials', 'https://projectwet.georgia.gov/supplementary-materials#main-content']",['STEM\n \nconnections to Project WET activities'],Brochure,0.5463848114013672
PowerPoint Presentation,https://projectwet.georgia.gov/document/document/creating-stem-units-project-wet6721pdf/download,353.5KB,353.5419921875,2021-06-07 13:02:09,"Adang, Jo",,,2021-06-07 13:02:09,Adobe PDF Library 21.1.187,14,0,7,PDF 1.6,"['https://projectwet.georgia.gov/supplementary-materials', 'https://projectwet.georgia.gov/supplementary-materials#main-content']",['Creating\n \nSTEM units with Project WET'],Slides,0.9952238202095032
download,https://projectwet.georgia.gov/document/document/georgias-watershed-map/download,12.7MB,13033.7236328125,,,,,2014-12-01 10:05:04,Adobe Photoshop for Windows,1,0,1,PDF 1.3,"['https://projectwet.georgia.gov/supplementary-materials', 'https://projectwet.georgia.gov/supplementary-materials#main-content', 'https://projectwet.georgia.gov/urban-watershed-stormwater-educator-guide-links-and-resources', 'https://projectwet.georgia.gov/urban-watershed-stormwater-educator-guide-links-and-resources#main-content']","[""Georgia's\n \nWatershed Map""]",Diagram,0.5976929664611816
download,https://projectwet.georgia.gov/document/document/whats-your-standard/download,848.1KB,848.111328125,2020-08-14 11:05:07,JAdang,,,2020-08-14 11:05:05,Adobe PDF Library 10.0,11,8,18,PDF 1.6,"['https://projectwet.georgia.gov/supplementary-materials', 'https://projectwet.georgia.gov/supplementary-materials#main-content', 'https://projectwet.georgia.gov/urban-watershed-stormwater-educator-guide-links-and-resources', 'https://projectwet.georgia.gov/urban-watershed-stormwater-educator-guide-links-and-resources#main-content']","[""What's\n \nYour Standard Activity""]",Brochure,0.22034762799739838
download,https://projectwet.georgia.gov/document/document/stormwater-extensions2021pdf/download,767.3KB,767.255859375,2021-06-18 09:01:04,JAdang,,,2014-11-14 09:02:00,Microsoft® Word 2010,11,0,3,PDF 1.6,"['https://projectwet.georgia.gov/supplementary-materials', 'https://projectwet.georgia.gov/supplementary-materials#main-content', 'https://projectwet.georgia.gov/urban-watershed-stormwater-educator-guide-links-and-resources', 'https://projectwet.georgia.gov/urban-watershed-stormwater-educator-guide-links-and-resources#main-content']",['Project\n \nWET Stormwater Extensions'],Policy,0.21738511323928833
download,https://projectwet.georgia.gov/document/document/climate-change-online-resources/download,102.6KB,102.603515625,2022-09-26 11:03:06,"Kilpatrick, Monica",,,2022-09-26 11:03:06,Microsoft® Word for Microsoft 365,2,0,0,PDF 1.7,"['https://projectwet.georgia.gov/supplementary-materials', 'https://projectwet.georgia.gov/supplementary-materials#main-content']",['Document'],Letter,0.24012377858161926
download,https://projectwet.georgia.gov/document/document/supplement-glfw2021pdf/download,917.1KB,917.12890625,2021-06-09 12:02:04,"Adang, Jo",,,2017-09-20 10:05:04,Adobe PDF Library 10.0,14,4,30,PDF 1.6,"['https://projectwet.georgia.gov/supplementary-materials', 'https://projectwet.georgia.gov/supplementary-materials#main-content']",['Download'],Report,0.30738699436187744
download,https://projectwet.georgia.gov/document/document/elguidelinesgeorgia2021pdf/download,1.8MB,1799.2978515625,2021-06-09 13:00:02,John Brady,,,2016-01-20 09:00:04,Adobe PDF Library 10.0,18,0,13,PDF 1.6,"['https://projectwet.georgia.gov/supplementary-materials/additional-resources', 'https://projectwet.georgia.gov/supplementary-materials/additional-resources#main-content']",['Download'],Slides,0.5696259140968323
download,https://projectwet.georgia.gov/document/document/enviroscapescripts6321pdf/download,203.6KB,203.58203125,2021-06-09 13:01:09,Madison Griffin,,,2021-06-09 13:01:09,Adobe PDF Library 21.1.187,9,0,5,PDF 1.6,"['https://projectwet.georgia.gov/supplementary-materials/additional-resources', 'https://projectwet.georgia.gov/supplementary-materials/additional-resources#main-content']",['Download'],Policy,0.35777944326400757
14riverbasins_ll.mxd,https://projectwet.georgia.gov/document/publication/map-georgia-river-basins/download,1.5MB,1527.666015625,2006-07-25 15:01:08,lwestin,,,2006-07-25 15:01:08,Acrobat Distiller 5.0.5 (Windows),1,0,0,PDF 1.3,"['https://projectwet.georgia.gov/supplementary-materials/additional-resources', 'https://projectwet.georgia.gov/supplementary-materials/additional-resources#main-content']",['Download'],Diagram,0.5369881391525269
download,https://projectwet.georgia.gov/document/document/songbookupdate2021pdf/download,875.3KB,875.3447265625,2021-06-24 12:02:01,"Adang, Jo",,,2016-06-27 12:03:02,Microsoft® Publisher 2010,12,1,3,PDF 1.6,"['https://projectwet.georgia.gov/supplementary-materials/additional-resources', 'https://projectwet.georgia.gov/supplementary-materials/additional-resources#main-content']",['Download'],Report,0.2840757668018341
download,https://projectwet.georgia.gov/document/publication/song-water-monitoring-12-dips-monitoring/download,12.3KB,12.263671875,2017-11-15 12:04:04,,,,2017-11-15 12:04:04,Adobe PDF Library 10.0,1,0,0,PDF 1.5,"['https://projectwet.georgia.gov/supplementary-materials/additional-resources', 'https://projectwet.georgia.gov/supplementary-materials/additional-resources#main-content']",['Download'],Spreadsheet,0.35702553391456604
WETLANDS IN GEORGIA,https://projectwet.georgia.gov/document/publication/wetlands-information-booklet/download,505.1KB,505.1279296875,2016-08-05 09:05:09,DNRUser,,,2016-08-05 09:05:09,Adobe PDF Library 10.0,4,0,1,PDF 1.5,"['https://projectwet.georgia.gov/supplementary-materials/additional-resources', 'https://projectwet.georgia.gov/supplementary-materials/additional-resources#main-content']",['Download'],Brochure,0.732793927192688
download,https://projectwet.georgia.gov/document/document/project-wet-award-recipients-2001-2021/download,83.2KB,83.244140625,2024-07-08 16:04:01,"Davis, Lacey",,,2022-11-23 12:02:08,Microsoft® Word for Microsoft 365,2,0,0,PDF 1.7,"['https://projectwet.georgia.gov/project-wet-award-nominations/award-recipients', 'https://projectwet.georgia.gov/project-wet-award-nominations/award-recipients#main-content']",['here'],Procurement,0.2197883576154709
download,https://projectwet.georgia.gov/document/document/environmentaltechniqueswetandplt05303125-1pdf/download,58.5KB,58.5234375,2025-04-29 13:04:08,"Hightower, Jerry",,,2025-04-29 13:04:08,Adobe PDF Library 25.1.250,3,0,0,PDF 1.6,"['https://projectwet.georgia.gov/events/2025-05-30/environmental-education-techniques-strategies-2025', 'https://projectwet.georgia.gov/events/2025-05-30/environmental-education-techniques-strategies-2025#main-content']",['Registration\n \nForm'],Form,0.8895673155784607
download,https://projectwet.georgia.gov/document/document/classroom-tools/download,116.6KB,116.62890625,2014-12-19 12:04:05,"Adang, Jo",,,2014-12-19 12:02:06,Adobe PDF Library 10.0,1,0,1,PDF 1.6,"['https://projectwet.georgia.gov/ga-project-wet-toolbox#main-content', 'https://projectwet.georgia.gov/ga-project-wet-toolbox']",['Classroom\xa0Tools'],Letter,0.17913520336151123
download,https://projectwet.georgia.gov/document/teacher-information/elguidelinesgeorgiapdf/download,1.8MB,1842.1904296875,2016-01-20 09:00:04,John Brady,,,2016-01-20 09:00:04,Adobe PDF Library 10.0,18,0,13,PDF 1.5,"['https://projectwet.georgia.gov/ga-project-wet-toolbox#main-content', 'https://projectwet.georgia.gov/ga-project-wet-toolbox']",['Environmental\xa0Literacy Guidelines'],Slides,0.5083383321762085
download,https://projectwet.georgia.gov/document/document/stem-creating-stem-units-project-wet/download,470.5KB,470.5234375,2017-01-27 11:00:00,"Adang, Jo",,,2017-01-27 11:00:00,Adobe PDF Library 10.0,11,1,3,PDF 1.5,"['https://projectwet.georgia.gov/ga-project-wet-toolbox#main-content', 'https://projectwet.georgia.gov/ga-project-wet-toolbox']",['STEM:\xa0Creating STEM Units with Project WET'],Report,0.2257251888513565
download,https://projectwet.georgia.gov/document/newsletter/virtual-water-2018/download,2.2MB,2243.9912109375,2018-01-24 16:02:07,,,,2018-01-24 16:02:07,Skia/PDF m63,10,0,27,PDF 1.4,"['https://projectwet.georgia.gov/past-dragonfly-gazette-newsletters#main-content', 'https://projectwet.georgia.gov/past-dragonfly-gazette-newsletters']","['Virtual\xa0Water, 2018']",Report,0.27074867486953735
download,https://projectwet.georgia.gov/document/newsletter/what-frack-fall-2017/download,2.3MB,2325.3544921875,2017-08-15 16:03:07,,,,2017-08-15 16:03:07,Skia/PDF m60,8,9,21,PDF 1.4,"['https://projectwet.georgia.gov/past-dragonfly-gazette-newsletters#main-content', 'https://projectwet.georgia.gov/past-dragonfly-gazette-newsletters']",['What\xa0the Frack! Fall 2017'],Slides,0.24910038709640503
download,https://projectwet.georgia.gov/document/newsletter/lake-effect-spring-2017/download,2.2MB,2272.3076171875,2017-04-18 13:00:04,,,,2017-04-18 13:00:04,Skia/PDF m57,8,9,21,PDF 1.4,"['https://projectwet.georgia.gov/past-dragonfly-gazette-newsletters#main-content', 'https://projectwet.georgia.gov/past-dragonfly-gazette-newsletters']",['The\xa0Lake Effect - Spring 2017'],Slides,0.24910038709640503
download,https://projectwet.georgia.gov/document/newsletter/big-changes-river-words-fall-2016/download,5.8MB,5983.314453125,2016-08-23 13:05:03,,,,2016-08-23 17:04:05,Skia/PDF m52,9,0,23,PDF 1.6,"['https://projectwet.georgia.gov/past-dragonfly-gazette-newsletters#main-content', 'https://projectwet.georgia.gov/past-dragonfly-gazette-newsletters']",['Big\xa0changes to River of Words - Fall 2016'],Slides,0.389679491519928
download,https://projectwet.georgia.gov/document/newsletter/environmental-literacy-and-essa-spring-2016/download,5.5MB,5682.0419921875,2016-01-20 14:03:09,,,,2016-01-20 14:03:09,Skia/PDF,9,1,22,PDF 1.4,"['https://projectwet.georgia.gov/past-dragonfly-gazette-newsletters#main-content', 'https://projectwet.georgia.gov/past-dragonfly-gazette-newsletters']",['Environmental\xa0Literacy and ESSA - Spring 2016'],Report,0.24569660425186157
download,https://projectwet.georgia.gov/document/newsletter/urban-watershed-stormwater-ed-2015/download,23.0MB,23595.8369140625,2022-06-13 13:03:00,JAdang,,,2016-09-27 12:02:01,Adobe PDF Library 10.0,155,46,331,PDF 1.6,"['https://projectwet.georgia.gov/past-dragonfly-gazette-newsletters#main-content', 'https://projectwet.georgia.gov/past-dragonfly-gazette-newsletters']",['The\xa0Urban Watershed - Stormwater Edition'],Report,0.9598143100738525
download,https://projectwet.georgia.gov/document/newsletter/climate-change-2014/download,7.2MB,7403.1845703125,,,,,,,9,10,13,PDF 1.4,"['https://projectwet.georgia.gov/past-dragonfly-gazette-newsletters#main-content', 'https://projectwet.georgia.gov/past-dragonfly-gazette-newsletters']","['Climate\xa0Change, 2014']",Report,0.2830561101436615
Fall 2013 Dragonfly Gazette,https://projectwet.georgia.gov/document/newsletter/pathway-sea-2013/download,2.4MB,2498.1025390625,2013-09-08 12:03:04,Jo Adang,,,2013-09-08 12:03:04,Mac OS X 10.8.4 Quartz PDFContext,10,11,17,PDF 1.4,"['https://projectwet.georgia.gov/past-dragonfly-gazette-newsletters#main-content', 'https://projectwet.georgia.gov/past-dragonfly-gazette-newsletters']","['Pathway\xa0to the Sea, 2013']",Slides,0.46182307600975037
download,https://projectwet.georgia.gov/document/newsletter/water-borne-diseases-2013/download,537.6KB,537.5615234375,2013-05-08 11:04:02,JAdang,,,2013-05-08 11:04:02,Microsoft® Word 2010,11,20,14,PDF 1.5,"['https://projectwet.georgia.gov/past-dragonfly-gazette-newsletters#main-content', 'https://projectwet.georgia.gov/past-dragonfly-gazette-newsletters']","['Water-borne\xa0Diseases, 2013']",Report,0.2626764476299286
GA Project WET Dragonfly Gazette,https://projectwet.georgia.gov/document/newsletter/extreme-weather-2013/download,2.0MB,2028.2060546875,2013-03-06 12:03:00,JAdang,,,2013-03-06 12:03:00,GPL Ghostscript 8.15,10,11,25,PDF 1.4,"['https://projectwet.georgia.gov/past-dragonfly-gazette-newsletters#main-content', 'https://projectwet.georgia.gov/past-dragonfly-gazette-newsletters']","['Extreme\xa0Weather, 2013']",Report,0.2641528248786926
Dragonfly Gazette Fall 2012 - Wetlands,https://projectwet.georgia.gov/document/newsletter/wetlands-2012/download,645.6KB,645.6435546875,2012-09-19 16:00:01,,,,2012-09-19 15:05:02,Acrobat Web Capture 10.0,9,11,16,PDF 1.6,"['https://projectwet.georgia.gov/past-dragonfly-gazette-newsletters#main-content', 'https://projectwet.georgia.gov/past-dragonfly-gazette-newsletters']","['Wetlands,\xa02012']",Policy,0.2324727475643158
Microsoft Word - Spring2011.doc,https://projectwet.georgia.gov/document/newsletter/pharmaceuticals-and-personal-care-products-2011/download,352.8KB,352.775390625,2011-07-18 12:00:08,JAdang,,,2011-07-18 12:00:08,GPL Ghostscript 8.15,4,2,7,PDF 1.4,"['https://projectwet.georgia.gov/past-dragonfly-gazette-newsletters#main-content', 'https://projectwet.georgia.gov/past-dragonfly-gazette-newsletters']","['Pharmaceuticals\xa0and Personal Care Products, 2011']",Brochure,0.2891466021537781
Microsoft Word - DFG Fall 10.doc,https://projectwet.georgia.gov/document/newsletter/gulf-oil-spill-2010/download,399.3KB,399.263671875,2010-09-08 16:01:00,JAdang,,,2010-09-08 16:01:00,GPL Ghostscript 8.15,5,0,7,PDF 1.4,"['https://projectwet.georgia.gov/past-dragonfly-gazette-newsletters#main-content', 'https://projectwet.georgia.gov/past-dragonfly-gazette-newsletters']","['The\xa0Gulf Oil Spill, 2010']",Form,0.45904064178466797
download,https://projectwet.georgia.gov/document/newsletter/petey-giroux-2009/download,1.3MB,1329.326171875,2009-02-26 14:01:04,,,,2009-02-26 14:01:04,Adobe PDF Library 7.0,11,2,11,PDF 1.4,"['https://projectwet.georgia.gov/past-dragonfly-gazette-newsletters#main-content', 'https://projectwet.georgia.gov/past-dragonfly-gazette-newsletters']","['Petey\xa0Giroux, 2009']",Report,0.27601197361946106
Dragonfly Gazette 1,https://projectwet.georgia.gov/document/newsletter/drought-part-2007/download,2.2MB,2271.982421875,2007-09-19 12:00:01,,,,2007-09-19 12:00:01,Adobe PDF library 7.77,7,1,5,PDF 1.6,"['https://projectwet.georgia.gov/past-dragonfly-gazette-newsletters#main-content', 'https://projectwet.georgia.gov/past-dragonfly-gazette-newsletters']","['Drought,\xa0part A, 2007']",Slides,0.2641720175743103
Dragonfly Gazette 1,https://projectwet.georgia.gov/document/newsletter/drought-part-b-2007/download,6.4MB,6526.80078125,2007-09-19 12:00:01,,,,2007-09-19 12:00:01,Adobe PDF library 7.77,6,0,12,PDF 1.6,"['https://projectwet.georgia.gov/past-dragonfly-gazette-newsletters#main-content', 'https://projectwet.georgia.gov/past-dragonfly-gazette-newsletters']","['Drought,\xa0part B, 2007']",Brochure,0.20194101333618164
Dragonfly Gazette 1,https://projectwet.georgia.gov/document/newsletter/drought-student-page-2007/download,141.2KB,141.234375,2007-09-19 12:00:01,,,,2007-09-19 12:00:01,Adobe PDF library 7.77,1,0,2,PDF 1.6,"['https://projectwet.georgia.gov/past-dragonfly-gazette-newsletters#main-content', 'https://projectwet.georgia.gov/past-dragonfly-gazette-newsletters']","['Drought\xa0Student Page, 2007']",Diagram,0.4524700939655304
download,https://projectwet.georgia.gov/document/newsletter/ocean-studies-2006/download,9.7MB,9902.9267578125,2006-08-03 13:01:05,,,,2006-08-03 13:01:09,Creo Normalizer JTP,12,0,7,PDF 1.3,"['https://projectwet.georgia.gov/past-dragonfly-gazette-newsletters#main-content', 'https://projectwet.georgia.gov/past-dragonfly-gazette-newsletters']","['Ocean\xa0Studies, 2006']",Report,0.3926713168621063
download,https://projectwet.georgia.gov/document/newsletter/coastal-ecosystems-2006/download,118.2KB,118.1708984375,2006-08-03 13:01:05,,,,2006-08-03 13:02:00,Creo Normalizer JTP,2,2,0,PDF 1.3,"['https://projectwet.georgia.gov/past-dragonfly-gazette-newsletters#main-content', 'https://projectwet.georgia.gov/past-dragonfly-gazette-newsletters']","['Coastal\xa0Ecosystems, 2006']",Letter,0.24088521301746368
download,https://projectwet.georgia.gov/document/newsletter/farm-2006/download,20.8MB,21261.0869140625,2006-08-04 16:00:00,,,,2006-08-04 11:01:00,Creo Normalizer JTP,12,0,12,PDF 1.3,"['https://projectwet.georgia.gov/past-dragonfly-gazette-newsletters#main-content', 'https://projectwet.georgia.gov/past-dragonfly-gazette-newsletters']","['On\xa0the Farm, 2006']",Report,0.570261538028717
download,https://projectwet.georgia.gov/document/newsletter/farm-student-page-2006/download,532.5KB,532.47265625,2006-08-04 11:01:01,,,,2006-08-04 11:01:01,Creo Normalizer JTP,2,0,0,PDF 1.3,"['https://projectwet.georgia.gov/past-dragonfly-gazette-newsletters#main-content', 'https://projectwet.georgia.gov/past-dragonfly-gazette-newsletters']","['Farm\xa0Student Page, 2006']",Brochure,0.7468794584274292
download,https://projectwet.georgia.gov/document/newsletter/city-atlanta-mayor-2005/download,3.1MB,3180.3486328125,2006-08-04 13:04:05,,,,2006-08-04 13:04:08,Creo Normalizer JTP,12,4,13,PDF 1.3,"['https://projectwet.georgia.gov/past-dragonfly-gazette-newsletters#main-content', 'https://projectwet.georgia.gov/past-dragonfly-gazette-newsletters']","['City\xa0of Atlanta Mayor, 2005']",Report,0.3054974675178528
download,https://projectwet.georgia.gov/document/newsletter/just-pipe-it-worksheet-2005/download,74.4KB,74.39453125,2006-08-04 13:04:06,,,,2006-08-04 13:04:09,Creo Normalizer JTP,2,0,0,PDF 1.3,"['https://projectwet.georgia.gov/past-dragonfly-gazette-newsletters#main-content', 'https://projectwet.georgia.gov/past-dragonfly-gazette-newsletters']","['Just\xa0Pipe it Up Worksheet, 2005']",Policy,0.2402028739452362
download,https://projectwet.georgia.gov/document/newsletter/conserve-water-2004/download,8.8MB,9029.7216796875,2006-08-07 11:00:08,,,,2006-08-07 11:00:02,Creo Normalizer JTP,8,0,12,PDF 1.3,"['https://projectwet.georgia.gov/past-dragonfly-gazette-newsletters#main-content', 'https://projectwet.georgia.gov/past-dragonfly-gazette-newsletters']","['Conserve\xa0Water, 2004']",Report,0.2303280085325241
download,https://projectwet.georgia.gov/document/newsletter/conserve-water-student-page-2004/download,212.9KB,212.85546875,2006-08-07 11:00:08,,,,2006-08-07 11:00:07,Creo Normalizer JTP,4,8,0,PDF 1.3,"['https://projectwet.georgia.gov/past-dragonfly-gazette-newsletters#main-content', 'https://projectwet.georgia.gov/past-dragonfly-gazette-newsletters']","['Conserve\xa0Water Student Page, 2004']",Brochure,0.5235766768455505
download,https://projectwet.georgia.gov/document/newsletter/dr-carol-couch-epd-division-director-2004/download,3.9MB,3960.984375,2006-08-07 11:04:00,,,,2006-08-07 11:04:05,Creo Normalizer JTP,12,15,10,PDF 1.3,"['https://projectwet.georgia.gov/past-dragonfly-gazette-newsletters#main-content', 'https://projectwet.georgia.gov/past-dragonfly-gazette-newsletters']","['Dr\xa0Carol Couch, EPD Division Director, 2004']",Report,0.3682158887386322
download,https://projectwet.georgia.gov/document/newsletter/meet-mr-frog-2003/download,2.7MB,2775.5185546875,2006-08-07 11:04:05,,,,2006-08-07 11:05:00,Creo Normalizer JTP,12,1,13,PDF 1.3,"['https://projectwet.georgia.gov/past-dragonfly-gazette-newsletters#main-content', 'https://projectwet.georgia.gov/past-dragonfly-gazette-newsletters']","['Meet\xa0Mr. Frog, 2003']",Report,0.33810535073280334
download,https://projectwet.georgia.gov/document/newsletter/river-words-2003/download,11.1MB,11367.83203125,2006-08-07 11:05:03,,,,2006-08-07 11:05:05,Creo Normalizer JTP,12,0,18,PDF 1.4,"['https://projectwet.georgia.gov/past-dragonfly-gazette-newsletters#main-content', 'https://projectwet.georgia.gov/past-dragonfly-gazette-newsletters']","['River\xa0of Words, 2003']",Report,0.41241341829299927
download,https://projectwet.georgia.gov/document/newsletter/saving-education-through-environment-2002/download,4.9MB,5020.02734375,2006-08-07 13:03:08,,,,2006-08-07 12:00:06,Creo Normalizer JTP,12,2,21,PDF 1.3,"['https://projectwet.georgia.gov/past-dragonfly-gazette-newsletters#main-content', 'https://projectwet.georgia.gov/past-dragonfly-gazette-newsletters']","['Saving\xa0Education through the Environment, 2002']",Report,0.37411996722221375
download,https://projectwet.georgia.gov/document/newsletter/trips-pond-2002/download,1.5MB,1548.88671875,2006-08-07 13:04:06,,,,2006-08-07 13:04:01,Creo Normalizer JTP,8,0,18,PDF 1.3,"['https://projectwet.georgia.gov/past-dragonfly-gazette-newsletters#main-content', 'https://projectwet.georgia.gov/past-dragonfly-gazette-newsletters']","['Trips\xa0to the Pond, 2002']",Slides,0.4564192593097687
download,https://projectwet.georgia.gov/document/publication/magic-water-instruction-booklet/download,5.4MB,5565.5625,2014-08-18 14:04:09,,,,2014-08-18 14:04:09,Adobe PDF Library 9.0,6,0,6,PDF 1.4,"['https://projectwet.georgia.gov/magic-water#main-content', 'https://projectwet.georgia.gov/magic-water']",['Instruction\n \nBooklet'],Policy,0.19290007650852203
download,https://projectwet.georgia.gov/document/magic/lesson-1-you-can-make-difference-cards/download,2.0MB,2050.162109375,2014-08-12 08:00:07,,,,2014-08-12 08:00:07,Adobe PDF Library 9.0,8,0,8,PDF 1.4,"['https://projectwet.georgia.gov/magic-water#main-content', 'https://projectwet.georgia.gov/magic-water']",['Lesson\n \n1 Cards'],Slides,0.2863787114620209
download,https://projectwet.georgia.gov/document/magic/lesson-2-100-magic-words-cards-white-side/download,5.1MB,5179.3212890625,2014-07-22 11:04:09,,,,2014-07-22 11:04:09,Adobe PDF Library 9.0,11,0,12,PDF 1.4,"['https://projectwet.georgia.gov/magic-water#main-content', 'https://projectwet.georgia.gov/magic-water']",['White\n \nSide'],Report,0.3420986235141754
download,https://projectwet.georgia.gov/document/magic/lesson-2-100-magic-words-cards-blue-side/download,4.8MB,4920.111328125,2014-09-02 10:04:00,,,,2014-09-02 10:04:00,Adobe PDF Library 9.0,11,0,11,PDF 1.4,"['https://projectwet.georgia.gov/magic-water#main-content', 'https://projectwet.georgia.gov/magic-water']",['Blue\n \nSide'],Report,0.3420986235141754
download,https://projectwet.georgia.gov/document/publication/master-list-100-words/download,17.9KB,17.939453125,2014-08-12 10:02:08,"Adang, Jo",,,2014-08-12 10:02:08,Microsoft® Word 2010,4,0,0,PDF 1.5,"['https://projectwet.georgia.gov/magic-water#main-content', 'https://projectwet.georgia.gov/magic-water']",['Master\n \nList'],Spreadsheet,0.3692537248134613
download,https://projectwet.georgia.gov/document/document/project-wet-stormwater-extensions/download,448.5KB,448.5185546875,2014-11-14 09:02:00,JAdang,,,2014-11-14 09:02:00,Microsoft® Word 2010,11,0,2,PDF 1.5,"['https://projectwet.georgia.gov/urban-watershed-stormwater-educator-guide-links-and-resources', 'https://projectwet.georgia.gov/urban-watershed-stormwater-educator-guide-links-and-resources#main-content']",['Project\n \nWET Stormwater Extensions'],Brochure,0.2288472205400467
"Saturday, February 22, 2024 8:30 AM - 4 PM Registration Deadline: November 18, 2024 Charlie Elliott Wildlife Center 543 Elliott Trail Mansfield, GA 30055 $35- Includes workshop materials, activity guides and snacks. Participants will need to bring a",https://projectwet.georgia.gov/document/document/feb-2025-triple-climate-resilience-workshop/download,4.1MB,4213.63671875,2024-12-11 21:00:09,Hannah Penn,,"DAGY0mBxaJc,BAFUrCgri68",2024-12-09 18:01:08,Canva,1,1,5,PDF 1.4,"['https://projectwet.georgia.gov/events/2025-02-22/triple-climate-22225#main-content', 'https://projectwet.georgia.gov/events/2025-02-22/triple-climate-22225']",['Feb\xa02025 Triple Climate Resilience Workshop'],Brochure,0.29506242275238037
18TH ANNUAL TCW WORKSHOP FLYER,https://projectwet.georgia.gov/document/document/2024-teacher-conservation-workshop/download,516.5KB,516.5009765625,2024-02-02 18:02:03,Kassie,,"DAEVkSbArMQ,BAET_J6Rojs",2022-12-14 17:00:06,Canva,1,0,2,PDF 1.6,"['https://projectwet.georgia.gov/events/2024-06-17/teacher-conservation-workshop#main-content', 'https://projectwet.georgia.gov/events/2024-06-17/teacher-conservation-workshop']",['2024\xa0Teacher Conservation Workshop'],Flyer,0.6096721291542053
2024 Climate Resilience Training,https://projectwet.georgia.gov/document/document/41724-climate-workshop/download,3.5MB,3580.9228515625,2024-02-15 14:03:09,Kasey Bozeman,,"DAF7fGW3IJ4,BABo3_7Ziug",2024-02-15 02:02:04,Canva,1,0,4,PDF 1.4,"['https://projectwet.georgia.gov/events/2024-04-17/climate-wkshp', 'https://projectwet.georgia.gov/events/2024-04-17/climate-wkshp#main-content']",['4.17.24\xa0Climate Workshop'],Flyer,0.3037952184677124
2024 Project WET Training,https://projectwet.georgia.gov/document/document/april-15-2024-project-wet-workshop/download,1.4MB,1428.857421875,2024-02-04 17:01:00,Kasey Bozeman,,"DAF7fGW3IJ4,BABo3_7Ziug",2024-01-31 21:01:03,Canva,1,0,3,PDF 1.6,"['https://projectwet.georgia.gov/events/2024-04-15/project-wet-workshop#main-content', 'https://projectwet.georgia.gov/events/2024-04-15/project-wet-workshop']","['April\xa015, 2024 Project WET workshop']",Brochure,0.2937323749065399
Training Flyers,https://projectwet.georgia.gov/document/document/2024-triple-facilitator-flyerpdf/download,421.4KB,421.4052734375,2023-10-16 15:03:08,Monica Kilpatrick,,"DAFZLd4QnlM,BAFUrCgri68",2023-10-16 16:00:03,Canva,2,0,3,PDF 1.4,"['https://projectwet.georgia.gov/events/2024-01-26/triple-facil-wkshp', 'https://projectwet.georgia.gov/events/2024-01-26/triple-facil-wkshp#main-content']","['2024\xa0Triple Facilitator flyer.pdf', 'Workshop\n \nInformation']",Brochure,0.7289500832557678
Training Flyers,https://projectwet.georgia.gov/document/document/12223-triple-early-childhood-flyerpdf/download,1.4MB,1475.7607421875,2023-09-06 12:05:09,Monica Kilpatrick,,"DAFZLd4QnlM,BAFUrCgri68",2023-09-06 12:05:09,Canva,1,1,9,PDF 1.4,"['https://projectwet.georgia.gov/events/2023-12-02/early-childhood-wkshp#main-content', 'https://projectwet.georgia.gov/events/2023-12-02/early-childhood-wkshp']",['12.2.23\xa0Triple Early Childhood Flyer.pdf'],Diagram,0.5234470367431641
download,https://projectwet.georgia.gov/document/document/workshop-detailsoct-14-2023pdf/download,253.2KB,253.236328125,2023-08-30 17:05:03,Luke Aaron Pangle,,,2023-08-30 17:05:03,Adobe PDF Library 23.3.60,1,0,0,PDF 1.6,"['https://projectwet.georgia.gov/events/2023-10-14/wet-climate-and-health#main-content', 'https://projectwet.georgia.gov/events/2023-10-14/wet-climate-and-health']","['Workshop\xa0details_Oct 14, 2023.pdf']",Diagram,0.33633288741111755
"Oct 14, 2023 Climate and Health Informational Flyer",https://projectwet.georgia.gov/document/document/gsu-october-232pdf/download,173.8KB,173.7998046875,2023-08-23 21:05:01,Anna Consolazio,,"DAFp2lGYGQk,BAFUrCgri68",2023-08-23 21:05:01,Canva,1,0,10,PDF 1.4,"['https://projectwet.georgia.gov/events/2023-10-14/wet-climate-and-health#main-content', 'https://projectwet.georgia.gov/events/2023-10-14/wet-climate-and-health']",['GSU\xa0October 23_2.pdf'],Flyer,0.9004573225975037
Training Flyers,https://projectwet.georgia.gov/document/document/getting-little-feet-workshop-may-2023/download,636.6KB,636.5859375,2023-05-02 17:05:04,Monica Kilpatrick,,"DAFZLd4QnlM,BAFUrCgri68",2023-05-02 02:01:09,Canva,1,0,9,PDF 1.6,"['https://projectwet.georgia.gov/events/2023-05-20/free-getting-little-feet-wet-training#main-content', 'https://projectwet.georgia.gov/events/2023-05-20/free-getting-little-feet-wet-training']",['Getting\xa0Little Feet Workshop May 2023'],Diagram,0.8218798637390137
"2023 Early Triple Project WET, WILD, and Learning Tree Training",https://projectwet.georgia.gov/document/document/georgia-4h-2023-early-childhood-workshop/download,1.6MB,1604.01953125,2023-02-10 17:01:04,Kasey Bozeman,,"DAFZziQSmrI,BABo3_7Ziug",2023-02-06 15:02:06,Canva,1,0,4,PDF 1.4,"['https://projectwet.georgia.gov/events/2023-04-12/early-childhood-workshop-wet-wild-and-plt', 'https://projectwet.georgia.gov/events/2023-04-12/early-childhood-workshop-wet-wild-and-plt#main-content']",['Georgia\xa04H 2023 Early Childhood Workshop'],Brochure,0.31786102056503296
3.30.23 Facilitator Training,https://projectwet.georgia.gov/document/document/33023-facilitator-trainingpdf/download,843.0KB,843.0283203125,,Monica Kilpatrick,,"DAFZLd4QnlM,BAFUrCgri68",2023-02-02 03:00:05,Canva,1,0,5,PDF 1.4,"['https://projectwet.georgia.gov/events/2023-03-30/facilitator-workshop', 'https://projectwet.georgia.gov/events/2023-03-30/facilitator-workshop#main-content']",['3.30.23\xa0Facilitator Training.pdf'],Diagram,0.820259690284729
download,https://projectwet.georgia.gov/document/document/triple-ec-flyer-flyer11192022pdf/download,346.2KB,346.2421875,2022-08-23 12:04:02,Chelsea York,,,2022-08-23 09:02:05,Adobe PDF Library 15.0,1,0,12,PDF 1.5,"['https://projectwet.georgia.gov/events/2022-11-19/triple-early-ed-workshop#main-content', 'https://projectwet.georgia.gov/events/2022-11-19/triple-early-ed-workshop']",['Triple\xa0EC Flyer Flyer_11.19.2022.pdf'],Diagram,0.7754294276237488
WET 10-8 flyer,https://projectwet.georgia.gov/document/document/abac-wet-10-8-flyerpdf/download,692.7KB,692.705078125,2022-09-14 11:01:02,GMA Staff,,"DAE7Kaq792k,BADmm67AdtU",2022-09-13 14:04:02,Canva,1,0,3,PDF 1.4,"['https://projectwet.georgia.gov/events/2022-10-08/project-wet-workshop#main-content', 'https://projectwet.georgia.gov/events/2022-10-08/project-wet-workshop']",['ABAC\xa0WET 10-8 flyer.pdf'],Flyer,0.6202138066291809
download,https://projectwet.georgia.gov/document/document/2020tcwapplication01292020pdf/download,161.6KB,161.58203125,2020-01-30 16:04:02,Carla Rapp,,,2020-01-29 16:03:01,Adobe PDF Library 15.0,2,0,1,PDF 1.6,"['https://projectwet.georgia.gov/events/2020-06-15/2020-tcw#main-content', 'https://projectwet.georgia.gov/events/2020-06-15/2020-tcw']",['2020_tcw_application_01.29.2020.pdf'],Form,0.701008677482605
